-- phpMyAdmin SQL Dump
-- version 5.0.4
-- https://www.phpmyadmin.net/
--
-- Host: 127.0.0.1
-- Generation Time: Jun 16, 2021 at 11:00 AM
-- Server version: 8.0.22
-- PHP Version: 8.0.0

SET SQL_MODE = "NO_AUTO_VALUE_ON_ZERO";
START TRANSACTION;
SET time_zone = "+00:00";


/*!40101 SET @OLD_CHARACTER_SET_CLIENT=@@CHARACTER_SET_CLIENT */;
/*!40101 SET @OLD_CHARACTER_SET_RESULTS=@@CHARACTER_SET_RESULTS */;
/*!40101 SET @OLD_COLLATION_CONNECTION=@@COLLATION_CONNECTION */;
/*!40101 SET NAMES utf8mb4 */;

--
-- Database: `farmdb`
--

-- --------------------------------------------------------

--
-- Table structure for table `access`
--

CREATE TABLE `access` (
  `accessID` int NOT NULL,
  `accessName` varchar(20) CHARACTER SET utf8 COLLATE utf8_unicode_ci NOT NULL
) ENGINE=InnoDB DEFAULT CHARSET=utf8 COLLATE=utf8_unicode_ci;

--
-- Dumping data for table `access`
--

INSERT INTO `access` (`accessID`, `accessName`) VALUES
(101, 'ส่วนตัว'),
(102, 'เฉพาะกลุ่ม'),
(103, 'สาธารณะ');

-- --------------------------------------------------------

--
-- Table structure for table `active`
--

CREATE TABLE `active` (
  `activeID` int NOT NULL,
  `activeName` varchar(100) CHARACTER SET utf8 COLLATE utf8_unicode_ci NOT NULL
) ENGINE=InnoDB DEFAULT CHARSET=utf8 COLLATE=utf8_unicode_ci;

--
-- Dumping data for table `active`
--

INSERT INTO `active` (`activeID`, `activeName`) VALUES
(100, 'Yes'),
(200, 'No');

-- --------------------------------------------------------

--
-- Table structure for table `activity`
--

CREATE TABLE `activity` (
  `ID` int NOT NULL,
  `stepNum` int DEFAULT NULL,
  `stepName` varchar(255) CHARACTER SET utf8 COLLATE utf8_unicode_ci NOT NULL,
  `age` int NOT NULL,
  `time` int NOT NULL,
  `activity` varchar(255) CHARACTER SET utf8 COLLATE utf8_unicode_ci DEFAULT NULL,
  `notice` varchar(255) CHARACTER SET utf8 COLLATE utf8_unicode_ci DEFAULT NULL,
  `plan` int NOT NULL
) ENGINE=InnoDB DEFAULT CHARSET=utf8 COLLATE=utf8_unicode_ci;

--
-- Dumping data for table `activity`
--

INSERT INTO `activity` (`ID`, `stepNum`, `stepName`, `age`, `time`, `activity`, `notice`, `plan`) VALUES
(1, 1, 'การปลูก', 2, 3, '1.ไถดินปรับพื้นที่เตรียมปลูก', '1. พบเพลี้ยไฟ/ไรแดง/เพลี้ยแป้ง\r\n2. พบโรคใบด่างมันสำปะหลัง', 2),
(2, 2, 'กำจัดวัชพืช ครั้งที่1', 30, 3, '1. กำจัดวัชพืช', '1. พบเพลี้ยไฟ/ไรแดง/เพลี้ยแป้ง\r\n2. พบโรคใบด่างมันสำปะหลัง', 2),
(3, 1, 'เตรียมดิน', 0, 3, '1. ไถดินปรับพื้นที่เตรียมปลูก', '1. พบเพลี้ยไฟ/ไรแดง/เพลี้ยแป้ง\r\n2. พบโรคใบด่างมันสำปะหลัง', 3);

-- --------------------------------------------------------

--
-- Table structure for table `ampher`
--

CREATE TABLE `ampher` (
  `ampherID` int NOT NULL,
  `ampherName` varchar(100) CHARACTER SET utf8 COLLATE utf8_unicode_ci NOT NULL,
  `proID` int NOT NULL
) ENGINE=InnoDB DEFAULT CHARSET=utf8 COLLATE=utf8_unicode_ci;

--
-- Dumping data for table `ampher`
--

INSERT INTO `ampher` (`ampherID`, `ampherName`, `proID`) VALUES
(1, 'เมืองกระบี่', 1),
(2, 'เขาพนม', 1),
(3, 'เกาะลันตา', 1),
(4, 'คลองท่อม', 1),
(5, 'อ่าวลึก', 1),
(6, 'ปลายพระยา', 1),
(7, 'ลำทับ', 1),
(8, 'เหนือคลอง', 1),
(9, 'เขตพระนคร', 2),
(10, 'เขตดุสิต', 2),
(11, 'เขตหนองจอก', 2),
(12, 'เขตบางรัก', 2),
(13, 'เขตบางเขน', 2),
(14, 'เขตบางกะปิ', 2),
(15, 'เขตปทุมวัน', 2),
(16, 'เขตป้อมปราบศัตรูพ่าย', 2),
(17, 'เขตพระโขนง', 2),
(18, 'เขตมีนบุรี', 2),
(19, 'เขตลาดกระบัง', 2),
(20, 'เขตยานนาวา', 2),
(21, 'เขตสัมพันธวงศ์', 2),
(22, 'เขตพญาไท', 2),
(23, 'เขตธนบุรี', 2),
(24, 'เขตบางกอกใหญ่', 2),
(25, 'เขตห้วยขวาง', 2),
(26, 'เขตคลองสาน', 2),
(27, 'เขตตลิ่งชัน', 2),
(28, 'เขตบางกอกน้อย', 2),
(29, 'เขตบางขุนเทียน', 2),
(30, 'เขตภาษีเจริญ', 2),
(31, 'เขตหนองแขม', 2),
(32, 'เขตราษฎร์บูรณะ', 2),
(33, 'เขตบางพลัด', 2),
(34, 'เขตดินแดง', 2),
(35, 'เขตบึงกุ่ม', 2),
(36, 'เขตสาทร', 2),
(37, 'เขตบางซื่อ', 2),
(38, 'เขตจตุจักร', 2),
(39, 'เขตบางคอแหลม', 2),
(40, 'เขตประเวศ', 2),
(41, 'เขตคลองเตย', 2),
(42, 'เขตสวนหลวง', 2),
(43, 'เขตจอมทอง', 2),
(44, 'เขตดอนเมือง', 2),
(45, 'เขตราชเทวี', 2),
(46, 'เขตลาดพร้าว', 2),
(47, 'เขตวัฒนา', 2),
(48, 'เขตบางแค', 2),
(49, 'เขตหลักสี่', 2),
(50, 'เขตสายไหม', 2),
(51, 'เขตคันนายาว', 2),
(52, 'เขตสะพานสูง', 2),
(53, 'เขตวังทองหลาง', 2),
(54, 'เขตคลองสามวา', 2),
(55, 'เขตบางนา', 2),
(56, 'เขตทวีวัฒนา', 2),
(57, 'เขตทุ่งครุ', 2),
(58, 'เขตบางบอน', 2),
(59, 'เมืองกาญจนบุรี', 3),
(60, 'ไทรโยค', 3),
(61, 'บ่อพลอย', 3),
(62, 'ศรีสวัสดิ์', 3),
(63, 'ท่ามะกา', 3),
(64, 'ท่าม่วง', 3),
(65, 'ทองผาภูมิ', 3),
(66, 'สังขละบุรี', 3),
(67, 'พนมทวน', 3),
(68, 'เลาขวัญ', 3),
(69, 'ด่านมะขามเตี้ย', 3),
(70, 'หนองปรือ', 3),
(71, 'ห้วยกระเจา', 3),
(72, 'เมืองกาฬสินธุ์', 4),
(73, 'นามน', 4),
(74, 'กมลาไสย', 4),
(75, 'ร่องคำ', 4),
(76, 'กุฉินารายณ์', 4),
(77, 'เขาวง', 4),
(78, 'ยางตลาด', 4),
(79, 'ห้วยเม็ก', 4),
(80, 'สหัสขันธ์', 4),
(81, 'คำม่วง', 4),
(82, 'ท่าคันโท', 4),
(83, 'หนองกุงศรี', 4),
(84, 'สมเด็จ', 4),
(85, 'ห้วยผึ้ง', 4),
(86, 'สามชัย', 4),
(87, 'นาคู', 4),
(88, 'ดอนจาน', 4),
(89, 'ฆ้องชัย', 4),
(90, 'เมืองกำแพงเพชร', 5),
(91, 'ไทรงาม', 5),
(92, 'คลองลาน', 5),
(93, 'ขาณุวรลักษบุรี', 5),
(94, 'คลองขลุง', 5),
(95, 'พรานกระต่าย', 5),
(96, 'ลานกระบือ', 5),
(97, 'ทรายทองวัฒนา', 5),
(98, 'ปางศิลาทอง', 5),
(99, 'บึงสามัคคี', 5),
(100, 'โกสัมพีนคร', 5),
(101, 'เมืองขอนแก่น', 6),
(102, 'บ้านฝาง', 6),
(103, 'พระยืน', 6),
(104, 'หนองเรือ', 6),
(105, 'ชุมแพ', 6),
(106, 'สีชมพู', 6),
(107, 'น้ำพอง', 6),
(108, 'อุบลรัตน์', 6),
(109, 'กระนวน', 6),
(110, 'บ้านไผ่', 6),
(111, 'เปือยน้อย', 6),
(112, 'พล', 6),
(113, 'แวงใหญ่', 6),
(114, 'แวงน้อย', 6),
(115, 'หนองสองห้อง', 6),
(116, 'ภูเวียง', 6),
(117, 'มัญจาคีรี', 6),
(118, 'ชนบท', 6),
(119, 'เขาสวนกวาง', 6),
(120, 'ภูผาม่าน', 6),
(121, 'ซำสูง', 6),
(122, 'โคกโพธิ์ไชย', 6),
(123, 'หนองนาคำ', 6),
(124, 'บ้านแฮด', 6),
(125, 'โนนศิลา', 6),
(126, 'เวียงเก่า', 6),
(127, 'เมืองจันทบุรี', 7),
(128, 'ขลุง', 7),
(129, 'ท่าใหม่', 7),
(130, 'โป่งน้ำร้อน', 7),
(131, 'มะขาม', 7),
(132, 'แหลมสิงห์', 7),
(133, 'สอยดาว', 7),
(134, 'แก่งหางแมว', 7),
(135, 'นายายอาม', 7),
(136, 'เขาคิชฌกูฏ', 7),
(137, 'เมืองฉะเชิงเทรา', 8),
(138, 'บางคล้า', 8),
(139, 'บางน้ำเปรี้ยว', 8),
(140, 'บางปะกง', 8),
(141, 'บ้านโพธิ์', 8),
(142, 'พนมสารคาม', 8),
(143, 'ราชสาส์น', 8),
(144, 'สนามชัยเขต', 8),
(145, 'แปลงยาว', 8),
(146, 'ท่าตะเกียบ', 8),
(147, 'คลองเขื่อน', 8),
(148, 'เมืองชลบุรี', 9),
(149, 'บ้านบึง', 9),
(150, 'หนองใหญ่', 9),
(151, 'บางละมุง', 9),
(152, 'พานทอง', 9),
(153, 'พนัสนิคม', 9),
(154, 'ศรีราชา', 9),
(155, 'เกาะสีชัง', 9),
(156, 'สัตหีบ', 9),
(157, 'บ่อทอง', 9),
(158, 'เกาะจันทร์', 9),
(159, 'เมืองชัยนาท', 10),
(160, 'มโนรมย์', 10),
(161, 'วัดสิงห์', 10),
(162, 'สรรพยา', 10),
(163, 'สรรคบุรี', 10),
(164, 'หันคา', 10),
(165, 'หนองมะโมง', 10),
(166, 'เนินขาม', 10),
(167, 'เมืองชัยภูมิ', 11),
(168, 'บ้านเขว้า', 11),
(169, 'คอนสวรรค์', 10),
(170, 'เกษตรสมบูรณ์', 10),
(171, 'หนองบัวแดง', 10),
(172, 'จัตุรัส', 10),
(173, 'บำเหน็จณรงค์', 10),
(174, 'หนองบัวระเหว', 10),
(175, 'เทพสถิต', 10),
(176, 'ภูเขียว', 10),
(177, 'บ้านแท่น', 10),
(178, 'แก้งคร้อ', 10),
(179, 'คอนสาร', 10),
(180, 'ภักดีชุมพล', 10),
(181, 'เนินสง่า', 10),
(182, 'ซับใหญ่', 11),
(183, 'เมืองชุมพร', 12),
(184, 'ท่าแซะ', 12),
(185, 'ปะทิว', 12),
(186, 'หลังสวน', 12),
(187, 'ละแม', 12),
(188, 'พะโต๊ะ', 12),
(189, 'สวี', 12),
(190, 'ทุ่งตะโก', 12),
(191, 'เมืองเชียงราย', 13),
(192, 'เวียงชัย', 13),
(193, 'เชียงของ', 13),
(194, 'เทิง', 13),
(195, 'พาน', 13),
(196, 'ป่าแดด', 13),
(197, 'แม่จัน', 13),
(198, 'เชียงแสน', 13),
(199, 'แม่สาย', 13),
(200, 'แม่สรวย', 13),
(201, 'เวียงป่าเป้า', 13),
(202, 'พญาเม็งราย', 13),
(203, 'เวียงแก่น', 13),
(204, 'ขุนตาล', 13),
(205, 'แม่ฟ้าหลวง', 13),
(206, 'แม่ลาว', 13),
(207, 'เวียงเชียงรุ้ง', 13),
(208, 'ดอยหลวง', 13),
(209, 'เมืองเชียงใหม่', 14),
(210, 'จอมทอง', 14),
(211, 'แม่แจ่ม', 14),
(212, 'เชียงดาว', 14),
(213, 'ดอยสะเก็ด', 14),
(214, 'แม่แตง', 14),
(215, 'แม่ริม', 14),
(216, 'สะเมิง', 14),
(217, 'ฝาง', 14),
(218, 'แม่อาย', 14),
(219, 'พร้าว', 14),
(220, 'สันป่าตอง', 14),
(221, 'สันกำแพง', 14),
(222, 'สันทราย', 14),
(223, 'หางดง', 14),
(224, 'ฮอด', 14),
(225, 'ดอยเต่า', 14),
(226, 'อมก๋อย', 14),
(227, 'สารภี', 14),
(228, 'เวียงแหง', 14),
(229, 'ไชยปราการ', 14),
(230, 'แม่วาง', 14),
(231, 'แม่ออน', 14),
(232, 'ดอยหล่อ', 14),
(233, 'กัลยาณิวัฒนา', 14),
(234, 'เมืองตรัง', 15),
(235, 'กันตัง', 15),
(236, 'ย่านตาขาว', 15),
(237, 'ปะเหลียน', 15),
(238, 'สิเกา', 15),
(239, 'ห้วยยอด', 15),
(240, 'วังวิเศษ', 15),
(241, 'นาโยง', 15),
(242, 'รัษฎา', 15),
(243, 'หาดสำราญ', 15),
(244, 'เมืองตราด', 16),
(245, 'คลองใหญ่', 16),
(246, 'เขาสมิง', 16),
(247, 'บ่อไร่', 16),
(248, 'แหลมงอบ', 16),
(249, 'เกาะกูด', 16),
(250, 'เกาะช้าง', 16),
(251, 'เมืองตาก', 17),
(252, 'บ้านตาก', 17),
(253, 'สามเงา', 17),
(254, 'แม่ระมาด', 17),
(255, 'ท่าสองยาง', 17),
(256, 'แม่สอด', 17),
(257, 'พบพระ', 17),
(258, 'อุ้มผาง', 17),
(259, 'วังเจ้า', 17),
(260, 'เมืองนครนายก', 18),
(261, 'ปากพลี', 18),
(262, 'บ้านนา', 18),
(263, 'องครักษ์', 18),
(264, 'เมืองนครปฐม', 19),
(265, 'กำแพงแสน', 19),
(266, 'นครชัยศรี', 19),
(267, 'ดอนตูม', 19),
(268, 'บางเลน', 19),
(269, 'สามพราน', 19),
(270, 'พุทธมณฑล', 19),
(271, 'เมืองนครพนม', 20),
(272, 'ปลาปาก', 20),
(273, 'ท่าอุเทน', 20),
(274, 'บ้านแพง', 20),
(275, 'ธาตุพนม', 20),
(276, 'เรณูนคร', 20),
(277, 'นาแก', 20),
(278, 'ศรีสงคราม', 20),
(279, 'นาหว้า', 20),
(280, 'โพนสวรรค์', 20),
(281, 'นาทม', 20),
(282, 'วังยาง', 20),
(283, 'เมืองนครราชสีมา', 21),
(284, 'ครบุรี', 21),
(285, 'เสิงสาง', 21),
(286, 'คง', 21),
(287, 'บ้านเหลื่อม', 21),
(288, 'จักราช', 21),
(289, 'โชคชัย', 21),
(290, 'ด่านขุนทด', 21),
(291, 'โนนไทย', 21),
(292, 'โนนสูง', 21),
(293, 'ขามสะแกแสง', 21),
(294, 'บัวใหญ่', 21),
(295, 'ประทาย', 21),
(296, 'ปักธงชัย', 21),
(297, 'พิมาย', 21),
(298, 'ห้วยแถลง', 21),
(299, 'ชุมพวง', 21),
(300, 'สูงเนิน', 21),
(301, 'ขามทะเลสอ', 21),
(302, 'สีคิ้ว', 21),
(303, 'ปากช่อง', 21),
(304, 'หนองบุญมาก', 21),
(305, 'แก้งสนามนาง', 21),
(306, 'โนนแดง', 21),
(307, 'วังน้ำเขียว', 21),
(308, 'เทพารักษ์', 21),
(309, 'เมืองยาง', 21),
(310, 'พระทองคำ', 21),
(311, 'ลำทะเมนชัย', 21),
(312, 'บัวลาย', 21),
(313, 'สีดา', 21),
(314, 'เฉลิมพระเกียรติ', 21),
(315, 'เมืองนครศรีธรรมราช', 22),
(316, 'พรหมคีรี', 22),
(317, 'ลานสกา', 22),
(318, 'ฉวาง', 22),
(319, 'พิปูน', 22),
(320, 'เชียรใหญ่', 22),
(321, 'ชะอวด', 22),
(322, 'ท่าศาลา', 22),
(323, 'ทุ่งสง', 22),
(324, 'นาบอน', 22),
(325, 'ทุ่งใหญ่', 22),
(326, 'ปากพนัง', 22),
(327, 'ร่อนพิบูลย์', 22),
(328, 'สิชล', 22),
(329, 'ขนอม', 22),
(330, 'หัวไทร', 22),
(331, 'บางขัน', 22),
(332, 'ถ้ำพรรณรา', 22),
(333, 'จุฬาภรณ์', 22),
(334, 'พระพรหม', 22),
(335, 'นบพิตำ', 22),
(336, 'ช้างกลาง', 22),
(337, 'เฉลิมพระเกียรติ', 22),
(338, 'เมืองนครสวรรค์', 23),
(339, 'โกรกพระ', 23),
(340, 'ชุมแสง', 23),
(341, 'หนองบัว', 23),
(342, 'บรรพตพิสัย', 23),
(343, 'เก้าเลี้ยว', 23),
(344, 'ตาคลี', 23),
(345, 'ท่าตะโก', 23),
(346, 'ไพศาลี', 23),
(347, 'พยุหะคีรี', 23),
(348, 'ลาดยาว', 23),
(349, 'ตากฟ้า', 23),
(350, 'แม่วงก์', 23),
(351, 'แม่เปิน', 23),
(352, 'ชุมตาบง', 23),
(353, 'เมืองนนทบุรี', 24),
(354, 'บางกรวย', 24),
(355, 'บางใหญ่', 24),
(356, 'บางบัวทอง', 24),
(357, 'ไทรน้อย', 24),
(358, 'ปากเกร็ด', 24),
(359, 'เมืองนราธิวาส', 25),
(360, 'ตากใบ', 25),
(361, 'บาเจาะ', 25),
(362, 'ยี่งอ', 25),
(363, 'ระแงะ', 25),
(364, 'รือเสาะ', 25),
(365, 'ศรีสาคร', 25),
(366, 'แว้ง', 25),
(367, 'สุคิริน', 25),
(368, 'สุไหงโก-ลก', 25),
(369, 'สุไหงปาดี', 25),
(370, 'จะแนะ', 25),
(371, 'เจาะไอร้อง', 25),
(372, 'เมืองน่าน', 26),
(373, 'แม่จริม', 26),
(374, 'บ้านหลวง', 26),
(375, 'นาน้อย', 26),
(376, 'ปัว', 26),
(377, 'ท่าวังผา', 26),
(378, 'เวียงสา', 26),
(379, 'ทุ่งช้าง', 26),
(380, 'เชียงกลาง', 26),
(381, 'นาหมื่น', 26),
(382, 'สันติสุข', 26),
(383, 'บ่อเกลือ', 26),
(384, 'สองแคว', 26),
(385, 'ภูเพียง', 26),
(386, 'เฉลิมพระเกียรติ', 26),
(387, 'เมืองบึงกาฬ', 27),
(388, 'พรเจริญ', 27),
(389, 'โซ่พิสัย', 27),
(390, 'เซกา', 27),
(391, 'ปากคาด', 27),
(392, 'บึงโขงหลง', 27),
(393, 'ศรีวิไล', 27),
(394, 'บุ่งคล้า', 27),
(395, 'เมืองบุรีรัมย์', 28),
(396, 'คูเมือง', 28),
(397, 'กระสัง', 28),
(398, 'นางรอง', 28),
(399, 'หนองกี่', 28),
(400, 'ละหานทราย', 28),
(401, 'ประโคนชัย', 28),
(402, 'บ้านกรวด', 28),
(403, 'พุทไธสง', 28),
(404, 'ลำปลายมาศ', 28),
(405, 'สตึก', 28),
(406, 'ปะคำ', 28),
(407, 'นาโพธิ์', 28),
(408, 'หนองหงส์', 28),
(409, 'พลับพลาชัย', 28),
(410, 'ห้วยราช', 28),
(411, 'โนนสุวรรณ', 28),
(412, 'ชำนิ', 28),
(413, 'บ้านใหม่ไชยพจน์', 28),
(414, 'โนนดินแดง', 28),
(415, 'บ้านด่าน', 28),
(416, 'แคนดง', 28),
(417, 'เฉลิมพระเกียรติ', 28),
(418, 'เมืองปทุมธานี', 29),
(419, 'คลองหลวง', 29),
(420, 'ธัญบุรี', 29),
(421, 'หนองเสือ', 29),
(422, 'ลาดหลุมแก้ว', 29),
(423, 'ลำลูกกา', 29),
(424, 'สามโคก', 29),
(425, 'เมืองประจวบคีรีขันธ์', 30),
(426, 'กุยบุรี', 30),
(427, 'ทับสะแก', 30),
(428, 'บางสะพาน', 30),
(429, 'บางสะพานน้อย', 30),
(430, 'ปราณบุรี', 30),
(431, 'หัวหิน', 30),
(432, 'สามร้อยยอด', 30),
(433, 'เมืองปราจีนบุรี', 31),
(434, 'กบินทร์บุรี', 31),
(435, 'นาดี', 31),
(436, 'บ้านสร้าง', 31),
(437, 'ประจันตคาม', 31),
(438, 'ศรีมหาโพธิ', 31),
(439, 'ศรีมโหสถ', 31),
(440, 'เมืองปัตตานี', 32),
(441, 'โคกโพธิ์', 32),
(442, 'หนองจิก', 32),
(443, 'ปะนาเระ', 32),
(444, 'มายอ', 32),
(445, 'ทุ่งยางแดง', 32),
(446, 'สายบุรี', 32),
(447, 'ไม้แก่น', 32),
(448, 'ยะหริ่ง', 32),
(449, 'ยะรัง', 32),
(450, 'กะพ้อ', 32),
(451, 'แม่ลาน', 32),
(452, 'พระนครศรีอยุธยา', 33),
(453, 'ท่าเรือ', 33),
(454, 'นครหลวง', 33),
(455, 'บางไทร', 33),
(456, 'บางบาล', 33),
(457, 'บางปะอิน', 33),
(458, 'บางปะหัน', 33),
(459, 'ผักไห่', 33),
(460, 'ภาชี', 33),
(461, 'ลาดบัวหลวง', 33),
(462, 'วังน้อย', 33),
(463, 'เสนา', 33),
(464, 'บางซ้าย', 33),
(465, 'อุทัย', 33),
(466, 'มหาราช', 33),
(467, 'บ้านแพรก', 33),
(468, 'เมืองพะเยา', 34),
(469, 'จุน', 34),
(470, 'เชียงคำ', 34),
(471, 'เชียงม่วน', 34),
(472, 'ดอกคำใต้', 34),
(473, 'ปง', 34),
(474, 'แม่ใจ', 34),
(475, 'ภูซาง', 34),
(476, 'ภูกามยาว', 34),
(477, 'เมืองพังงา', 35),
(478, 'เกาะยาว', 35),
(479, 'กะปง', 35),
(480, 'ตะกั่วทุ่ง', 35),
(481, 'ตะกั่วป่า', 35),
(482, 'คุระบุรี', 35),
(483, 'ทับปุด', 35),
(484, 'ท้ายเหมือง', 35),
(485, 'เมืองพัทลุง', 36),
(486, 'กงหรา', 36),
(487, 'เขาชัยสน', 36),
(488, 'ตะโหมด', 36),
(489, 'ควนขนุน', 36),
(490, 'ปากพะยูน', 36),
(491, 'ศรีบรรพต', 36),
(492, 'ป่าบอน', 36),
(493, 'บางแก้ว', 36),
(494, 'พะยอม', 36),
(495, 'นครินทร์', 36),
(496, 'เมืองพิจิตร', 37),
(497, 'วังทรายพูน', 37),
(498, 'โพธิ์ประทับช้าง', 37),
(499, 'ตะพานหิน', 37),
(500, 'บางมูลนาก', 37),
(501, 'โพทะเล', 37),
(502, 'สามง่าม', 37),
(503, 'ทับคล้อ', 37),
(504, 'สากเหล็ก', 37),
(505, 'บึงนาราง', 37),
(506, 'ดงเจริญ', 37),
(507, 'วชิรบารมี', 37),
(508, 'เมืองพิษณุโลก', 38),
(509, 'นครไทย', 38),
(510, 'ชาติตระการ', 38),
(511, 'บางระกำ', 38),
(512, 'บางกระทุ่ม', 38),
(513, 'พรหมพิราม', 38),
(514, 'วัดโบสถ์', 38),
(515, 'วังทอง', 38),
(516, 'เนินมะปราง', 38),
(517, 'เมืองเพชรบุรี', 39),
(518, 'เขาย้อย', 39),
(519, 'หนองหญ้าปล้อง', 39),
(520, 'ชะอำ', 39),
(521, 'ท่ายาง', 39),
(522, 'บ้านลาด', 39),
(523, 'บ้านแหลม', 39),
(524, 'แก่งกระจาน', 39),
(525, 'เมืองเพชรบูรณ์', 40),
(526, 'ชนแดน', 40),
(527, 'หล่มสัก', 40),
(528, 'หล่มเก่า', 40),
(529, 'วิเชียรบุรี', 40),
(530, 'ศรีเทพ', 40),
(531, 'หนองไผ่', 40),
(532, 'บึงสามพัน', 40),
(533, 'น้ำหนาว', 40),
(534, 'วังโป่ง', 40),
(535, 'เขาค้อ', 40),
(536, 'เมืองแพร่', 41),
(537, 'ร้องกวาง', 41),
(538, 'ลอง', 41),
(539, 'สูงเม่น', 41),
(540, 'เด่นชัย', 41),
(541, 'สอง', 41),
(542, 'วังชิ้น', 41),
(543, 'หนองม่วงไข่', 41),
(544, 'เมืองภูเก็ต', 42),
(545, 'ถลาง', 42),
(546, 'กะทู้', 42),
(547, 'เมืองมหาสารคาม', 43),
(548, 'แกดำ', 43),
(549, 'โกสุมพิสัย', 43),
(550, 'กันทรวิชัย', 43),
(551, 'เชียงยืน', 43),
(552, 'บรบือ', 43),
(553, 'นาเชือก', 43),
(554, 'พยัคฆภูมิพิสัย', 43),
(555, 'วาปีปทุม', 43),
(556, 'นาดูน', 43),
(557, 'ยางสีสุราช', 43),
(558, 'กุดรัง', 43),
(559, 'ชื่นชม', 43),
(560, 'เมืองมุกดาหาร', 44),
(561, 'นิคมคำสร้อย', 44),
(562, 'ดอนตาล', 44),
(563, 'ดงหลวง', 44),
(564, 'คำชะอี', 44),
(565, 'หว้านใหญ่', 44),
(566, 'หนองสูง', 44),
(567, 'เมืองแม่ฮ่องสอน', 45),
(568, 'ขุนยวม', 45),
(569, 'ปาย', 45),
(570, 'แม่สะเรียง', 45),
(571, 'แม่ลาน้อย', 45),
(572, 'สบเมย', 45),
(573, 'ปางมะผ้า', 45),
(574, 'เมืองยโสธร', 46),
(575, 'ทรายมูล', 46),
(576, 'กุดชุม', 46),
(577, 'คำเขื่อนแก้ว', 46),
(578, 'ป่าติ้ว', 46),
(579, 'มหาชนะชัย', 46),
(580, 'ค้อวัง', 46),
(581, 'เลิงนกทา', 46),
(582, 'ไทยเจริญ', 46),
(583, 'เมืองยะลา', 47),
(584, 'เบตง', 47),
(585, 'บันนังสตา', 47),
(586, 'ธารโต', 47),
(587, 'ยะหา', 47),
(588, 'รามัน', 47),
(589, 'กาบัง', 47),
(590, 'กรงปินัง', 47),
(591, 'เมืองร้อยเอ็ด', 48),
(592, 'เกษตรวิสัย', 48),
(593, 'ปทุมรัตต์', 48),
(594, 'จตุรพักตรพิมาน', 48),
(595, 'ธวัชบุรี', 48),
(596, 'พนมไพร', 48),
(597, 'โพนทอง', 48),
(598, 'โพธิ์ชัย', 48),
(599, 'หนองพอก', 48),
(600, 'เสลภูมิ', 48),
(601, 'สุวรรณภูมิ', 48),
(602, 'เมืองสรวง', 48),
(603, 'โพนทราย', 48),
(604, 'อาจสามารถ', 48),
(605, 'เมยวดี', 48),
(606, 'ศรีสมเด็จ', 48),
(607, 'จังหาร', 48),
(608, 'เชียงขวัญ', 48),
(609, 'หนองฮี', 48),
(610, 'ทุ่งเขาหลวง', 48),
(611, 'เมืองระนอง', 49),
(612, 'ละอุ่น', 49),
(613, 'กะเปอร์', 49),
(614, 'กระบุรี', 49),
(615, 'สุขสำราญ', 49),
(616, 'เมืองระยอง', 50),
(617, 'บ้านฉาง', 50),
(618, 'แกลง', 50),
(619, 'วังจันทร์', 50),
(620, 'บ้านค่าย', 50),
(621, 'ปลวกแดง', 50),
(622, 'เขาชะเมา', 50),
(623, 'นิคมพัฒนา', 50),
(624, 'เมืองราชบุรี', 51),
(625, 'จอมบึง', 51),
(626, 'สวนผึ้ง', 51),
(627, 'ดำเนินสะดวก', 51),
(628, 'บ้านโป่ง', 51),
(629, 'บางแพ', 51),
(630, 'โพธาราม', 51),
(631, 'ปากท่อ', 51),
(632, 'วัดเพลง', 51),
(633, 'บ้านคา', 51),
(634, 'เมืองลพบุรี', 52),
(635, 'พัฒนานิคม', 52),
(636, 'โคกสำโรง', 52),
(637, 'ชัยบาดาล', 52),
(638, 'ท่าวุ้ง', 52),
(639, 'บ้านหมี่', 52),
(640, 'ท่าหลวง', 52),
(641, 'สระโบสถ์', 52),
(642, 'โคกเจริญ', 52),
(643, 'ลำสนธิ', 52),
(644, 'หนองม่วง', 52),
(645, 'เมืองลำปาง', 53),
(646, 'แม่เมาะ', 53),
(647, 'เกาะคา', 53),
(648, 'เสริมงาม', 53),
(649, 'งาว', 53),
(650, 'แจ้ห่ม', 53),
(651, 'วังเหนือ', 53),
(652, 'เถิน', 53),
(653, 'แม่พริก', 53),
(654, 'แม่ทะ', 53),
(655, 'สบปราบ', 53),
(656, 'ห้างฉัตร', 53),
(657, 'เมืองปาน', 53),
(658, 'เมืองลำพูน', 54),
(659, 'แม่ทา', 54),
(660, 'บ้านโฮ่ง', 54),
(661, 'ลี้', 54),
(662, 'ทุ่งหัวช้าง', 54),
(663, 'ป่าซาง', 54),
(664, 'บ้านธิ', 54),
(665, 'เวียงหนองล่อง', 54),
(666, 'เมืองเลย', 55),
(667, 'นาด้วง', 55),
(668, 'เชียงคาน', 55),
(669, 'ปากชม', 55),
(670, 'ด่านซ้าย', 55),
(671, 'นาแห้ว', 55),
(672, 'ภูเรือ', 55),
(673, 'ท่าลี่', 55),
(674, 'วังสะพุง', 55),
(675, 'ภูกระดึง', 55),
(676, 'ภูหลวง', 55),
(677, 'ผาขาว', 55),
(678, 'เอราวัณ', 55),
(679, 'หนองหิน', 55),
(680, 'เมืองศรีสะเกษ', 56),
(681, 'ยางชุมน้อย', 56),
(682, 'กันทรารมย์', 56),
(683, 'กันทรลักษ์', 56),
(684, 'ขุขันธ์', 56),
(685, 'ไพรบึง', 56),
(686, 'ปรางค์กู่', 56),
(687, 'ขุนหาญ', 56),
(688, 'ราษีไศล', 56),
(689, 'อุทุมพรพิสัย', 56),
(690, 'บึงบูรพ์', 56),
(691, 'ห้วยทับทัน', 56),
(692, 'โนนคูณ', 56),
(693, 'ศรีรัตนะ', 56),
(694, 'น้ำเกลี้ยง', 56),
(695, 'วังหิน', 56),
(696, 'ภูสิงห์', 56),
(697, 'เมืองจันทร์', 56),
(698, 'เบญจลักษ์', 56),
(699, 'พยุห์', 56),
(700, 'โพธิ์ศรีสุวรรณ', 56),
(701, 'ศิลาลาด', 56),
(702, 'เมืองสกลนคร', 57),
(703, 'กุสุมาลย์', 57),
(704, 'กุดบาก', 57),
(705, 'พรรณานิคม', 57),
(706, 'พังโคน', 57),
(707, 'วาริชภูมิ', 57),
(708, 'นิคมน้ำอูน', 57),
(709, 'วานรนิวาส', 57),
(710, 'คำตากล้า', 57),
(711, 'บ้านม่วง', 57),
(712, 'อากาศอำนวย', 57),
(713, 'สว่างแดนดิน', 57),
(714, 'ส่องดาว', 57),
(715, 'เต่างอย', 57),
(716, 'โคกศรีสุพรรณ', 57),
(717, 'เจริญศิลป์', 57),
(718, 'โพนนาแก้ว', 57),
(719, 'ภูพาน', 57),
(720, 'เมืองสงขลา', 58),
(721, 'สทิงพระ', 58),
(722, 'จะนะ', 58),
(723, 'นาทวี', 58),
(724, 'เทพา', 58),
(725, 'สะบ้าย้อย', 58),
(726, 'ระโนด', 58),
(727, 'กระแสสินธุ์', 58),
(728, 'รัตภูมิ', 58),
(729, 'สะเดา', 58),
(730, 'หาดใหญ่', 58),
(731, 'นาหม่อม', 58),
(732, 'ควนเนียง', 58),
(733, 'บางกล่ำ', 58),
(734, 'สิงหนคร', 58),
(735, 'คลองหอยโข่ง', 58),
(736, 'เมืองสตูล', 59),
(737, 'ควนโดน', 59),
(738, 'ควนกาหลง', 59),
(739, 'ท่าแพ', 59),
(740, 'ละงู', 59),
(741, 'ทุ่งหว้า', 59),
(742, 'มะนัง', 59),
(743, 'เมืองสมุทรปราการ', 60),
(744, 'บางบ่อ', 60),
(745, 'บางพลี', 60),
(746, 'พระประแดง', 60),
(747, 'พระสมุทรเจดีย์', 60),
(748, 'บางเสาธง', 60),
(749, 'สมุทรสงคราม', 61),
(750, 'บางคนที', 61),
(751, 'อัมพวา', 61),
(752, 'เมืองสมุทรสาคร', 62),
(753, 'กระทุ่มแบน', 62),
(754, 'บ้านแพ้ว', 62),
(755, 'เมืองสระแก้ว', 63),
(756, 'คลองหาด', 63),
(757, 'ตาพระยา', 63),
(758, 'วังน้ำเย็น', 63),
(759, 'วัฒนานคร', 63),
(760, 'รัญประเทศ', 63),
(761, 'เขาฉกรรจ์', 63),
(762, 'โคกสูง', 63),
(763, 'วังสมบูรณ์', 63),
(764, 'เมืองสระบุรี', 64),
(765, 'แก่งคอย', 64),
(766, 'หนองแค', 64),
(767, 'วิหารแดง', 64),
(768, 'หนองแซง', 64),
(769, 'บ้านหมอ', 64),
(770, 'ดอนพุด', 64),
(771, 'หนองโดน', 64),
(772, 'หนองโดน', 64),
(773, 'เสาไห้', 64),
(774, 'มวกเหล็ก', 64),
(775, 'วังม่วง', 64),
(776, 'เฉลิมพระเกียรติ', 64),
(777, 'เมืองสิงห์บุรี', 65),
(778, 'บางระจัน', 65),
(779, 'ค่ายบางระจัน', 65),
(780, 'พรหมบุรี', 65),
(781, 'ท่าช้าง', 65),
(782, 'อินทร์บุรี', 65),
(783, 'เมืองสุโขทัย', 66),
(784, 'บ้านด่านลานหอย', 66),
(785, 'คีรีมาศ', 66),
(786, 'กงไกรลาศ', 66),
(787, 'ศรีสัชนาลัย', 66),
(788, 'ศรีสำโรง', 66),
(789, 'สวรรคโลก', 66),
(790, 'ศรีนคร', 66),
(791, 'ทุ่งเสลี่ยม', 66),
(792, 'เมืองสุพรรณบุรี', 67),
(793, 'เดิมบางนางบวช', 67),
(794, 'ด่านช้าง', 67),
(795, 'บางปลาม้า', 67),
(796, 'ศรีประจันต์', 67),
(797, 'ดอนเจดีย์', 67),
(798, 'สองพี่น้อง', 67),
(799, 'สามชุก', 67),
(800, 'อู่ทอง', 67),
(801, 'หนองหญ้าไซ', 67),
(802, 'เมืองสุราษฎร์ธานี', 68),
(803, 'กาญจนดิษฐ์', 68),
(804, 'ดอนสัก', 68),
(805, 'เกาะสมุย', 68),
(806, 'เกาะพะงัน', 68),
(807, 'ไชยา', 68),
(808, 'ท่าชนะ', 68),
(809, 'คีรีรัฐนิคม', 68),
(810, 'บ้านตาขุน', 68),
(811, 'พนม', 68),
(812, 'ท่าฉาง', 68),
(813, 'บ้านนาสาร', 68),
(814, 'บ้านนาเดิม', 68),
(815, 'เคียนซา', 68),
(816, 'เวียงสระ', 68),
(817, 'พระแสง', 68),
(818, 'พุนพิน', 68),
(819, 'ชัยบุรี', 68),
(820, 'วิภาวดี', 68),
(821, 'เมืองสุรินทร์', 69),
(822, 'ชุมพลบุรี', 69),
(823, 'ท่าตูม', 69),
(824, 'จอมพระ', 69),
(825, 'ปราสาท', 69),
(826, 'กาบเชิง', 69),
(827, 'รัตนบุรี', 69),
(828, 'สนม', 69),
(829, 'ศีขรภูมิ', 69),
(830, 'สังขะ', 69),
(831, 'ลำดวน', 69),
(832, 'สำโรงทาบ', 69),
(833, 'บัวเชด', 69),
(834, 'พนมดงรัก', 69),
(835, 'ศรีณรงค์', 69),
(836, 'เขวาสินรินทร์', 69),
(837, 'โนนนารายณ์', 69),
(838, 'เมืองหนองคาย', 70),
(839, 'ท่าบ่อ', 70),
(840, 'โพนพิสัย', 70),
(841, 'ศรีเชียงใหม่', 70),
(842, 'สังคม', 70),
(843, 'สระใคร', 70),
(844, 'เฝ้าไร่', 70),
(845, 'รัตนวาปี', 70),
(846, 'โพธิ์ตาก', 70),
(847, 'เมืองหนองบัวลำภู', 71),
(848, 'นากลาง', 71),
(849, 'โนนสัง', 71),
(850, 'ศรีบุญเรือง', 71),
(851, 'สุวรรณคูหา', 71),
(852, 'นาวัง', 71),
(853, 'เมืองอ่างทอง', 72),
(854, 'ไชโย', 72),
(855, 'ป่าโมก', 72),
(856, 'โพธิ์ทอง', 72),
(857, 'แสวงหา', 72),
(858, 'วิเศษชัยชาญ', 72),
(859, 'สามโก้', 72),
(860, 'เมืองอำนาจเจริญ', 73),
(861, 'ชานุมาน', 73),
(862, 'ปทุมราชวงศา', 73),
(863, 'พนา', 73),
(864, 'เสนางคนิคม', 73),
(865, 'หัวตะพาน', 73),
(866, 'ลืออำนาจ', 73),
(867, 'เมืองอุดรธานี', 74),
(868, 'กุดจับ', 74),
(869, 'หนองวัวซอ', 74),
(870, 'กุมภวาปี', 74),
(871, 'โนนสะอาด', 74),
(872, 'หนองหาน', 74),
(873, 'ทุ่งฝน', 74),
(874, 'ไชยวาน', 74),
(875, 'ศรีธาตุ', 74),
(876, 'วังสามหมอ', 74),
(877, 'บ้านดุง', 74),
(878, 'บ้านผือ', 74),
(879, 'น้ำโสม', 74),
(880, 'เพ็ญ', 74),
(881, 'สร้างคอม', 74),
(882, 'หนองแสง', 74),
(883, 'นายูง', 74),
(884, 'พิบูลย์รักษ์', 74),
(885, 'กู่แก้ว', 74),
(886, 'ประจักษ์ศิลปาคม', 74),
(887, 'เมืองอุตรดิตถ์', 75),
(888, 'ตรอน', 75),
(889, 'ท่าปลา', 75),
(890, 'น้ำปาด', 75),
(891, 'ฟากท่า', 75),
(892, 'บ้านโคก', 75),
(893, 'พิชัย', 75),
(894, 'ลับแล', 75),
(895, 'ทองแสนขัน', 75),
(896, 'เมืองอุทัยธานี', 76),
(897, 'ทัพทัน', 76),
(898, 'สว่างอารมณ์', 76),
(899, 'หนองฉาง', 76),
(900, 'หนองขาหย่าง', 76),
(901, 'บ้านไร่', 76),
(902, 'ลานสัก', 76),
(903, 'ห้วยคต', 76),
(904, 'เมืองอุบลราชธานี', 77),
(905, 'ศรีเมืองใหม่', 77),
(906, 'โขงเจียม', 77),
(907, 'เขื่องใน', 77),
(908, 'เขมราฐ', 77),
(909, 'เดชอุดม', 77),
(910, 'นาจะหลวย', 77),
(911, 'น้ำยืน', 77),
(912, 'บุณฑริก', 77),
(913, 'ตระการพืชผล', 77),
(914, 'กุดข้าวปุ้น', 77),
(915, 'ม่วงสามสิบ', 77),
(916, 'วารินชำราบ', 77),
(917, 'พิบูลมังสาหาร', 77),
(918, 'ตาลสุม', 77),
(919, 'โพธิ์ไทร', 77),
(920, 'สำโรง', 77),
(921, 'ดอนมดแดง', 77),
(922, 'สิรินธร', 77),
(923, 'ทุ่งศรีอุดม', 77),
(924, 'นาเยีย', 76),
(925, 'นาตาล', 77),
(926, 'เหล่าเสือโก้ก', 77),
(927, 'สว่างวีระวงศ์', 77),
(928, 'น้ำขุ่น', 77);

-- --------------------------------------------------------

--
-- Table structure for table `bank`
--

CREATE TABLE `bank` (
  `ID` int NOT NULL,
  `bankType` varchar(100) CHARACTER SET utf8 COLLATE utf8_unicode_ci NOT NULL
) ENGINE=InnoDB DEFAULT CHARSET=utf8 COLLATE=utf8_unicode_ci;

--
-- Dumping data for table `bank`
--

INSERT INTO `bank` (`ID`, `bankType`) VALUES
(1, 'ธนาคารกรุงเทพ จำกัด (มหาชน)'),
(2, 'ธนาคารกรุงไทย จำกัด (มหาชน)'),
(3, 'ธนาคารกรุงศรีอยุธยา จำกัด (มหาชน)'),
(4, 'ธนาคารกสิกรไทย จำกัด (มหาชน)'),
(5, 'ธนาคารเกียรตินาคินภัทร จำกัด (มหาชน)'),
(6, 'ธนาคารซีไอเอ็มบี ไทย จำกัด (มหาชน)'),
(7, 'ธนาคารทหารไทย จำกัด (มหาชน)'),
(8, 'ธนาคารทิสโก้ จำกัด (มหาชน)'),
(9, 'ธนาคารไทยเครดิตเพื่อรายย่อย'),
(10, 'ธนาคารไทยพาณิชย์ จำกัด (มหาชน)'),
(11, 'ธนาคารธนชาต จำกัด (มหาชน)'),
(12, 'ธนาคารพัฒนาวิสาหกิจขนาดกลางและขนาดย่อมแห่งประเทศไทย'),
(13, 'ธนาคารเพื่อการเกษตรและสหกรณ์การเกษตร'),
(14, 'ธนาคารเพื่อการส่งออกและนำเข้าแห่งประเทศไทย'),
(15, 'ธนาคารยูโอบี จำกัด (มหาชน)'),
(16, 'ธนาคารแลนด์ แอนด์ เฮ้าส์ จำกัด (มหาชน)'),
(17, 'ธนาคารสแตนดาร์ดชาร์เตอร์ด (ไทย) จำกัด (มหาชน)'),
(18, 'ธนาคารอาคารสงเคราะห์'),
(19, 'ธนาคารอิสลามแห่งประเทศไทย'),
(20, 'ธนาคารออมสิน'),
(21, 'ธนาคารไอซีบีซี (ไทย) จำกัด (มหาชน)');

-- --------------------------------------------------------

--
-- Table structure for table `bankuser`
--

CREATE TABLE `bankuser` (
  `ID` int NOT NULL,
  `bankID` int NOT NULL,
  `bankName` varchar(100) CHARACTER SET utf8 COLLATE utf8_unicode_ci NOT NULL,
  `bankNo` varchar(15) CHARACTER SET utf8 COLLATE utf8_unicode_ci NOT NULL
) ENGINE=InnoDB DEFAULT CHARSET=utf8 COLLATE=utf8_unicode_ci;

--
-- Dumping data for table `bankuser`
--

INSERT INTO `bankuser` (`ID`, `bankID`, `bankName`, `bankNo`) VALUES
(1, 3, 'ญาดา กฤตศิริ', '3210215213'),
(2, 14, 'วาวา คีรีวรรณ', '1231516140'),
(3, 3, 'ฟารีน่า ดาหร่า', '136532313'),
(4, 9, 'pai', '131403141'),
(6, 6, 'favi', '1654121'),
(7, 4, 'vue2', 'vue2'),
(9, 1, 'vue4', '41546845'),
(10, 7, 'news', '4651461'),
(11, 7, 'finally', '1235645'),
(12, 10, 'ภาคิณ สุขฤรินท์', '0203015130'),
(13, 4, 'what', '213546579'),
(14, 9, 'dt', '16465132'),
(15, 13, 'date', '0310025'),
(20, 3, 'ศิวกร', '326253526'),
(21, 2, 'papo', '123456789'),
(22, 2, 'ธงชาติ ธรรมรงค์', '3210202103');

-- --------------------------------------------------------

--
-- Table structure for table `buymethod`
--

CREATE TABLE `buymethod` (
  `ID` int NOT NULL,
  `nameBuy` varchar(255) CHARACTER SET utf8 COLLATE utf8_unicode_ci NOT NULL
) ENGINE=InnoDB DEFAULT CHARSET=utf8 COLLATE=utf8_unicode_ci;

--
-- Dumping data for table `buymethod`
--

INSERT INTO `buymethod` (`ID`, `nameBuy`) VALUES
(10, 'รับซื้อผลผลิต'),
(20, 'จ่ายล่วงหน้า'),
(30, 'ราคาตลาด'),
(40, 'ประกันราคา');

-- --------------------------------------------------------

--
-- Table structure for table `district`
--

CREATE TABLE `district` (
  `districtID` int NOT NULL,
  `districtName` varchar(100) CHARACTER SET utf8 COLLATE utf8_unicode_ci NOT NULL,
  `proID` int NOT NULL,
  `amID` int NOT NULL
) ENGINE=InnoDB DEFAULT CHARSET=utf8 COLLATE=utf8_unicode_ci;

--
-- Dumping data for table `district`
--

INSERT INTO `district` (`districtID`, `districtName`, `proID`, `amID`) VALUES
(1, 'ปากน้ำ', 1, 1),
(2, 'กระบี่ใหญ่', 1, 1),
(3, 'กระบี่น้อย', 1, 1),
(4, 'เขาคราม', 1, 1),
(5, 'เขาทอง', 1, 1),
(6, 'ทับปริก', 1, 1),
(7, 'ไสไทย', 1, 1),
(8, 'อ่าวนาง', 1, 1),
(9, 'หนองทะเล', 1, 1),
(10, 'คลองประสงค์', 1, 1),
(11, 'เขาพนม', 1, 2),
(12, 'เขาดิน', 1, 2),
(13, 'สินปุน', 1, 2),
(14, 'พรุเตียว', 1, 2),
(15, 'หน้าเขา', 1, 2),
(16, 'โคกหาร', 1, 2),
(17, 'เกาะลันตาใหญ่', 1, 3),
(18, 'เกาะลันตาน้อย', 1, 3),
(19, 'เกาะกลาง', 1, 3),
(20, 'คลองยาง', 1, 3),
(21, 'ศาลาด่าน', 1, 3),
(22, 'คลองท่อมใต้', 1, 4),
(23, 'คลองท่อมเหนือ', 1, 4),
(24, 'คลองพน', 1, 4),
(25, 'ทรายขาว', 1, 4),
(26, 'ห้วยน้ำขาว', 1, 4),
(27, 'พรุดินนา', 1, 4),
(28, 'เพหลา', 1, 4),
(29, 'อ่าวลึกใต้', 1, 5),
(30, 'แหลมสัก', 1, 5),
(31, 'นาเหนือ', 1, 5),
(32, 'คลองหิน', 1, 5),
(33, 'อ่าวลึกน้อย', 1, 5),
(34, 'อ่าวลึกเหนือ', 1, 5),
(35, 'เขาใหญ่', 1, 5),
(36, 'คลองยา', 1, 5),
(37, 'บ้านกลาง', 1, 5),
(38, 'ปลายพระยา', 1, 6),
(39, 'เขาเขน', 1, 6),
(40, 'เขาต่อ', 1, 6),
(41, 'คีรีวง', 1, 6),
(42, 'ลำทับ', 1, 7),
(43, 'ดินอุดม', 1, 7),
(44, 'ทุ่งไทรทอง', 1, 7),
(45, 'ดินแดง', 1, 7),
(46, 'เหนือคลอง', 1, 8),
(47, 'เกาะศรีบอยา', 1, 8),
(48, 'คลองขนาน', 1, 8),
(49, 'คลองเขม้า', 1, 8),
(50, 'โคกยาง', 1, 8),
(51, 'ตลิ่งชัน', 1, 8),
(52, 'ปกาสัย', 1, 8),
(53, 'ห้วยยูง', 1, 8),
(54, 'พระบรมมหาราชวัง', 2, 9),
(55, 'วังบูรพาภิรมย์', 2, 9),
(56, 'วัดราชบพิธ', 2, 9),
(57, 'สำราญราษฎร์', 2, 9),
(58, 'ศาลเจ้าพ่อเสือ', 2, 9),
(59, 'เสาชิงช้า', 2, 9),
(60, 'บวรนิเวศ', 2, 9),
(61, 'ตลาดยอด', 2, 9),
(62, 'ชนะสงคราม', 2, 9),
(63, 'บ้านพานถม', 2, 9),
(64, 'บางขุนพรหม', 2, 9),
(65, 'วัดสามพระยา', 2, 9),
(66, 'ดุสิต', 2, 10),
(67, 'วชิรพยาบาล', 2, 10),
(68, 'สวนจิตรลดา', 2, 10),
(69, 'สี่แยกมหานาค', 2, 10),
(70, 'ถนนนครไชยศรี', 2, 10),
(71, 'กระทุ่มราย', 2, 11),
(72, 'หนองจอก', 2, 11),
(73, 'คลองสิบ', 2, 11),
(74, 'คลองสิบสอง', 2, 11),
(75, 'โคกแฝด', 2, 11),
(76, 'คู้ฝั่งเหนือ', 2, 11),
(77, 'ลำผักชี', 2, 11),
(78, 'ลำต้อยติ่ง', 2, 11),
(79, 'มหาพฤฒาราม', 2, 12),
(80, 'สีลม', 2, 12),
(81, 'สุริยวงศ์', 2, 12),
(82, 'บางรัก', 2, 12),
(83, 'สี่พระยา', 2, 12),
(84, 'อนุสาวรีย์', 2, 13),
(85, 'ท่าแร้ง', 2, 13),
(86, 'คลองจั่น', 2, 14),
(87, 'หัวหมาก', 2, 14),
(88, 'รองเมือง', 2, 15),
(89, 'วังใหม่', 2, 15),
(90, 'ปทุมวัน', 2, 15),
(91, 'ลุมพินี', 2, 15),
(92, 'ป้อมปราบ', 2, 16),
(93, 'วัดเทพศิรินทร์', 2, 16),
(94, 'คลองมหานาค', 2, 16),
(95, 'บ้านบาตร', 2, 16),
(96, 'วัดโสมนัส', 2, 16),
(97, 'บางจาก', 2, 17),
(98, 'พระโขนงใต้', 2, 17),
(99, 'มีนบุรี', 2, 18),
(100, 'แสนแสบ', 2, 18),
(101, 'ลาดกระบัง', 2, 19),
(102, 'คลองสองต้นนุ่น', 2, 19),
(103, 'คลองสามประเวศ', 2, 19),
(104, 'ลำปลาทิว', 2, 19),
(105, 'ทับยาว', 2, 19),
(106, 'ขุมทอง', 2, 19),
(107, 'ช่องนนทรี', 2, 20),
(108, 'บางโพงพาง', 2, 20),
(109, 'จักรวรรดิ', 2, 21),
(110, 'สัมพันธวงศ์', 2, 21),
(111, 'ตลาดน้อย', 2, 21),
(112, 'สามเสนใน', 2, 22),
(113, 'พญาไท', 2, 22),
(114, 'วัดกัลยาณ์', 2, 23),
(115, 'หิรัญรูจี', 2, 23),
(116, 'บางยี่เรือ', 2, 23),
(117, 'บุคคโล', 2, 23),
(118, 'ตลาดพลู', 2, 23),
(119, 'ดาวคะนอง', 2, 23),
(220, 'สำเหร่', 2, 23),
(221, 'วัดอรุณ', 2, 24),
(222, 'วัดท่าพระ', 2, 24),
(223, 'ห้วยขวาง', 2, 25),
(224, 'บางกะปิ', 2, 25),
(225, 'สามเสนนอก', 2, 25),
(226, 'สมเด็จเจ้าพระยา', 2, 26),
(227, 'คลองสาน', 2, 26),
(228, 'บางลำภูล่าง', 2, 26),
(229, 'คลองต้นไทร', 2, 26),
(230, 'คลองชักพระ', 2, 27),
(231, 'ตลิ่งชัน', 2, 27),
(232, 'ฉิมพลี', 2, 27),
(233, 'บางพรม', 2, 27),
(234, 'บางระมาด', 2, 27),
(235, 'บางเชือกหนัง', 2, 27),
(236, 'ศิริราช', 2, 28),
(237, 'บ้านช่างหล่อ', 2, 28),
(238, 'บางขุนนนท์', 2, 28),
(239, 'บางขุนศรี', 2, 28),
(240, 'อรุณอมรินทร์', 2, 28),
(241, 'ท่าข้าม', 2, 29),
(242, 'แสมดำ', 2, 29),
(243, 'บางหว้า', 2, 30),
(244, 'บางด้วน', 2, 30),
(245, 'บางจาก', 2, 30),
(246, 'บางแวก', 2, 30),
(247, 'คลองขวาง', 2, 30),
(248, 'ปากคลองภาษีเจริญ', 2, 30),
(249, 'คูหาสวรรค์', 2, 30),
(250, 'หนองแขม', 2, 31),
(251, 'หนองค้างพลู', 2, 31),
(252, 'ราษฎร์บูรณะ', 2, 32),
(253, 'บางปะกอก', 2, 32),
(254, 'บางพลัด', 2, 33),
(255, 'บางอ้อ', 2, 33),
(256, 'บางบำหรุ', 2, 33),
(257, 'บางยี่ขัน', 2, 33),
(258, 'ดินแดง', 2, 34),
(259, 'รัชดาภิเษก', 2, 34),
(260, 'คลองกุ่ม', 2, 35),
(261, 'นวมินทร์', 2, 35),
(262, 'นวลจันทร์', 2, 35),
(263, 'ทุ่งวัดดอน', 2, 36),
(264, 'ยานนาวา', 2, 36),
(265, 'ทุ่งมหาเมฆ', 2, 36),
(266, 'บางซื่อ', 2, 37),
(267, 'วงศ์สว่าง', 2, 37),
(268, 'ลาดยาว', 2, 38),
(269, 'เสนานิคม', 2, 38),
(270, 'จันทรเกษม', 2, 38),
(271, 'จอมพล', 2, 38),
(272, 'จตุจักร', 2, 38),
(273, 'บางคอแหลม', 2, 39),
(274, 'วัดพระยาไกร', 2, 39),
(275, 'บางโคล่', 2, 39),
(276, 'ประเวศ', 2, 40),
(277, 'หนองบอน', 2, 40),
(278, 'ดอกไม้', 2, 40),
(279, 'คลองเตย', 2, 41),
(280, 'คลองตัน', 2, 41),
(281, 'พระโขนง', 2, 41),
(282, 'สวนหลวง', 2, 42),
(283, 'อ่อนนุช', 2, 42),
(284, 'พัฒนาการ', 2, 42),
(285, 'บางขุนเทียน', 2, 43),
(286, 'บางค้อ', 2, 43),
(287, 'บางมด', 2, 43),
(288, 'จอมทอง', 2, 43),
(289, 'สีกัน', 2, 44),
(290, 'ดอนเมือง', 2, 44),
(291, 'สนามบิน', 2, 44),
(292, 'ทุ่งพญาไท', 2, 45),
(293, 'ถนนพญาไท	', 2, 45),
(294, 'ถนนเพชรบุรี', 2, 45),
(295, 'มักกะสัน', 2, 45),
(296, 'ลาดพร้าว', 2, 46),
(297, 'จรเข้บัว', 2, 46),
(298, 'คลองเตยเหนือ', 2, 47),
(299, 'คลองตันเหนือ', 2, 47),
(300, 'พระโขนงเหนือ', 2, 47),
(301, 'บางแค', 2, 48),
(302, 'บางแคเหนือ', 2, 48),
(303, 'บางไผ่', 2, 48),
(304, 'หลักสอง', 2, 48),
(305, 'ทุ่งสองห้อง', 2, 49),
(306, 'ตลาดบางเขน', 2, 49),
(307, 'สายไหม', 2, 50),
(308, 'ออเงิน', 2, 50),
(309, 'คลองถนน', 2, 50),
(310, 'คันนายาว', 2, 51),
(311, 'รามอินทรา', 2, 51),
(312, 'สะพานสูง', 2, 52),
(313, 'ราษฎร์พัฒนา', 2, 52),
(314, 'ทับช้าง', 2, 52),
(315, 'วังทองหลาง', 2, 53),
(316, 'สะพานสอง', 2, 53),
(317, 'คลองเจ้าคุณสิงห์', 2, 53),
(318, 'พลับพลา', 2, 53),
(319, 'สามวาตะวันตก', 2, 54),
(320, 'สามวาตะวันออก', 2, 54),
(321, 'บางชัน', 2, 54),
(322, 'ทรายกองดิน', 2, 54),
(323, 'ทรายกองดินใต้', 2, 54),
(324, 'บางนาเหนือ', 2, 55),
(325, 'บางนาใต้', 2, 55),
(326, 'ทวีวัฒนา', 2, 56),
(327, 'ศาลาธรรมสพน์', 2, 56),
(328, 'บางมด', 2, 57),
(329, 'ทุ่งครุ', 2, 57),
(330, 'บางบอนเหนือ', 2, 58),
(331, 'บางบอนใต้', 2, 58),
(332, 'คลองบางพราน', 2, 58),
(333, 'คลองบางบอน', 2, 58),
(334, 'บ้านเหนือ', 3, 59),
(335, 'บ้านใต้', 3, 59),
(336, 'ปากแพรก', 4, 59),
(337, 'ท่ามะขาม', 3, 59),
(338, 'แก่งเสี้ยน', 3, 59),
(339, 'หนองบัว', 3, 59),
(340, 'ลาดหญ้า', 3, 59),
(341, 'วังด้ง', 3, 59),
(342, 'ช่องสะเดา', 3, 59),
(343, 'หนองหญ้า', 3, 59),
(344, 'เกาะสำโรง', 3, 59),
(345, 'บ้านเก่า', 3, 59),
(346, 'วังเย็น', 3, 59),
(347, 'ลุ่มสุ่ม', 3, 60),
(348, 'ท่าเสา', 3, 60),
(349, 'สิงห์', 3, 60),
(350, 'ไทรโยค', 3, 60),
(351, 'วังกระแจะ', 3, 60),
(352, 'ศรีมงคล', 3, 60),
(353, 'บ้องตี้', 3, 60),
(354, 'บ่อพลอย', 3, 61),
(355, 'หนองกุ่ม', 3, 61),
(356, 'หนองรี', 3, 61),
(357, 'หลุมรัง', 3, 61),
(358, 'ช่องด่าน', 3, 61),
(359, 'หนองกร่าง', 3, 61),
(360, 'นาสวน', 3, 62),
(361, 'ด่านแม่แฉลบ', 3, 62),
(362, 'หนองเป็ด', 3, 62),
(363, 'ท่ากระดาน', 3, 62),
(364, 'เขาโจด', 3, 62),
(365, 'แม่กระบุง', 3, 62),
(367, 'พงตึก', 3, 63),
(368, 'ยางม่วง', 3, 63),
(369, 'ดอนชะเอม', 3, 63),
(370, 'ท่าไม้', 3, 63),
(371, 'ตะคร้ำเอน', 3, 63),
(372, 'ท่ามะกา', 3, 63),
(373, 'ท่าเรือ', 3, 63),
(374, 'โคกตะบอง', 3, 63),
(375, 'ดอนขมิ้น', 3, 63),
(376, 'อุโลกสี่หมื่น', 3, 63),
(377, 'เขาสามสิบหาบ', 3, 63),
(378, 'พระแท่น', 3, 63),
(379, 'หวายเหนียว', 3, 63),
(380, 'แสนตอ', 3, 63),
(381, 'สนามแย้', 3, 63),
(382, 'ท่าเสา', 3, 63),
(383, 'หนองลาน', 3, 63),
(384, 'ท่าม่วง', 3, 64),
(385, 'วังขนาย', 3, 64),
(386, 'วังศาลา', 3, 64),
(387, 'ท่าล้อ', 3, 64),
(388, 'หนองขาว', 3, 64),
(389, 'ทุ่งทอง', 3, 64),
(390, 'เขาน้อย', 3, 64),
(391, 'ม่วงชุม', 3, 64),
(392, 'บ้านใหม่', 3, 64),
(393, 'พังตรุ', 3, 64),
(394, 'ท่าตะคร้อ', 3, 64),
(395, 'รางสาลี่', 3, 64),
(396, 'หนองตากยา', 3, 64),
(397, 'ท่าขนุน', 3, 65),
(398, 'ปิล๊อก', 3, 65),
(399, 'หินดาด', 3, 65),
(400, 'ลิ่นถิ่น', 3, 65),
(401, 'ชะแล', 3, 65),
(402, 'ห้วยเขย่ง', 3, 65),
(403, 'สหกรณ์นิคม', 3, 65),
(404, 'หนองลู', 3, 66),
(405, 'ปรังเผล', 3, 66),
(406, 'ไล่โว่', 3, 66),
(407, 'พนมทวน', 3, 67),
(408, 'หนองโรง', 3, 67),
(409, 'ทุ่งสมอ', 3, 67),
(410, 'ดอนเจดีย์', 3, 67),
(411, 'พังตรุ', 3, 67),
(412, 'รางหวาย', 3, 67),
(413, 'หนองสาหร่าย', 3, 67),
(414, 'ดอนตาเพชร', 3, 67),
(415, 'เลาขวัญ', 3, 68),
(416, 'หนองโสน', 3, 68),
(417, 'หนองประดู่', 3, 68),
(418, 'หนองปลิง', 3, 68),
(419, 'หนองนกแก้ว', 3, 68),
(420, 'ทุ่งกระบ่ำ', 3, 68),
(421, 'หนองฝ้าย', 3, 68),
(422, 'ด่านมะขามเตี้ย', 3, 69),
(423, 'กลอนโด', 3, 69),
(424, 'จรเข้เผือก', 3, 69),
(425, 'หนองไผ่', 3, 69),
(426, 'หนองปรือ', 3, 70),
(427, 'หนองปลาไหล', 3, 70),
(428, 'สมเด็จเจริญ', 3, 70),
(429, 'ห้วยกระเจา', 3, 71),
(430, 'วังไผ่', 3, 71),
(431, 'ดอนแสลบ', 3, 71),
(432, 'สระลงเรือ', 3, 71),
(434, 'กาฬสินธุ์', 4, 72),
(435, 'เหนือ', 4, 72),
(436, 'หลุบ', 4, 72),
(437, 'ไผ่', 4, 72),
(438, 'ลำปาว', 4, 72),
(439, 'ลำพาน', 4, 72),
(440, 'เชียงเครือ', 4, 72),
(441, 'บึงวิชัย', 4, 72),
(442, 'ห้วยโพธิ์', 4, 72),
(443, 'ภูปอ', 4, 72),
(444, 'ภูดิน', 4, 72),
(445, 'หนองกุง', 4, 72),
(446, 'กลางหมื่น', 4, 72),
(447, 'ขมิ้น', 4, 72),
(448, 'โพนทอง', 4, 72),
(449, 'นาจารย์', 4, 72),
(450, 'ลำคลอง', 4, 72),
(451, 'นามน', 4, 73),
(452, 'ยอดแกง', 4, 73),
(453, 'สงเปลือย', 4, 73),
(454, 'หลักเหลี่ยม', 4, 73),
(455, 'หนองบัว', 4, 73),
(456, 'กมลาไสย	', 4, 74),
(457, 'หลักเมือง', 4, 74),
(458, 'โพนงาม', 4, 74),
(459, 'ดงลิง', 4, 74),
(460, 'ธัญญา', 4, 74),
(461, 'หนองแปน', 4, 74),
(462, 'เจ้าท่า', 4, 74),
(463, 'โคกสมบูรณ์', 4, 74),
(464, 'ร่องคำ', 4, 75),
(465, 'สามัคคี', 4, 75),
(466, 'เหล่าอ้อย', 4, 75),
(467, 'บัวขาว', 4, 76),
(468, 'แจนแลน', 4, 76),
(469, 'เหล่าใหญ่', 4, 76),
(470, 'จุมจัง', 4, 76),
(471, 'เหล่าไฮงาม', 4, 76),
(472, 'กุดหว้า', 4, 76),
(473, 'สามขา', 4, 76),
(474, 'นาขาม', 4, 76),
(475, 'หนองห้าง', 4, 76),
(476, 'นาโก', 4, 76),
(477, 'สมสะอาด', 4, 76),
(478, 'กุดค้าว', 4, 76),
(479, 'คุ้มเก่า', 4, 77),
(480, 'สงเปลือย', 4, 77),
(481, 'หนองผือ', 4, 77),
(482, 'กุดสิมคุ้มใหม่', 4, 77),
(483, 'สระพังทอง', 4, 77),
(484, 'กุดปลาค้าว', 4, 77),
(485, 'ยางตลาด', 4, 78),
(486, 'หัวงัว', 4, 78),
(487, 'อุ่มเม่า', 4, 78),
(488, 'บัวบาน', 4, 78),
(489, 'เว่อ', 4, 78),
(490, 'อิตื้อ', 4, 78),
(491, 'หัวนาคำ', 3, 78),
(492, 'หนองอิเฒ่า', 4, 78),
(493, 'ดอนสมบูรณ์', 4, 78),
(494, 'นาเชือก', 4, 78),
(495, 'คลองขาม', 4, 78),
(496, 'เขาพระนอน', 4, 78),
(497, 'นาดี', 4, 78),
(498, 'โนนสูง', 4, 78),
(499, 'หนองตอกแป้น', 4, 78),
(500, 'ห้วยเม็ก', 4, 79),
(501, 'คำใหญ่', 4, 79),
(502, 'กุดโดน', 4, 79),
(503, 'บึงนาเรียง', 4, 79),
(504, 'หัวหิน', 4, 79),
(505, 'พิมูล', 4, 79),
(506, 'คำเหมือดแก้ว', 4, 79),
(507, 'โนนสะอาด', 4, 79),
(508, 'ทรายทอง', 4, 79),
(509, 'ภูสิงห์', 4, 80),
(510, 'สหัสขันธ์', 4, 80),
(511, 'นามะเขือ', 4, 80),
(512, 'โนนศิลา', 4, 80),
(513, 'นิคม', 4, 80),
(514, 'โนนแหลมทอง', 4, 80),
(515, 'โนนบุรี', 4, 80),
(516, 'โนนน้ำเกลี้ยง', 4, 80),
(517, 'ทุ่งคลอง', 4, 81),
(518, 'โพน', 4, 81),
(519, 'ดินจี่', 4, 81),
(520, 'นาบอน', 4, 81),
(521, 'นาทัน', 4, 81),
(522, 'เนินยาง', 4, 81),
(523, 'ท่าคันโท', 4, 82),
(524, 'กุงเก่า', 4, 82),
(525, 'ยางอู้ม', 4, 82),
(526, 'กุดจิก', 4, 82),
(527, 'นาตาล', 4, 82),
(528, 'ดงสมบูรณ์', 4, 82),
(529, 'หนองกุงศรี', 4, 83),
(530, 'หนองบัว', 4, 83),
(531, 'โคกเครือ', 4, 83),
(532, 'หนองสรวง', 4, 83),
(533, 'เสาเล้า', 4, 83),
(534, 'หนองใหญ่', 4, 83),
(535, 'ดงมูล', 4, 83),
(536, 'ลำหนองแสน', 4, 83),
(537, 'หนองหิน', 4, 83),
(538, 'สมเด็จ', 4, 84),
(539, 'หนองแวง', 4, 84),
(540, 'แซงบาดาล', 4, 84),
(541, 'มหาไชย', 4, 84),
(542, 'หมูม่น', 4, 84),
(543, 'ผาเสวย', 4, 84),
(544, 'ศรีสมเด็จ', 4, 84),
(545, 'ลำห้วยหลัว', 4, 84),
(546, 'คำบง', 4, 85),
(547, 'ไค้นุ่น', 4, 85),
(548, 'นิคมห้วยผึ้ง	', 4, 85),
(549, 'หนองอีบุตร', 4, 85),
(550, 'สำราญ', 4, 86),
(551, 'สำราญใต้', 4, 86),
(552, 'คำสร้างเที่ยง', 4, 86),
(553, 'หนองช้าง', 4, 86),
(554, 'นาคู', 4, 87),
(555, 'สายนาวัง', 4, 87),
(556, 'โนนนาจาน', 4, 87),
(557, 'บ่อแก้ว', 4, 87),
(558, 'ภูแล่นช้าง', 4, 87),
(559, 'ดอนจาน', 4, 88),
(560, 'สะอาดไชยศรี', 4, 88),
(561, 'ดงพยุง', 4, 88),
(562, 'ม่วงนา', 4, 88),
(563, 'นาจำปา', 4, 88),
(564, 'ฆ้องชัยพัฒนา', 4, 89),
(565, 'เหล่ากลาง', 4, 89),
(566, 'โคกสะอาด', 4, 89),
(567, 'โนนศิลาเลิง', 4, 89),
(568, 'ลำชี', 4, 89),
(569, 'ในเมือง', 5, 90),
(570, 'ไตรตรึงษ์', 5, 90),
(571, 'อ่างทอง', 5, 90),
(572, 'นาบ่อคำ', 5, 90),
(573, 'นครชุม', 5, 90),
(574, 'ทรงธรรม', 5, 90),
(575, 'ลานดอกไม้', 5, 90),
(576, 'หนองปลิง', 5, 90),
(577, 'คณฑี', 5, 90),
(578, 'นิคมทุ่งโพธิ์ทะเล', 5, 90),
(579, 'เทพนคร', 5, 90),
(580, 'วังทอง', 5, 90),
(581, 'ท่าขุนราม', 5, 90),
(582, 'คลองแม่ลาย', 5, 90),
(583, 'ธำมรงค์', 5, 90),
(584, 'สระแก้ว', 5, 90),
(585, 'ไทรงาม', 5, 91),
(586, 'หนองคล้า', 5, 91),
(587, 'หนองทอง', 5, 91),
(588, 'หนองไม้กอง', 5, 91),
(589, 'มหาชัย', 4, 91),
(590, 'พานทอง', 5, 91),
(591, 'หนองแม่แตง', 5, 91),
(592, 'คลองน้ำไหล', 5, 92),
(593, 'โป่งน้ำร้อน', 5, 92),
(594, 'คลองลานพัฒนา', 5, 92),
(595, 'สักงาม', 5, 92),
(596, 'ยางสูง', 5, 93),
(597, 'ป่าพุทรา', 5, 93),
(598, 'แสนตอ', 5, 93),
(599, 'สลกบาตร', 5, 93),
(600, 'บ่อถ้ำ', 5, 93),
(601, 'ดอนแตง', 5, 93),
(602, 'วังชะพลู', 5, 93),
(603, 'โค้งไผ่', 5, 93),
(604, 'ปางมะค่า', 5, 93),
(605, 'วังหามแห', 5, 93),
(606, 'เกาะตาล', 5, 93),
(607, 'คลองขลุง', 5, 94),
(608, 'ท่ามะเขือ', 5, 94),
(609, 'ท่าพุทรา', 5, 94),
(610, 'แม่ลาด', 5, 94),
(611, 'วังยาง', 5, 94),
(612, 'วังแขม', 5, 94),
(613, 'หัวถนน', 5, 94),
(614, 'วังไทร', 5, 94),
(615, 'วังบัว', 5, 94),
(616, 'คลองสมบูรณ์', 5, 94),
(617, 'พรานกระต่าย', 5, 95),
(618, 'หนองหัววัว', 5, 95),
(619, 'ท่าไม้', 5, 95),
(620, 'วังควง', 5, 95),
(621, 'วังตะแบก', 5, 95),
(622, 'เขาคีริส', 5, 95),
(623, 'คุยบ้านโอง', 5, 95),
(624, 'คลองพิไกร', 5, 95),
(625, 'ถ้ำกระต่ายทอง', 5, 95),
(626, 'ห้วยยั้ง', 5, 95),
(627, 'ลานกระบือ', 5, 96),
(628, 'ช่องลม', 5, 96),
(629, 'หนองหลวง', 5, 96),
(630, 'โนนพลวง', 5, 96),
(631, 'ประชาสุขสันต์', 5, 96),
(632, 'บึงทับแรต', 5, 96),
(633, 'จันทิมา', 5, 96),
(634, 'ทุ่งทราย', 5, 97),
(635, 'ทุ่งทอง', 5, 97),
(636, 'ถาวรวัฒนา', 5, 97),
(637, 'โพธิ์ทอง', 5, 98),
(638, 'หินดาต', 5, 98),
(639, 'ปางตาไว', 5, 98),
(640, 'บึงสามัคคี', 5, 99),
(641, 'วังชะโอน', 5, 99),
(642, 'ระหาน', 5, 99),
(643, 'เทพนิมิต', 5, 99),
(644, 'โกสัมพี', 5, 100),
(645, 'เพชรชมภู', 5, 100),
(646, 'ลานดอกไม้ตก', 5, 100),
(647, 'ในเมือง', 6, 101),
(648, 'สำราญ', 6, 101),
(649, 'โคกสี', 6, 101),
(650, 'ท่าพระ', 6, 101),
(651, 'บ้านทุ่ม', 6, 101),
(652, 'เมืองเก่า', 6, 101),
(653, 'พระลับ', 6, 101),
(654, 'สาวะถี', 6, 101),
(655, 'บ้านหว้า', 6, 101),
(656, 'บ้านค้อ', 6, 101),
(657, 'แดงใหญ่', 6, 101),
(658, 'ดอนช้าง', 6, 101),
(659, 'ดอนหัน', 6, 101),
(660, 'ศิลา', 6, 101),
(661, 'บ้านเป็ด', 5, 101),
(662, 'หนองตูม', 6, 101),
(663, 'บึงเนียม', 6, 101),
(664, 'โนนท่อน', 6, 101),
(665, 'หนองบัว', 6, 102),
(666, 'ป่าหวายนั่ง', 6, 102),
(667, 'โนนฆ้อง', 6, 102),
(668, 'บ้านเหล่า', 6, 102),
(669, 'ป่ามะนาว', 6, 102),
(670, 'บ้านฝาง', 6, 102),
(671, 'โคกงาม', 6, 102),
(672, 'พระยืน', 6, 103),
(673, 'พระบุ', 6, 103),
(674, 'บ้านโต้น', 6, 103),
(675, 'หนองแวง', 6, 103),
(676, 'ขามป้อม', 6, 103),
(677, 'หนองเรือ', 6, 104),
(678, 'โนนทอง', 6, 104),
(679, 'บ้านเม็ง', 6, 104),
(680, 'กุดกว้าง', 6, 104),
(681, 'บ้านกง', 6, 104),
(682, 'โนนทัน', 6, 104),
(683, 'ยางคำ', 6, 104),
(684, 'โนนสะอาด', 6, 104),
(685, 'จระเข้', 6, 104),
(686, 'บ้านผือ', 6, 104),
(687, 'ชุมแพ', 6, 105),
(688, 'โนนหัน', 6, 105),
(689, 'หนองเขียด', 6, 105),
(690, 'โนนสะอาด', 6, 105),
(691, 'ขัวเรียง', 6, 105),
(692, 'หนองไผ่', 6, 105),
(693, 'ไชยสอ', 6, 105),
(694, 'วังหินลาด', 6, 105),
(695, 'นาเพียง', 6, 105),
(696, 'นาหนองทุ่ม', 6, 105),
(697, 'หนองเสาเล้า', 6, 105),
(698, 'โนนอุดม', 6, 105),
(699, 'สีชมพู', 6, 106),
(700, 'ศรีสุข', 6, 106),
(701, 'นาจาน', 6, 106),
(702, 'วังเพิ่ม', 6, 106),
(703, 'ซำยาง', 6, 106),
(704, 'หนองแดง', 6, 106),
(705, 'ดงลาน', 6, 106),
(706, 'บริบูรณ์', 6, 106),
(707, 'บ้านใหม่', 6, 106),
(708, 'ภูห่าน', 6, 106),
(709, 'น้ำพอง', 6, 107),
(710, 'วังชัย', 6, 107),
(711, 'หนองกุง', 6, 107),
(712, 'บัวใหญ่', 6, 107),
(713, 'สะอาด', 6, 107),
(714, 'ม่วงหวาน', 6, 107),
(715, 'บ้านขาม', 6, 107),
(716, 'บัวเงิน', 6, 107),
(717, 'ทรายมูล', 6, 107),
(718, 'ท่ากระเสริม', 6, 107),
(719, 'พังทุย', 6, 107),
(720, 'กุดน้ำใส', 6, 107),
(721, 'โคกสูง', 6, 108),
(722, 'บ้านดง', 6, 108),
(723, 'เขื่อนอุบลรัตน์', 6, 108),
(724, 'นาคำ', 6, 108),
(725, 'ศรีสุขสำราญ', 6, 108),
(726, 'ทุ่งโป่ง', 6, 108),
(727, 'หนองโก', 6, 109),
(728, 'หนองกุงใหญ่', 6, 109),
(729, 'ห้วยโจด', 6, 109),
(730, 'ห้วยยาง', 6, 109),
(731, 'บ้านฝาง', 6, 109),
(732, 'ดูนสาด', 6, 109),
(733, 'หนองโน', 6, 109),
(734, 'น้ำอ้อม', 6, 109),
(735, 'หัวนาคำ', 6, 109),
(736, 'บ้านไผ่', 6, 110),
(737, 'ในเมือง', 6, 110),
(738, 'เมืองเพีย', 6, 110),
(739, 'บ้านลาน', 6, 110),
(740, 'แคนเหนือ', 6, 110),
(741, 'ภูเหล็ก', 6, 110),
(742, 'ป่าปอ', 6, 110),
(743, 'หินตั้ง', 6, 110),
(744, 'หนองน้ำใส', 6, 110),
(745, 'หัวหนอง', 6, 110),
(746, 'เปือยน้อย', 6, 111),
(747, 'วังม่วง', 6, 111),
(748, 'ขามป้อม', 6, 111),
(749, 'สระแก้ว', 6, 111),
(750, 'เมืองพล', 6, 112),
(751, 'โจดหนองแก', 6, 112),
(752, 'เก่างิ้ว', 6, 112),
(753, 'หนองมะเขือ', 6, 112),
(754, 'หนองแวงโสกพระ', 6, 112),
(755, 'เพ็กใหญ่', 6, 112),
(756, 'โคกสง่า', 6, 112),
(757, 'หนองแวงนางเบ้า', 6, 112),
(758, 'ลอมคอม', 6, 112),
(759, 'โนนข่า', 6, 112),
(760, 'โสกนกเต็น', 6, 112),
(761, 'หัวทุ่ง', 6, 112),
(762, 'คอนฉิม', 6, 113),
(763, 'ใหม่นาเพียง', 6, 113),
(764, 'โนนทอง', 5, 113),
(765, 'แวงใหญ่', 6, 113),
(766, 'โนนสะอาด', 6, 113),
(767, 'แวงน้อย', 6, 114),
(768, 'ก้านเหลือง', 6, 114),
(769, 'ท่านางแนว', 6, 114),
(770, 'ละหานนา', 6, 114),
(771, 'ท่าวัด', 6, 114),
(772, 'ทางขวาง', 6, 114),
(773, 'หนองสองห้อง', 6, 115),
(774, 'คึมชาด', 6, 115),
(775, 'โนนธาตุ', 6, 115),
(776, 'ตะกั่วป่า', 6, 115),
(777, 'สำโรง', 6, 115),
(778, 'หนองเม็ก', 6, 115),
(779, 'ดอนดู่', 6, 115),
(780, 'ดงเค็ง', 6, 115),
(781, 'หันโจด', 6, 115),
(782, 'ดอนดั่ง', 6, 115),
(783, 'วังหิน', 6, 115),
(784, 'หนองไผ่ล้อม', 6, 115),
(785, 'บ้านเรือ', 6, 116),
(786, 'หว้าทอง', 6, 116),
(787, 'กุดขอนแก่น', 6, 116),
(789, 'นาชุมแสง', 6, 116),
(790, 'นาหว้า', 6, 116),
(791, 'หนองกุงธนสาร', 6, 116),
(792, 'หนองกุงเซิน', 6, 116),
(793, 'สงเปือย', 6, 116),
(794, 'ทุ่งชมพู', 6, 116),
(795, 'ดินดำ', 6, 116),
(796, 'ภูเวียง', 6, 116),
(797, 'กุดเค้า', 6, 117),
(798, 'สวนหม่อน', 6, 117),
(799, 'หนองแปน', 6, 117),
(800, 'โพนเพ็ก', 6, 117),
(801, 'คำแคน', 6, 117),
(802, 'นาข่า', 6, 117),
(803, 'นางาม', 6, 117),
(804, 'ท่าศาลา', 6, 117),
(805, 'ชนบท', 6, 118),
(806, 'กุดเพียขอม', 6, 118),
(807, 'วังแสง', 6, 118),
(808, 'ห้วยแก', 6, 118),
(809, 'บ้านแท่น', 6, 118),
(810, 'ศรีบุญเรือง', 6, 118),
(811, 'โนนพะยอม', 6, 118),
(812, 'ปอแดง', 6, 118),
(813, 'เขาสวนกวาง', 6, 119),
(814, 'ดงเมืองแอม', 6, 119),
(815, 'นางิ้ว', 6, 119),
(816, 'โนนสมบูรณ์', 6, 119),
(817, 'คำม่วง', 6, 119),
(818, 'โนนคอม', 6, 120),
(819, 'นาฝาย', 6, 120),
(820, 'ภูผาม่าน', 6, 120),
(821, 'วังสวาบ', 6, 120),
(822, 'ห้วยม่วง', 6, 120),
(823, 'กระนวน', 6, 121),
(824, 'คำแมด', 6, 121),
(825, 'บ้านโนน', 6, 121),
(826, 'คูคำ', 6, 121),
(827, 'ห้วยเตย', 6, 121),
(828, 'บ้านโคก', 6, 122),
(829, 'โพธิ์ไชย', 6, 122),
(830, 'ซับสมบูรณ์', 6, 122),
(831, 'นาแพง', 6, 122),
(832, 'กุดธาตุ', 6, 123),
(833, 'บ้านโคก', 6, 123),
(834, 'ขนวน', 6, 123),
(835, 'บ้านแฮด', 6, 124),
(836, 'โคกสำราญ', 6, 124),
(837, 'โนนสมบูรณ์', 6, 124),
(838, 'หนองแซง', 6, 124),
(839, 'โนนศิลา', 6, 125),
(840, 'หนองปลาหมอ', 6, 125),
(841, 'บ้านหัน', 6, 125),
(842, 'เปือยใหญ่', 6, 125),
(843, 'โนนแดง', 6, 125),
(844, 'ในเมือง', 6, 126),
(845, 'เมืองเก่าพัฒนา', 6, 126),
(846, 'เขาน้อย', 6, 126),
(847, 'ตลาด', 7, 127),
(848, 'วัดใหม่', 7, 127),
(849, 'คลองนารายณ์', 7, 127),
(850, 'เกาะขวาง', 7, 127),
(851, 'คมบาง', 7, 127),
(852, 'ท่าช้าง', 7, 127),
(853, 'จันทนิมิต', 7, 127),
(854, 'บางกะจะ', 7, 127),
(855, 'แสลง', 7, 127),
(856, 'หนองบัว', 7, 127),
(857, 'พลับพลา', 7, 127),
(858, 'ขลุง', 7, 128),
(859, 'บ่อ', 7, 128),
(860, 'เกวียนหัก', 7, 128),
(861, 'ตะปอน', 7, 128),
(862, 'บางชัน', 7, 128),
(863, 'วันยาว', 7, 128),
(864, 'ซึ้ง', 7, 128),
(865, 'มาบไพ', 7, 128),
(866, 'วังสรรพรส', 7, 128),
(867, 'ตรอกนอง', 7, 128),
(868, 'ตกพรม', 7, 128),
(869, 'บ่อเวฬุ', 7, 128),
(870, 'ท่าใหม่', 7, 129),
(871, 'ยายร้า', 7, 129),
(872, 'สีพยา', 7, 129),
(873, 'บ่อพุ', 7, 129),
(874, 'พลอยแหวน', 7, 129),
(875, 'เขาวัว', 7, 129),
(876, 'เขาบายศรี', 7, 129),
(877, 'สองพี่น้อง', 7, 129),
(878, 'ทุ่งเบญจา', 7, 129),
(879, 'รำพัน', 7, 129),
(880, 'โขมง', 7, 129),
(881, 'ตะกาดเง้า', 7, 129),
(882, 'คลองขุด', 7, 129),
(883, 'เขาแก้ว', 7, 129),
(884, 'โป่งน้ำร้อน', 7, 130),
(885, 'ทับไทร', 7, 130),
(886, 'หนองตาคง', 7, 130),
(887, 'เทพนิมิต', 7, 130),
(888, 'คลองใหญ่', 7, 130),
(889, 'มะขาม', 7, 131),
(890, 'ท่าหลวง', 7, 131),
(891, 'ปัถวี', 7, 131),
(892, 'วังแซ้ม', 7, 131),
(893, 'ฉมัน', 7, 131),
(894, 'อ่างคีรี', 7, 131),
(895, 'ปากน้ำแหลมสิงห์', 7, 132),
(896, 'เกาะเปริด', 7, 132),
(897, 'หนองชิ่ม', 7, 132),
(898, 'พลิ้ว', 7, 132),
(899, 'คลองน้ำเค็ม', 7, 132),
(900, 'บางสระเก้า', 7, 132),
(901, 'บางกะไชย', 7, 132),
(902, 'ปะตง', 7, 133),
(903, 'ทุ่งขนาน', 7, 133),
(904, 'ทับช้าง', 7, 133),
(905, 'ทรายขาว', 7, 133),
(906, 'สะตอน', 7, 133),
(907, 'แก่งหางแมว', 7, 134),
(908, 'ขุนซ่อง', 7, 134),
(909, 'สามพี่น้อง', 7, 134),
(910, 'พวา', 7, 134),
(911, 'เขาวงกต', 7, 134),
(912, 'นายายอาม', 7, 135),
(913, 'วังโตนด', 7, 135),
(914, 'กระแจะ', 7, 135),
(915, 'สนามไชย', 7, 135),
(916, 'ช้างข้าม', 7, 135),
(917, 'วังใหม่', 7, 135),
(918, 'ชากไทย', 7, 136),
(919, 'พลวง', 7, 136),
(920, 'ตะเคียนทอง', 7, 136),
(921, 'คลองพลู', 7, 136),
(922, 'จันทเขลม', 7, 136),
(923, 'หน้าเมือง', 8, 137),
(924, 'ท่าไข่', 8, 137),
(925, 'บ้านใหม่', 8, 137),
(926, 'คลองนา', 8, 137),
(927, 'บางตีนเป็ด', 8, 137),
(928, 'บางไผ่', 8, 137),
(929, 'คลองจุกกระเฌอ', 8, 137),
(930, 'บางแก้ว', 8, 137),
(931, 'บางขวัญ', 8, 137),
(932, 'คลองนครเนื่องเขต', 8, 137),
(933, 'วังตะเคียน', 8, 137),
(934, 'โสธร', 8, 137),
(935, 'บางพระ', 8, 137),
(936, 'บางกะไห', 8, 137),
(937, 'หนามแดง', 8, 137),
(938, 'คลองเปรง', 8, 137),
(939, 'คลองอุดมชลจร', 8, 137),
(940, 'คลองหลวงแพ่ง', 8, 137),
(941, 'บางเตย', 8, 137),
(942, 'บางคล้า', 8, 138),
(943, 'บางสวน', 8, 138),
(944, 'บางกระเจ็ด', 8, 138),
(945, 'ปากน้ำ', 8, 138),
(946, 'ท่าทองหลาง', 8, 138),
(947, 'สาวชะโงก', 8, 138),
(948, 'เสม็ดเหนือ', 8, 138),
(949, 'เสม็ดใต้', 8, 138),
(950, 'หัวไทร', 8, 138),
(951, 'บางน้ำเปรี้ยว', 8, 139),
(952, 'บางขนาก', 8, 139),
(953, 'สิงโตทอง', 8, 139),
(954, 'หมอนทอง', 8, 139),
(955, 'บึงน้ำรักษ์', 8, 139),
(956, 'ดอนเกาะกา', 8, 139),
(957, 'โยธะกา', 8, 139),
(958, 'ดอนฉิมพลี', 8, 139),
(959, 'ศาลาแดง', 8, 139),
(960, 'โพรงอากาศ', 8, 139),
(961, 'บางปะกง', 8, 140),
(962, 'ท่าสะอ้าน', 8, 140),
(963, 'บางวัว', 8, 140),
(964, 'บางสมัคร', 8, 140),
(965, 'บางผึ้ง', 8, 140),
(966, 'บางเกลือ', 8, 140),
(967, 'สองคลอง', 8, 140),
(968, 'หนองจอก', 8, 140),
(969, 'พิมพา', 8, 140),
(970, 'ท่าข้าม', 8, 140),
(971, 'หอมศีล', 8, 140),
(972, 'เขาดิน', 8, 140),
(973, 'บ้านโพธิ์', 8, 141),
(974, 'เกาะไร่', 8, 141),
(975, 'คลองขุด', 8, 141),
(976, 'คลองบ้านโพธิ์', 8, 141),
(977, 'คลองประเวศ', 8, 141),
(978, 'ดอนทราย', 8, 141),
(979, 'เทพราช', 8, 141),
(980, 'ท่าพลับ', 8, 141),
(981, 'หนองตีนนก', 8, 141),
(982, 'หนองบัว', 8, 141),
(983, 'บางซ่อน', 8, 141),
(984, 'บางกรูด', 8, 141),
(985, 'แหลมประดู่', 8, 141),
(986, 'ลาดขวาง', 8, 141),
(987, 'สนามจันทร์', 8, 141),
(988, 'แสนภูดาษ', 8, 141),
(989, 'สิบเอ็ดศอก', 8, 141),
(990, 'เกาะขนุน', 8, 142),
(991, 'บ้านซ่อง', 8, 142),
(992, 'พนมสารคาม', 8, 142),
(993, 'เมืองเก่า', 8, 142),
(994, 'หนองยาว', 8, 142),
(995, 'ท่าถ่าน', 8, 142),
(996, 'หนองแหน', 8, 142),
(997, 'เขาหินซ้อน', 8, 142),
(998, 'บางคา', 8, 143),
(999, 'เมืองใหม่', 8, 143),
(1000, 'ดงน้อย', 8, 143),
(1001, 'คู้ยายหมี', 8, 144),
(1002, 'ท่ากระดาน', 8, 144),
(1003, 'ทุ่งพระยา', 8, 144),
(1004, 'ลาดกระทิง', 8, 144),
(1005, 'แปลงยาว', 5, 145),
(1006, 'วังเย็น', 8, 145),
(1007, 'หัวสำโรง', 8, 145),
(1008, 'หนองไม้แก่น', 8, 145),
(1009, 'ท่าตะเกียบ', 8, 146),
(1010, 'คลองตะเกรา', 8, 146),
(1011, 'ก้อนแก้ว', 8, 147),
(1012, 'คลองเขื่อน', 8, 147),
(1013, 'บางเล่า', 8, 147),
(1014, 'บางโรง', 8, 147),
(1015, 'บางตลาด', 8, 147),
(1016, 'บางปลาสร้อย', 9, 148),
(1017, 'มะขามหย่ง', 9, 148),
(1018, 'บ้านโขด', 9, 148),
(1019, 'แสนสุข', 9, 148),
(1020, 'บ้านสวน', 9, 148),
(1021, 'หนองรี', 9, 148),
(1022, 'นาป่า', 9, 148),
(1023, 'หนองข้างคอก', 9, 148),
(1024, 'ดอนหัวฬ่อ', 9, 148),
(1025, 'หนองไม้แดง', 9, 148),
(1026, 'บางทราย', 9, 148),
(1027, 'คลองตำหรุ', 9, 148),
(1028, 'เหมือง', 9, 148),
(1029, 'บ้านปึก', 9, 148),
(1030, 'ห้วยกะปิ', 9, 148),
(1031, 'เสม็ด', 9, 148),
(1032, 'อ่างศิลา', 9, 148),
(1033, 'สำนักบก', 9, 148),
(1034, 'บ้านบึง', 9, 149),
(1035, 'คลองกิ่ว', 9, 149),
(1036, 'มาบไผ่', 9, 149),
(1037, 'หนองซ้ำซาก', 9, 149),
(1038, 'หนองบอนแดง', 9, 149),
(1039, 'หนองชาก', 9, 149),
(1040, 'หนองอิรุณ', 9, 149),
(1041, 'หนองไผ่แก้ว', 9, 149),
(1042, 'หนองใหญ่', 9, 150),
(1043, 'คลองพลู', 9, 150),
(1044, 'หนองเสือช้าง', 9, 150),
(1045, 'ห้างสูง', 9, 150),
(1046, 'เขาซก', 9, 150),
(1047, 'บางละมุง', 9, 151),
(1048, 'หนองปรือ', 9, 151),
(1049, 'หนองปลาไหล', 9, 151),
(1050, 'โป่ง', 9, 151),
(1051, 'เขาไม้แก้ว', 9, 151),
(1052, 'ห้วยใหญ่', 9, 151),
(1053, 'ตะเคียนเตี้ย', 9, 151),
(1054, 'นาเกลือ', 9, 151),
(1055, 'พานทอง', 9, 152),
(1056, 'หนองตำลึง', 9, 152),
(1057, 'มาบโป่ง', 9, 152),
(1058, 'หนองกะขะ', 9, 152),
(1059, 'หนองหงษ์', 9, 152),
(1060, 'โคกขี้หนอน', 9, 152),
(1061, 'บ้านเก่า', 9, 152),
(1062, 'หน้าประดู่', 9, 152),
(1063, 'บางนาง', 9, 152),
(1064, 'เกาะลอย', 9, 152),
(1065, 'บางหัก', 9, 152),
(1066, 'พนัสนิคม', 9, 153),
(1067, 'หน้าพระธาตุ', 9, 153),
(1068, 'วัดหลวง', 9, 153),
(1069, 'บ้านเซิด', 9, 153),
(1070, 'นาเริก', 9, 153),
(1071, 'หมอนนาง', 9, 153),
(1072, 'สระสี่เหลี่ยม', 9, 153),
(1073, 'วัดโบสถ์', 9, 153),
(1074, 'กุฎโง้ง', 9, 153),
(1075, 'หัวถนน', 9, 153),
(1076, 'ท่าข้าม', 9, 153),
(1077, 'หนองปรือ', 9, 153),
(1078, 'หนองขยาด', 9, 153),
(1079, 'ทุ่งขวาง', 9, 153),
(1080, 'หนองเหียง', 9, 153),
(1081, 'นาวังหิน', 9, 153),
(1082, 'บ้านช้าง', 9, 153),
(1083, 'โคกเพลาะ', 9, 153),
(1084, 'ไร่หลักทอง', 9, 153),
(1085, 'นามะตูม', 9, 153),
(1086, 'ศรีราชา', 9, 154),
(1087, 'สุรศักดิ์', 9, 154),
(1088, 'ทุ่งสุขลา', 9, 154),
(1089, 'บึง', 9, 154),
(1090, 'หนองขาม', 9, 154),
(1091, 'เขาคันทรง', 9, 154),
(1092, 'บางพระ', 9, 154),
(1093, 'บ่อวิน', 9, 154),
(1094, 'ท่าเทววงษ์', 9, 155),
(1095, 'สัตหีบ', 9, 156),
(1096, 'นาจอมเทียน', 9, 156),
(1097, 'พลูตาหลวง', 9, 156),
(1098, 'บางเสร่', 9, 156),
(1099, 'แสมสาร', 9, 156),
(1100, 'บ่อทอง', 9, 157),
(1101, 'วัดสุวรรณ', 9, 157),
(1102, 'บ่อกวางทอง', 9, 157),
(1103, 'ธาตุทอง', 9, 157),
(1104, 'เกษตรสุวรรณ', 9, 157),
(1105, 'พลวงทอง', 9, 157),
(1106, 'เกาะจันทร์', 9, 158),
(1107, 'ท่าบุญมี', 9, 158),
(1108, 'ในเมือง', 10, 148),
(1109, 'บ้านกล้วย', 10, 148),
(1110, 'ท่าชัย', 10, 148),
(1111, 'ชัยนาท', 10, 148),
(1112, 'เขาท่าพระ', 10, 148),
(1113, 'หาดท่าเสา', 10, 148),
(1114, 'ธรรมามูล', 10, 148),
(1115, 'เสือโฮก', 10, 148),
(1116, 'นางลือ', 10, 148),
(1117, 'คุ้งสำเภา', 10, 149),
(1118, 'วัดโคก', 10, 149),
(1119, 'ศิลาดาน', 10, 149),
(1120, 'ท่าฉนวน', 10, 149),
(1121, 'หางน้ำสาคร', 10, 149),
(1122, 'ไร่พัฒนา', 10, 149),
(1123, 'อู่ตะเภา', 10, 149),
(1124, 'วัดสิงห์', 10, 161),
(1125, 'มะขามเฒ่า', 10, 161),
(1126, 'หนองน้อย', 10, 161),
(1127, 'หนองบัว', 10, 161),
(1128, 'หนองขุ่น', 10, 161),
(1129, 'บ่อแร่', 10, 161),
(1130, 'วังหมัน', 10, 161),
(1131, 'สรรพยา', 10, 162),
(1132, 'ตลุก', 10, 162),
(1133, 'เขาแก้ว', 10, 162),
(1134, 'โพนางดำตก', 10, 162),
(1135, 'โพนางดำออก', 10, 162),
(1136, 'บางหลวง', 10, 162),
(1137, 'หาดอาษา', 10, 162),
(1138, 'แพรกศรีราชา', 10, 163),
(1139, 'เที่ยงแท้', 10, 163),
(1140, 'ห้วยกรด', 10, 163),
(1141, 'โพงาม', 10, 163),
(1142, 'บางขุด', 10, 163),
(1143, 'ดงคอน', 10, 163),
(1144, 'ดอนกำ', 10, 163),
(1145, 'ห้วยกรดพัฒนา', 10, 163),
(1146, 'หันคา', 10, 164),
(1147, 'บ้านเชี่ยน', 10, 164),
(1148, 'ไพรนกยูง', 10, 164),
(1149, 'หนองแซง', 10, 164),
(1150, 'ห้วยงู', 10, 164),
(1151, 'วังไก่เถื่อน', 10, 164),
(1152, 'เด่นใหญ่', 10, 164),
(1153, 'สามง่ามท่าโบสถ์', 10, 164),
(1154, 'หนองมะโมง', 10, 165),
(1155, 'วังตะเคียน', 10, 165),
(1156, 'สะพานหิน', 10, 165),
(1157, 'กุดจอก', 10, 165),
(1158, 'เนินขาม', 10, 166),
(1159, 'กะบกเตี้ย', 10, 166),
(1160, 'สุขเดือนห้า', 10, 166),
(1161, 'ในเมือง', 11, 167),
(1162, 'รอบเมือง', 11, 167),
(1163, 'โพนทอง', 11, 167),
(1164, 'นาฝาย', 11, 167),
(1165, 'บ้านค่าย', 11, 167),
(1166, 'กุดตุ้ม', 11, 167),
(1167, 'ชีลอง', 11, 167),
(1168, 'บ้านเล่า', 11, 167),
(1169, 'นาเสียว', 11, 167),
(1170, 'หนองนาแซง', 11, 167),
(1171, 'ลาดใหญ่', 11, 167),
(1172, 'หนองไผ่', 11, 167),
(1173, 'ท่าหินโงม', 11, 167),
(1174, 'ห้วยต้อน', 11, 167),
(1175, 'ห้วยบง', 11, 167),
(1176, 'โนนสำราญ', 11, 167),
(1177, 'โคกสูง', 11, 167),
(1178, 'บุ่งคล้า', 11, 167),
(1179, 'ซับสีทอง', 11, 167),
(1180, 'บ้านเขว้า', 11, 168),
(1181, 'ตลาดแร้ง', 11, 168),
(1182, 'ลุ่มลำชี', 11, 168),
(1183, 'ชีบน', 11, 168),
(1184, 'ภูแลนคา', 11, 168),
(1185, 'โนนแดง', 11, 168),
(1186, 'คอนสวรรค์', 11, 169),
(1187, 'ยางหวาย', 11, 169),
(1188, 'ช่องสามหมอ', 11, 169),
(1189, 'โนนสะอาด', 11, 169),
(1190, 'ห้วยไร่', 11, 169),
(1191, 'บ้านโสก', 11, 169),
(1192, 'โคกมั่งงอย', 11, 169),
(1193, 'หนองขาม', 11, 169),
(1194, 'ศรีสำราญ', 11, 169),
(1195, 'บ้านยาง', 11, 170),
(1196, 'บ้านหัน', 11, 170),
(1197, 'บ้านเดื่อ', 11, 170),
(1198, 'บ้านเป้า', 11, 170),
(1199, 'กุดเลาะ', 11, 170),
(1200, 'โนนกอก', 11, 170),
(1201, 'สระโพนทอง', 11, 170),
(1202, 'หนองข่า', 11, 170),
(1203, 'หนองโพนงาม', 11, 170),
(1204, 'บ้านบัว', 11, 170),
(1205, 'โนนทอง', 11, 170),
(1206, 'หนองบัวแดง', 11, 171),
(1207, 'กุดชุมแสง', 11, 171),
(1208, 'ถ้ำวัวแดง', 11, 171),
(1209, 'นางแดด', 11, 171),
(1210, 'หนองแวง', 11, 171),
(1211, 'คูเมือง', 11, 171),
(1212, 'ท่าใหญ่', 11, 171),
(1213, 'วังชมภู', 11, 171),
(1214, 'บ้านกอก', 11, 172),
(1215, 'หนองบัวบาน', 11, 172),
(1216, 'บ้านขาม', 11, 172),
(1217, 'กุดน้ำใส', 11, 172),
(1218, 'หนองโดน', 11, 172),
(1219, 'ละหาน', 11, 172),
(1220, 'หนองบัวใหญ่', 11, 172),
(1221, 'หนองบัวโคก', 11, 172),
(1222, 'ส้มป่อย', 11, 172),
(1223, 'บ้านชวน', 11, 173),
(1224, 'บ้านเพชร', 11, 173),
(1225, 'บ้านตาล', 11, 173),
(1226, 'หัวทะเล', 11, 173),
(1227, 'โคกเริงรมย์', 11, 173),
(1228, 'เกาะมะนาว', 11, 173),
(1229, 'โคกเพชรพัฒนา', 11, 173),
(1230, 'หนองบัวระเหว', 11, 174),
(1231, 'วังตะเฆ่', 11, 174),
(1232, 'ห้วยแย้', 11, 174),
(1233, 'โคกสะอาด', 11, 174),
(1234, 'โสกปลาดุก', 11, 174),
(1235, 'วะตะแบก', 11, 175),
(1236, 'ห้วยยายจิ๋ว', 11, 175),
(1237, 'นายางกลัก', 11, 175),
(1238, 'บ้านไร่', 11, 175),
(1239, 'โป่งนก', 11, 175),
(1240, 'ผักปัง', 11, 176),
(1241, 'กวางโจน', 11, 176),
(1242, 'หนองคอนไทย', 11, 176),
(1243, 'บ้านแก้ง', 11, 176),
(1244, 'กุดยม', 11, 176),
(1245, 'บ้านเพชร', 11, 176),
(1246, 'โคกสะอาด', 11, 176),
(1247, 'หนองตูม', 11, 176),
(1248, 'โอโล', 11, 176),
(1249, 'ธาตุทอง', 11, 176),
(1250, 'บ้านดอน', 11, 176),
(1251, 'บ้านแท่น', 11, 177),
(1252, 'สามสวน', 11, 177),
(1253, 'สระพัง', 11, 177),
(1254, 'บ้านเต่า', 11, 177),
(1255, 'หนองคู', 11, 177),
(1256, 'ช่องสามหมอ', 11, 178),
(1257, 'หนองขาม', 11, 178),
(1258, 'นาหนองทุ่ม', 11, 178),
(1259, 'บ้านแก้ง', 11, 178),
(1260, 'หนองสังข์', 11, 178),
(1261, 'หลุบคา', 11, 178),
(1262, 'โคกกุง', 11, 178),
(1263, 'เก่าย่าดี', 11, 178),
(1264, 'ท่ามะไฟหวาน', 11, 178),
(1265, 'หนองไผ่', 11, 178),
(1266, 'คอนสาร', 11, 179),
(1267, 'ทุ่งพระ', 11, 179),
(1268, 'โนนคูณ', 11, 179),
(1269, 'ห้วยยาง', 11, 179),
(1270, 'ทุ่งลุยลาย', 11, 179),
(1271, 'ดงบัง', 11, 179),
(1272, 'ทุ่งนาเลา', 11, 179),
(1273, 'ดงกลาง', 11, 179),
(1274, 'เจาทอง', 11, 180),
(1275, 'บ้านเจียง', 11, 180),
(1276, 'วังทอง', 11, 180),
(1277, 'แหลมทอง', 11, 180),
(1278, 'หนองฉิม', 11, 181),
(1279, 'ตาเนิน', 11, 181),
(1280, 'กะฮาด', 11, 181),
(1281, 'รังงาม', 11, 181),
(1282, 'ซับใหญ่', 11, 182),
(1283, 'ท่ากูบ', 11, 182),
(1284, 'ตะโกทอง', 11, 182),
(1285, 'ท่าตะเภา', 12, 183),
(1286, 'ปากน้ำ', 12, 183),
(1287, 'ท่ายาง', 12, 183),
(1288, 'บางหมาก', 12, 183),
(1289, 'นาทุ่ง', 12, 183),
(1290, 'นาชะอัง', 12, 183),
(1291, 'ตากแดด', 12, 183),
(1292, 'บางลึก', 12, 183),
(1293, 'หาดพันไกร', 12, 183),
(1294, 'วังไผ่', 12, 183),
(1295, 'วังใหม่', 12, 183),
(1296, 'บ้านนา', 12, 183),
(1297, 'ขุนกระทิง', 12, 183),
(1298, 'ทุ่งคา', 12, 183),
(1299, 'วิสัยเหนือ', 12, 183),
(1300, 'หาดทรายรี', 12, 183),
(1301, 'ถ้ำสิงห์', 12, 183),
(1302, 'ท่าแซะ', 12, 184),
(1303, 'คุริง', 12, 184),
(1304, 'สลุย', 12, 184),
(1305, 'นากระตาม', 12, 184),
(1306, 'รับร่อ', 12, 184),
(1307, 'ท่าข้าม', 12, 184),
(1308, 'หงษ์เจริญ', 12, 184),
(1309, 'หินแก้ว', 12, 184),
(1310, 'ทรัพย์อนันต์', 12, 184),
(1311, 'สองพี่น้อง', 12, 184),
(1312, 'บางสน', 12, 185),
(1313, 'ทะเลทรัพย์', 12, 185),
(1314, 'สะพลี', 12, 185),
(1315, 'ชุมโค', 12, 185),
(1316, 'ดอนยาง', 12, 185),
(1317, 'ปากคลอง', 12, 185),
(1318, 'เขาไชยราช', 12, 185),
(1319, 'หลังสวน', 12, 186),
(1320, 'ขันเงิน', 12, 186),
(1321, 'ท่ามะพลา', 12, 186),
(1322, 'นาขา', 12, 186),
(1323, 'นาพญา', 12, 186),
(1324, 'บ้านควน', 12, 186),
(1325, 'บางมะพร้าว', 12, 186),
(1326, 'บางน้ำจืด', 12, 186),
(1327, 'ปากน้ำ', 12, 186),
(1328, 'พ้อแดง', 12, 186),
(1329, 'แหลมทราย', 12, 186),
(1330, 'วังตะกอ', 12, 186),
(1331, 'หาดยาย', 12, 186),
(1332, 'ละแม', 12, 187),
(1333, 'ทุ่งหลวง', 12, 187),
(1334, 'สวนแตง', 12, 187),
(1335, 'ทุ่งคาวัด', 12, 187),
(1336, 'พะโต๊ะ', 12, 188),
(1337, 'ปากทรง', 12, 188),
(1338, 'ปังหวาน', 12, 188),
(1339, 'พระรักษ์', 12, 188),
(1340, 'นาโพธิ์', 12, 189),
(1341, 'สวี', 12, 189),
(1342, 'ทุ่งระยะ', 12, 189),
(1343, 'ท่าหิน', 12, 189),
(1344, 'ปากแพรก', 12, 189),
(1345, 'ด่านสวี', 12, 189),
(1346, 'ครน', 12, 189),
(1347, 'วิสัยใต้', 12, 189),
(1348, 'นาสัก', 12, 189),
(1349, 'เขาทะลุ', 12, 189),
(1350, 'เขาค่าย', 12, 189),
(1351, 'ปากตะโก', 12, 190),
(1352, 'ทุ่งตะไคร', 12, 190),
(1353, 'ตะโก', 12, 190),
(1354, 'ช่องไม้แก้ว', 12, 190),
(1355, 'เวียง', 13, 191),
(1356, 'รอบเวียง', 13, 191),
(1357, 'บ้านดู่', 13, 191),
(1358, 'นางแล', 13, 191),
(1359, 'แม่ข้าวต้ม', 13, 191),
(1360, 'แม่ยาว', 13, 191),
(1361, 'สันทราย', 13, 191),
(1362, 'แม่กรณ์', 13, 191),
(1363, 'ห้วยชมภู', 13, 191),
(1364, 'ห้วยสัก', 13, 191),
(1365, 'ริมกก', 13, 191),
(1366, 'ดอยลาน', 13, 191),
(1367, 'ป่าอ้อดอนชัย', 13, 191),
(1368, 'ท่าสาย', 13, 191),
(1369, 'ดอยฮาง', 13, 191),
(1370, 'ท่าสุด', 13, 191),
(1371, 'เวียงชัย', 13, 192),
(1372, 'ผางาม', 13, 192),
(1373, 'เวียงเหนือ', 13, 192),
(1374, 'ดอนศิลา', 13, 192),
(1375, 'เมืองชุม', 13, 192),
(1376, 'เวียง', 13, 193),
(1377, 'สถาน', 13, 193),
(1378, 'ครึ่ง', 13, 193),
(1379, 'บุญเรือง', 13, 193),
(1380, 'ห้วยซ้อ', 13, 193),
(1381, 'ศรีดอนชัย', 13, 193),
(1382, 'ริมโขง', 13, 193),
(1383, 'เวียง', 13, 194),
(1384, 'งิ้ว', 13, 194),
(1385, 'ปล้อง', 13, 194),
(1386, 'แม่ลอย', 13, 194),
(1387, 'เชียงเคี่ยน', 13, 194),
(1388, 'ตับเต่า', 13, 194),
(1389, 'หงาว', 13, 194),
(1390, 'สันทรายงาม', 13, 194),
(1391, 'ศรีดอนไชย', 13, 194),
(1392, 'หนองแรด', 13, 194),
(1393, 'สันมะเค็ด', 13, 195),
(1394, 'แม่อ้อ', 13, 195),
(1395, 'ธารทอง', 13, 195),
(1396, 'สันติสุข', 13, 195),
(1397, 'ดอยงาม', 13, 195),
(1398, 'หัวง้ม', 13, 195),
(1399, 'เจริญเมือง', 13, 195),
(1400, 'ป่าหุ่ง', 13, 195),
(1401, 'ม่วงคำ', 13, 195),
(1402, 'ทรายขาว', 13, 195),
(1403, 'สันกลาง', 13, 195),
(1404, 'แม่เย็น', 13, 195),
(1405, 'เมืองพาน', 13, 195),
(1406, 'ทานตะวัน', 13, 195),
(1407, 'เวียงห้าว', 13, 195),
(1408, 'ป่าแดด', 13, 196),
(1409, 'ป่าแงะ', 13, 196),
(1410, 'สันมะค่า', 13, 196),
(1411, 'โรงช้าง', 13, 196),
(1412, 'ศรีโพธิ์เงิน', 13, 196),
(1413, 'แม่จัน', 13, 197),
(1414, 'จันจว้า', 13, 197),
(1415, 'แม่คำ', 13, 197),
(1416, 'ป่าซาง', 13, 197),
(1417, 'สันทราย', 13, 197),
(1418, 'ท่าข้าวเปลือก', 13, 197),
(1419, 'ป่าตึง', 13, 197),
(1420, 'แม่ไร่', 13, 197),
(1421, 'ศรีค้ำ', 13, 197),
(1422, 'จันจว้าใต้', 13, 197),
(1423, 'จอมสวรรค์', 13, 197),
(1424, 'เวียง', 13, 198),
(1425, 'ป่าสัก', 13, 198),
(1426, 'บ้านแซว', 13, 198),
(1427, 'ศรีดอนมูล', 13, 198),
(1428, 'แม่เงิน', 13, 198),
(1429, 'โยนก', 13, 198),
(1430, 'แม่สาย', 13, 199),
(1431, 'ห้วยไคร้', 13, 199),
(1432, 'เกาะช้าง', 13, 199),
(1433, 'โป่งผา', 13, 199),
(1434, 'ศรีเมืองชุม', 13, 199),
(1435, 'เวียงพางคำ', 13, 199),
(1436, 'บ้านด้าย', 13, 199),
(1437, 'โป่งงาม', 13, 199),
(1438, 'แม่สรวย', 13, 200),
(1439, 'ป่าแดด', 13, 200),
(1440, 'แม่พริก', 13, 200),
(1441, 'ศรีถ้อย', 13, 200),
(1442, 'ท่าก๊อ', 13, 200),
(1443, 'วาวี', 13, 200),
(1444, 'เจดีย์หลวง', 13, 200),
(1445, 'สันสลี', 13, 201),
(1446, 'เวียง', 13, 201),
(1447, 'บ้านโป่ง', 13, 201),
(1448, 'ป่างิ้ว', 13, 201),
(1449, 'เวียงกาหลง', 13, 201),
(1450, 'แม่เจดีย์', 13, 201),
(1451, 'แม่เจดีย์ใหม่', 13, 201),
(1452, 'แม่เปา', 13, 202),
(1453, 'แม่ต๋ำ', 13, 202),
(1454, 'ไม้ยา', 13, 202),
(1455, 'เม็งราย', 13, 202),
(1456, 'ตาดควัน', 13, 202),
(1457, 'ม่วงยาย', 13, 203),
(1458, 'หล่ายงาว', 13, 203),
(1459, 'ท่าข้าม', 13, 203),
(1460, 'ปอ', 13, 203),
(1461, 'ต้า', 13, 204),
(1462, 'ป่าตาล', 13, 204),
(1463, 'ยางฮอม', 13, 204),
(1464, 'เทอดไทย', 13, 205),
(1465, 'แม่สลองใน', 13, 205),
(1466, 'แม่สลองนอก', 13, 205),
(1467, 'แม่ฟ้าหลวง', 13, 205),
(1468, 'ดงมะดะ', 13, 206),
(1469, 'จอมหมอกแก้ว', 13, 206),
(1470, 'บัวสลี', 13, 206),
(1471, 'ป่าก่อดำ', 13, 206),
(1472, 'โป่งแพร่', 13, 206),
(1473, 'ทุ่งก่อ', 13, 207),
(1474, 'ดงมหาวัน', 13, 207),
(1475, 'ป่าซาง', 13, 207),
(1476, 'ปงน้อย', 13, 208),
(1477, 'โชคชัย', 13, 208),
(1478, 'หนองป่าก่อ', 13, 208),
(1479, 'ศรีภูมิ', 14, 209),
(1480, 'พระสิงห์', 14, 209),
(1481, 'หายยา', 14, 209),
(1482, 'ช้างม่อย', 14, 209),
(1483, 'ช้างคลาน', 14, 209),
(1484, 'วัดเกต', 14, 209),
(1485, 'ช้างเผือก', 14, 209),
(1486, 'สุเทพ', 14, 209),
(1487, 'แม่เหียะ', 14, 209),
(1488, 'ป่าแดด', 14, 209),
(1489, 'หนองหอย', 14, 209),
(1490, 'ท่าศาลา', 14, 209),
(1491, 'หนองป่าครั่ง', 14, 209),
(1492, 'ฟ้าฮ่าม', 14, 209),
(1493, 'ป่าตัน', 14, 209),
(1494, 'สันผีเสื้อ', 14, 209),
(1495, 'บ้านหลวง', 14, 210),
(1496, 'ข่วงเปา', 14, 210),
(1497, 'สบเตี๊ยะ', 14, 210),
(1498, 'บ้านแปะ', 14, 210),
(1499, 'ดอยแก้ว', 14, 210),
(1500, 'แม่สอย', 14, 210),
(1501, 'ช่างเคิ่ง', 14, 211),
(1502, 'ท่าผา', 14, 211),
(1503, 'บ้านทับ', 14, 211),
(1504, 'แม่ศึก', 14, 211),
(1505, 'แม่นาจร', 14, 211),
(1506, 'ปางหินฝน', 14, 211),
(1507, 'กองแขก', 14, 211),
(1508, 'เชียงดาว', 14, 212),
(1509, 'เมืองนะ', 14, 212),
(1510, 'เมืองงาย', 14, 212),
(1511, 'แม่นะ', 14, 212),
(1512, 'เมืองคอง', 14, 212),
(1513, 'ปิงโค้ง', 14, 212),
(1514, 'ทุ่งข้าวพวง', 14, 212),
(1515, 'เชิงดอย', 14, 213),
(1516, 'สันปูเลย', 14, 213),
(1517, 'ลวงเหนือ', 14, 213),
(1518, 'ป่าป้อง', 14, 213),
(1519, 'สง่าบ้าน', 14, 213),
(1520, 'ป่าลาน', 14, 213),
(1521, 'ตลาดขวัญ', 14, 213),
(1522, 'สำราญราษฎร์', 14, 213),
(1523, 'แม่คือ', 14, 213),
(1524, 'ตลาดใหญ่', 14, 213),
(1525, 'แม่ฮ้อยเงิน', 14, 213),
(1526, 'แม่โป่ง', 14, 213),
(1527, 'ป่าเมี่ยง', 14, 213),
(1528, 'เทพเสด็จ', 14, 213),
(1529, 'สันมหาพน', 14, 214),
(1530, 'แม่แตง', 14, 214),
(1531, 'ขี้เหล็ก', 14, 214),
(1532, 'ช่อแล', 14, 214),
(1533, 'แม่หอพระ', 14, 214),
(1534, 'สบเปิง', 14, 214),
(1535, 'สันป่ายาง', 14, 214),
(1536, 'บ้านเป้า', 14, 214),
(1537, 'ป่าแป๋', 14, 214),
(1538, 'เมืองก๋าย', 14, 214),
(1539, 'บ้านช้าง', 14, 214),
(1540, 'กื้ดช้าง', 14, 214),
(1541, 'อินทขิล', 14, 214),
(1542, 'ริมใต้', 14, 215),
(1543, 'ริมเหนือ', 14, 215),
(1544, 'สันโป่ง', 14, 215),
(1545, 'ขี้เหล็ก', 14, 215),
(1546, 'สะลวง', 14, 215),
(1547, 'ห้วยทราย', 14, 215),
(1548, 'แม่แรม', 14, 215),
(1549, 'โป่งแยง', 14, 215),
(1550, 'แม่สา', 14, 215),
(1551, 'ดอนแก้ว', 14, 215),
(1552, 'เหมืองแก้ว', 14, 215),
(1553, 'สะเมิงใต้', 14, 216),
(1554, 'สะเมิงเหนือ', 14, 216),
(1555, 'แม่สาบ', 14, 216),
(1556, 'บ่อแก้ว', 14, 216),
(1557, 'ยั้งเมิน', 14, 216),
(1558, 'เวียง', 14, 217),
(1559, 'ม่อนปิ่น', 14, 217),
(1560, 'แม่งอน', 14, 217),
(1561, 'แม่สูน', 14, 217),
(1562, 'สันทราย', 14, 217),
(1563, 'แม่คะ', 14, 217),
(1564, 'แม่ข่า', 14, 217),
(1565, 'โป่งน้ำร้อน', 14, 217),
(1566, 'แม่อาย', 14, 218),
(1567, 'แม่สาว', 14, 218),
(1568, 'สันต้นหมื้อ', 14, 218),
(1569, 'แม่นาวาง', 14, 218),
(1570, 'ท่าตอน', 14, 218),
(1571, 'บ้านหลวง', 14, 218),
(1572, 'มะลิกา', 14, 218),
(1573, 'เวียง', 14, 219),
(1574, 'ทุ่งหลวง', 14, 219),
(1575, 'ป่าตุ้ม', 14, 219),
(1576, 'ป่าไหน่', 14, 219),
(1577, 'สันทราย', 14, 219),
(1578, 'บ้านโป่ง', 14, 219),
(1579, 'น้ำแพร่', 14, 219),
(1580, 'เขื่อนผาก', 14, 219),
(1581, 'แม่แวน', 14, 219),
(1582, 'แม่ปั๋ง', 14, 219),
(1583, 'โหล่งขอด', 14, 219),
(1584, 'ยุหว่า', 14, 220),
(1585, 'สันกลาง', 14, 220),
(1586, 'ท่าวังพร้าว', 14, 220),
(1587, 'มะขามหลวง', 14, 220),
(1588, 'แม่ก๊า', 14, 220),
(1589, 'บ้านแม', 14, 220),
(1590, 'บ้านกลาง', 14, 220),
(1591, 'ทุ่งสะโตก', 14, 220),
(1592, 'ทุ่งต้อม', 14, 220),
(1593, 'น้ำบ่อหลวง', 14, 220),
(1594, 'มะขุนหวาน', 14, 220),
(1595, 'สันกำแพง', 14, 221),
(1596, 'ทรายมูล', 14, 221),
(1597, 'ร้องวัวแดง', 14, 221),
(1598, 'บวกค้าง', 14, 221),
(1599, 'แช่ช้าง', 14, 221),
(1600, 'ออนใต้', 14, 221),
(1601, 'แม่ปูคา', 14, 221),
(1602, 'ห้วยทราย', 14, 221),
(1603, 'ต้นเปา', 14, 221),
(1604, 'สันกลาง', 14, 221),
(1605, 'สันทรายหลวง', 14, 222),
(1606, 'สันทรายน้อย', 14, 222),
(1607, 'สันพระเนตร', 14, 222),
(1608, 'สันนาเม็ง', 14, 222),
(1609, 'สันป่าเปา', 14, 222),
(1610, 'หนองแหย่ง', 14, 222),
(1611, 'หนองจ๊อม', 14, 222),
(1612, 'หนองหาร', 14, 222),
(1613, 'แม่แฝก', 14, 222),
(1614, 'แม่แฝกใหม่', 14, 222),
(1615, 'เมืองเล็น', 14, 222),
(1616, 'ป่าไผ่', 14, 222),
(1617, 'หางดง', 14, 223),
(1618, 'หนองแก๋ว', 14, 223),
(1619, 'หารแก้ว', 14, 223),
(1620, 'หนองตอง', 14, 223),
(1621, 'ขุนคง', 14, 223),
(1622, 'สบแม่ข่า', 14, 223),
(1623, 'บ้านแหวน', 14, 223),
(1624, 'สันผักหวาน', 14, 223),
(1625, 'หนองควาย', 14, 223),
(1626, 'บ้านปง', 14, 223),
(1627, 'น้ำแพร่', 14, 223),
(1628, 'หางดง', 14, 224),
(1629, 'ฮอด', 14, 224),
(1630, 'บ้านตาล', 14, 224),
(1631, 'บ่อหลวง', 14, 224),
(1632, 'บ่อสลี', 14, 224),
(1633, 'นาคอเรือ', 14, 224),
(1634, 'ดอยเต่า', 14, 225),
(1635, 'ท่าเดื่อ', 14, 225),
(1636, 'มืดกา', 14, 225),
(1637, 'บ้านแอ่น', 14, 225),
(1638, 'บงตัน', 14, 225),
(1639, 'โปงทุ่ง', 14, 225),
(1640, 'อมก๋อย', 14, 226),
(1641, 'ยางเปียง', 14, 226),
(1642, 'แม่ตื่น', 14, 226),
(1643, 'ม่อนจอง', 14, 226),
(1644, 'สบโขง', 14, 226),
(1645, 'นาเกียน', 14, 226),
(1646, 'ยางเนิ้ง', 14, 227),
(1647, 'สารภี', 14, 227),
(1648, 'ชมภู', 14, 227),
(1649, 'ไชยสถาน', 14, 227),
(1650, 'ขัวมุง', 14, 227),
(1651, 'หนองแฝก', 14, 227),
(1652, 'หนองผึ้ง', 14, 227),
(1653, 'ท่ากว้าง', 14, 227),
(1654, 'ดอนแก้ว', 14, 227),
(1655, 'ท่าวังตาล', 14, 227),
(1656, 'สันทราย', 14, 227),
(1657, 'ป่าบง', 14, 227),
(1658, 'เมืองแหง', 14, 228),
(1659, 'เปียงหลวง', 14, 228),
(1660, 'แสนไห', 14, 228),
(1661, 'ปงตำ', 14, 229),
(1662, 'ศรีดงเย็น', 14, 229),
(1663, 'แม่ทะลบ', 14, 229),
(1664, 'หนองบัว', 14, 229),
(1665, 'บ้านกาด', 14, 230),
(1666, 'ทุ่งปี๊', 14, 230),
(1667, 'ทุ่งรวงทอง', 14, 230),
(1668, 'แม่วิน', 14, 230),
(1669, 'ดอนเปา', 14, 230),
(1670, 'ออนเหนือ', 14, 231),
(1671, 'ออนกลาง', 14, 231),
(1672, 'บ้านสหกรณ์', 14, 231),
(1673, 'ห้วยแก้ว', 14, 231),
(1674, 'แม่ทา', 14, 231),
(1675, 'ทาเหนือ', 14, 231),
(1676, 'ดอยหล่อ', 14, 232),
(1677, 'สองแคว', 14, 232),
(1678, 'ยางคราม', 14, 232),
(1679, 'สันติสุข', 14, 232),
(1680, 'บ้านจันทร์', 14, 233),
(1681, 'แม่แดด', 14, 233),
(1682, 'แจ่มหลวง', 14, 233),
(1683, 'ทับเที่ยง', 15, 234),
(1684, 'นาพละ', 15, 234),
(1685, 'บ้านควน', 15, 234),
(1686, 'นาบินหลา', 15, 234),
(1687, 'ควนปริง', 15, 234),
(1688, 'นาโยงใต้', 15, 234),
(1689, 'บางรัก', 15, 234),
(1690, 'โคกหล่อ', 15, 234),
(1691, 'นาโต๊ะหมิง', 15, 234),
(1692, 'หนองตรุด', 15, 234),
(1693, 'น้ำผุด', 15, 234),
(1694, 'นาตาล่วง', 15, 234),
(1695, 'บ้านโพธิ์', 15, 234),
(1696, 'นาท่ามเหนือ', 15, 234),
(1697, 'นาท่ามใต้', 15, 234),
(1698, 'กันตัง', 15, 235),
(1699, 'ควนธานี', 15, 235),
(1700, 'บางหมาก', 15, 235),
(1701, 'บางเป้า', 15, 235),
(1702, 'วังวน', 15, 235),
(1703, 'กันตังใต้', 15, 235),
(1704, 'โคกยาง', 15, 235),
(1705, 'คลองลุ', 15, 235),
(1706, 'ย่านซื่อ', 15, 235),
(1707, 'บ่อน้ำร้อน', 15, 235),
(1708, 'บางสัก', 15, 235),
(1709, 'นาเกลือ', 15, 235),
(1710, 'เกาะลิบง', 15, 235),
(1711, 'คลองชีล้อม', 15, 235),
(1712, 'ย่านตาขาว', 15, 236),
(1713, 'หนองบ่อ', 15, 236),
(1714, 'นาชุมเห็ด', 15, 236),
(1715, 'ในควน', 15, 236),
(1716, 'โพรงจระเข้', 15, 236),
(1717, 'ทุ่งกระบือ', 15, 236),
(1718, 'ทุ่งค่าย', 15, 236),
(1719, 'เกาะเปียะ', 15, 236),
(1720, 'ท่าข้าม', 15, 237),
(1721, 'ทุ่งยาว', 15, 237),
(1722, 'ปะเหลียน', 15, 237),
(1723, 'บางด้วน', 15, 237),
(1724, 'บ้านนา', 15, 237),
(1725, 'สุโสะ', 15, 237),
(1726, 'ลิพัง', 15, 237),
(1727, 'เกาะสุกร', 15, 237),
(1728, 'ท่าพญา', 15, 237),
(1729, 'แหลมสอม', 15, 237),
(1730, 'บ่อหิน', 15, 238),
(1731, 'เขาไม้แก้ว', 15, 238),
(1732, 'กะลาเส', 15, 238),
(1733, 'ไม้ฝาด', 15, 238),
(1734, 'นาเมืองเพชร', 15, 238),
(1735, 'ห้วยยอด', 15, 239),
(1736, 'หนองช้างแล่น', 15, 239),
(1737, 'บางดี', 15, 239),
(1738, 'บางกุ้ง', 15, 239),
(1739, 'เขากอบ', 15, 239),
(1740, 'เขาขาว', 15, 239),
(1741, 'เขาปูน', 15, 239),
(1742, 'ปากแจ่ม', 15, 239),
(1743, 'ปากคม', 15, 239),
(1744, 'ท่างิ้ว', 15, 239),
(1745, 'ลำภูรา', 15, 239),
(1746, 'นาวง', 15, 239),
(1747, 'ห้วยนาง', 15, 239),
(1748, 'ในเตา', 15, 239),
(1749, 'ทุ่งต่อ', 15, 239),
(1750, 'วังคีรี', 15, 239),
(1751, 'เขาวิเศษ', 15, 240),
(1752, 'วังมะปราง', 15, 240),
(1753, 'อ่าวตง', 15, 240),
(1754, 'ท่าสะบ้า', 15, 240),
(1755, 'วังมะปรางเหนือ', 15, 240),
(1756, 'นาโยงเหนือ', 15, 241),
(1757, 'ช่อง', 15, 241),
(1758, 'ละมอ', 15, 241),
(1759, 'โคกสะบ้า', 15, 241),
(1760, 'นาหมื่นศรี', 15, 241),
(1761, 'นาข้าวเสีย', 15, 241),
(1762, 'ควนเมา', 15, 242),
(1763, 'คลองปาง', 15, 242),
(1764, 'หนองบัว', 15, 242),
(1765, 'หนองปรือ', 15, 242),
(1766, 'เขาไพร', 15, 242),
(1767, 'หาดสำราญ', 15, 243),
(1768, 'บ้าหวี', 15, 243),
(1769, 'ตะเสะ', 15, 243),
(1770, 'บางพระ', 16, 244),
(1771, 'หนองเสม็ด', 16, 244),
(1772, 'หนองโสน', 16, 244),
(1773, 'หนองคันทรง', 16, 244),
(1774, 'ห้วงน้ำขาว', 16, 244),
(1775, 'อ่าวใหญ่', 16, 244),
(1776, 'วังกระแจะ', 16, 244),
(1777, 'ห้วยแร้ง', 16, 244),
(1778, 'เนินทราย', 16, 244),
(1779, 'ท่าพริก', 16, 244),
(1780, 'ท่ากุ่ม', 16, 244),
(1781, 'ตะกาง', 16, 244),
(1782, 'ชำราก', 16, 244),
(1783, 'แหลมกลัด', 16, 244),
(1785, 'คลองใหญ่', 16, 245),
(1786, 'ไม้รูด', 16, 245),
(1787, 'หาดเล็ก', 16, 245),
(1788, 'เขาสมิง', 16, 246),
(1789, 'แสนตุ้ง', 16, 246),
(1790, 'วังตะเคียน', 16, 246),
(1791, 'ท่าโสม', 16, 246),
(1792, 'สะตอ', 16, 246),
(1793, 'ประณีต', 16, 246),
(1794, 'เทพนิมิต', 16, 246),
(1795, 'ทุ่งนนทรี', 16, 246),
(1796, 'บ่อพลอย', 16, 247),
(1797, 'ช้างทูน', 16, 247),
(1798, 'ด่านชุมพล', 16, 247),
(1799, 'หนองบอน', 16, 247),
(1800, 'นนทรีย์', 16, 247),
(1801, 'แหลมงอบ', 16, 248),
(1802, 'น้ำเชี่ยว', 16, 248),
(1803, 'บางปิด', 16, 248),
(1804, 'คลองใหญ่', 16, 248),
(1805, 'เกาะหมาก', 16, 249),
(1806, 'เกาะกูด', 16, 249),
(1807, 'เกาะช้าง', 16, 250),
(1808, 'เกาะช้างใต้', 16, 250),
(1809, 'ระแหง', 17, 251),
(1810, 'หนองหลวง', 17, 251),
(1811, 'เชียงเงิน', 17, 251),
(1812, 'หัวเดียด', 17, 251),
(1813, 'หนองบัวเหนือ', 17, 251),
(1814, 'ไม้งาม', 17, 251),
(1815, 'โป่งแดง', 17, 251),
(1816, 'น้ำรึม', 17, 251),
(1817, 'วังหิน', 17, 251),
(1818, 'แม่ท้อ', 17, 251),
(1819, 'ป่ามะม่วง', 17, 251),
(1820, 'หนองบัวใต้', 17, 251),
(1821, 'วังประจบ', 17, 251),
(1822, 'ตลุกกลางทุ่ง', 17, 251),
(1823, 'ตากออก', 17, 252),
(1824, 'สมอโคน', 17, 252),
(1825, 'แม่สลิด', 17, 252),
(1826, 'ตากตก', 17, 252),
(1827, 'เกาะตะเภา', 17, 252),
(1828, 'ทุ่งกระเชาะ', 17, 252),
(1829, 'ท้องฟ้า', 17, 252),
(1830, 'สามเงา', 17, 253),
(1831, 'วังหมัน', 17, 253),
(1832, 'ยกกระบัตร', 17, 253),
(1833, 'ย่านรี', 17, 253),
(1834, 'บ้านนา', 17, 253),
(1835, 'วังจันทร์', 17, 253),
(1836, 'แม่ระมาด', 17, 254),
(1837, 'แม่จะเรา', 17, 254),
(1838, 'ขะเนจื้อ', 17, 254),
(1839, 'แม่ตื่น', 17, 254),
(1840, 'สามหมื่น', 17, 254),
(1841, 'พระธาตุ', 17, 254),
(1842, 'ท่าสองยาง', 17, 255),
(1843, 'แม่ต้าน', 17, 255),
(1844, 'แม่สอง', 17, 255),
(1845, 'แม่หละ', 17, 255),
(1846, 'แม่วะหลวง', 17, 255),
(1847, 'แม่อุสุ', 17, 255),
(1848, 'แม่สอด', 17, 256),
(1849, 'แม่กุ', 17, 256),
(1850, 'พะวอ', 17, 256),
(1851, 'แม่ตาว', 17, 256),
(1852, 'แม่กาษา', 17, 256),
(1853, 'ท่าสายลวด', 17, 256),
(1854, 'แม่ปะ', 17, 256),
(1855, 'มหาวัน', 17, 256),
(1856, 'ด่านแม่ละเมา', 17, 256),
(1857, 'พระธาตุผาแดง', 17, 256),
(1858, 'พบพระ', 17, 257),
(1859, 'ช่องแคบ', 17, 257),
(1860, 'คีรีราษฎร์', 17, 257),
(1861, 'วาเล่ย์', 17, 257),
(1862, 'รวมไทยพัฒนา', 17, 257),
(1863, 'อุ้มผาง', 17, 258),
(1864, 'หนองหลวง', 17, 258),
(1865, 'โมโกร', 17, 258),
(1866, 'แม่จัน', 17, 258),
(1867, 'แม่ละมุ้ง', 17, 258),
(1868, 'แม่กลอง', 17, 258),
(1869, 'เชียงทอง', 17, 259),
(1870, 'นาโบสถ์', 17, 259),
(1871, 'ประดาง', 17, 259),
(1872, 'นครนายก', 18, 260),
(1873, 'ท่าช้าง', 18, 260),
(1874, 'บ้านใหญ่', 18, 260),
(1875, 'วังกระโจม', 18, 260),
(1876, 'ท่าทราย', 18, 260),
(1877, 'ดอนยอ', 18, 260),
(1878, 'ศรีจุฬา', 18, 260),
(1879, 'ดงละคร', 18, 260),
(1880, 'ศรีนาวา', 18, 260),
(1881, 'สาริกา', 18, 260),
(1882, 'หินตั้ง', 18, 260),
(1883, 'เขาพระ', 18, 260),
(1884, 'พรหมณี', 18, 260),
(1885, 'เกาะหวาย', 18, 261),
(1886, 'ปากพลี', 18, 261),
(1887, 'เกาะโพธิ์', 18, 261),
(1888, 'ท่าเรือ', 18, 261),
(1889, 'โคกกรวด', 18, 261),
(1890, 'หนองแสง', 18, 261),
(1891, 'นาหินลาด	', 18, 261),
(1892, 'บ้านนา', 18, 262),
(1893, 'บ้านพร้าว', 18, 262),
(1894, 'บ้านพริก', 18, 262),
(1895, 'อาษา', 18, 262),
(1896, 'ทองหลาง', 18, 262),
(1897, 'บางอ้อ', 18, 262),
(1898, 'พิกุลออก', 18, 262),
(1899, 'ป่าขะ', 18, 262),
(1900, 'เขาเพิ่ม', 18, 262),
(1901, 'ศรีกะอาง', 18, 262),
(1902, 'พระอาจารย์', 18, 263),
(1903, 'บึงศาล', 18, 263),
(1904, 'ศีรษะกระบือ', 18, 263),
(1905, 'โพธิ์แทน', 18, 263),
(1906, 'บางสมบูรณ์', 18, 263),
(1907, 'ทรายมูล', 18, 263),
(1908, 'บางปลากด', 18, 263),
(1909, 'บางลูกเสือ', 18, 263),
(1910, 'องครักษ์', 18, 263),
(1911, 'ชุมพล', 18, 263),
(1912, 'คลองใหญ่', 18, 263),
(1913, 'พระปฐมเจดีย์', 19, 264),
(1914, 'บางแขม', 19, 264),
(1915, 'พระประโทน', 19, 264),
(1916, 'ธรรมศาลา', 19, 264),
(1917, 'ตาก้อง', 19, 264),
(1918, 'มาบแค', 19, 264),
(1919, 'สนามจันทร์', 19, 264),
(1920, 'ดอนยายหอม', 19, 264),
(1921, 'ถนนขาด', 19, 264),
(1922, 'บ่อพลับ', 19, 264),
(1923, 'นครปฐม', 19, 264),
(1924, 'วังตะกู', 19, 264),
(1925, 'หนองปากโลง', 19, 264),
(1926, 'สามควายเผือก', 19, 264),
(1927, 'ทุ่งน้อย', 19, 264),
(1928, 'หนองดินแดง', 19, 264),
(1929, 'วังเย็น', 19, 264),
(1930, 'โพรงมะเดื่อ', 19, 264),
(1931, 'ลำพยา', 19, 264),
(1932, 'สระกะเทียม', 19, 264),
(1933, 'สวนป่าน', 19, 264),
(1934, 'ห้วยจรเข้', 19, 264),
(1935, 'ทัพหลวง', 19, 264),
(1936, 'หนองงูเหลือม', 19, 264),
(1937, 'บ้านยาง', 19, 264),
(1938, 'ทุ่งกระพังโหม', 19, 265),
(1939, 'กระตีบ', 19, 265),
(1940, 'ทุ่งลูกนก', 19, 265),
(1941, 'ห้วยขวาง', 19, 265),
(1942, 'ทุ่งขวาง', 19, 265),
(1943, 'สระสี่มุม', 19, 265),
(1944, 'ทุ่งบัว', 19, 265),
(1945, 'ดอนข่อย', 19, 265),
(1946, 'สระพัฒนา', 19, 265),
(1947, 'ห้วยหมอนทอง', 19, 265),
(1948, 'ห้วยม่วง', 19, 265),
(1949, 'กำแพงแสน', 19, 265),
(1950, 'รางพิกุล', 19, 265),
(1951, 'หนองกระทุ่ม', 19, 265),
(1952, 'วังน้ำเขียว', 19, 265),
(1953, 'นครชัยศรี', 19, 266),
(1954, 'บางกระเบา', 19, 266),
(1955, 'วัดแค', 19, 266),
(1956, 'ท่าตำหนัก', 19, 266),
(1957, 'บางแก้ว', 19, 266),
(1958, 'ท่ากระชับ', 19, 266),
(1959, 'ขุนแก้ว', 19, 266),
(1960, 'ท่าพระยา', 19, 266),
(1961, 'พะเนียด', 19, 266),
(1962, 'บางระกำ', 19, 266),
(1963, 'โคกพระเจดีย์', 19, 266),
(1964, 'ศีรษะทอง', 19, 266),
(1965, 'แหลมบัว', 19, 266),
(1966, 'ศรีมหาโพธิ์', 19, 266),
(1967, 'สัมปทวน', 19, 266),
(1968, 'วัดสำโรง', 19, 266),
(1969, 'ดอนแฝก', 19, 266),
(1970, 'ห้วยพลู', 19, 266),
(1971, 'วัดละมุด', 19, 266),
(1972, 'บางพระ', 19, 266),
(1973, 'บางแก้วฟ้า', 19, 266),
(1974, 'ลานตากฟ้า', 19, 266),
(1975, 'งิ้วราย', 19, 266),
(1976, 'ไทยาวาส', 19, 266),
(1977, 'สามง่าม', 19, 267),
(1978, 'ห้วยพระ', 19, 267),
(1979, 'ลำเหย', 19, 267),
(1980, 'ดอนพุทรา', 19, 267),
(1981, 'บ้านหลวง	', 19, 267),
(1982, 'ดอนรวก', 19, 267),
(1983, 'ห้วยด้วน', 19, 267),
(1984, 'ลำลูกบัว', 19, 267),
(1985, 'บางเลน', 19, 268),
(1986, 'บางปลา', 19, 268),
(1987, 'บางหลวง', 19, 268),
(1988, 'บางภาษี', 19, 268),
(1989, 'บางระกำ', 19, 268),
(1990, 'บางไทรป่า', 19, 268),
(1991, 'หินมูล', 19, 268),
(1992, 'ไทรงาม', 19, 268),
(1993, 'ดอนตูม', 19, 268),
(1994, 'นิลเพชร', 19, 268),
(1995, 'บัวปากท่า', 19, 268),
(1996, 'คลองนกกระทุง', 19, 268),
(1997, 'นราภิรมย์', 19, 268),
(1998, 'ลำพญา', 19, 268),
(1999, 'ไผ่หูช้าง', 19, 268),
(2000, 'ท่าข้าม', 19, 269),
(2001, 'ทรงคนอง', 19, 269),
(2002, 'หอมเกร็ด', 19, 269),
(2003, 'บางกระทึก', 19, 269),
(2004, 'บางเตย', 19, 269),
(2005, 'สามพราน', 19, 269),
(2006, 'บางช้าง', 19, 269),
(2007, 'ไร่ขิง', 19, 269),
(2008, 'ท่าตลาด', 19, 269),
(2009, 'กระทุ่มล้ม', 19, 269),
(2010, 'คลองใหม่', 19, 269),
(2011, 'ตลาดจินดา', 19, 269),
(2012, 'คลองจินดา', 19, 269),
(2013, 'ยายชา', 19, 269),
(2014, 'บ้านใหม่', 19, 269),
(2015, 'อ้อมใหญ่', 19, 269),
(2016, 'ศาลายา', 19, 270),
(2017, 'คลองโยง', 19, 270),
(2018, 'มหาสวัสดิ์	', 19, 270),
(2019, 'ในเมือง', 20, 271),
(2020, 'หนองแสง', 20, 271),
(2021, 'นาทราย', 20, 271),
(2022, 'นาราชควาย', 20, 271),
(2023, 'กุรุคุ', 20, 271),
(2024, 'บ้านผึ้ง', 20, 271),
(2025, 'อาจสามารถ', 20, 271),
(2026, 'ขามเฒ่า', 20, 271),
(2027, 'บ้านกลาง', 20, 271),
(2028, 'ท่าค้อ', 20, 271),
(2029, 'คำเตย', 20, 271),
(2030, 'หนองญาติ', 20, 271),
(2031, 'ดงขวาง', 20, 271),
(2032, 'วังตามัว', 20, 271),
(2033, 'โพธิ์ตาก', 20, 271),
(2034, 'ปลาปาก', 20, 272),
(2035, 'หนองฮี', 20, 272),
(2036, 'กุตาไก้', 20, 272),
(2037, 'โคกสว่าง', 20, 272),
(2038, 'โคกสูง', 20, 272),
(2039, 'มหาชัย', 20, 272),
(2040, 'นามะเขือ', 20, 272),
(2041, 'หนองเทาใหญ่', 20, 272),
(2042, 'ท่าอุเทน', 20, 273),
(2043, 'โนนตาล', 20, 273),
(2044, 'ท่าจำปา', 20, 273),
(2045, 'ไชยบุรี', 20, 273),
(2046, 'พนอม', 20, 273),
(2047, 'พะทาย', 20, 273),
(2048, 'เวินพระบาท', 20, 273),
(2049, 'รามราช', 20, 273),
(2050, 'หนองเทา', 20, 273),
(2051, 'บ้านแพง', 20, 274),
(2052, 'ไผ่ล้อม', 20, 274),
(2053, 'โพนทอง', 20, 274),
(2054, 'หนองแวง', 20, 274),
(2055, 'นางัว', 20, 274),
(2056, 'นาเข', 20, 274),
(2057, 'ธาตุพนม', 20, 275),
(2058, 'ฝั่งแดง', 20, 275),
(2059, 'โพนแพง', 20, 275),
(2060, 'พระกลางทุ่ง', 20, 275),
(2061, 'นาถ่อน', 20, 275),
(2062, 'แสนพัน', 20, 275),
(2063, 'ดอนนางหงส์', 20, 275),
(2064, 'น้ำก่ำ', 20, 275),
(2065, 'อุ่มเหม้า', 20, 275),
(2066, 'นาหนาด', 20, 275),
(2067, 'กุดฉิม', 20, 275),
(2068, 'ธาตุพนมเหนือ', 20, 275),
(2069, 'เรณู', 20, 276),
(2070, 'โพนทอง', 20, 276),
(2071, 'ท่าลาด', 20, 276),
(2072, 'นางาม', 20, 276),
(2073, 'โคกหินแฮ่', 20, 276),
(2074, 'หนองย่างชิ้น', 20, 276),
(2075, 'เรณูใต้', 20, 276),
(2076, 'นาขาม', 20, 276),
(2077, 'นาแก', 20, 277),
(2078, 'พระซอง', 20, 277),
(2079, 'หนองสังข์', 20, 277);
INSERT INTO `district` (`districtID`, `districtName`, `proID`, `amID`) VALUES
(2080, 'นาคู่', 20, 277),
(2081, 'พิมาน', 20, 277),
(2082, 'พุ่มแก', 20, 277),
(2083, 'ก้านเหลือง', 20, 277),
(2084, 'หนองบ่อ', 20, 277),
(2085, 'นาเลียง', 20, 277),
(2086, 'บ้านแก้ง', 20, 277),
(2087, 'คำพี้', 20, 277),
(2088, 'สีชมพู', 20, 277),
(2089, 'ศรีสงคราม', 20, 278),
(2090, 'นาเดื่อ', 20, 278),
(2091, 'บ้านเอื้อง', 20, 278),
(2092, 'สามผง', 20, 278),
(2093, 'ท่าบ่อสงคราม', 20, 278),
(2094, 'บ้านข่า', 20, 278),
(2095, 'นาคำ', 20, 278),
(2096, 'โพนสว่าง', 20, 278),
(2097, 'หาดแพง', 20, 278),
(2098, 'นาหว้า', 20, 279),
(2099, 'นางัว', 20, 279),
(2100, 'บ้านเสียว', 20, 279),
(2101, 'นาคูณใหญ่', 20, 279),
(2102, 'เหล่าพัฒนา', 20, 279),
(2103, 'ท่าเรือ', 20, 279),
(2104, 'โพนสวรรค์', 20, 280),
(2105, 'นาหัวบ่อ', 20, 280),
(2106, 'นาขมิ้น', 20, 280),
(2107, 'โพนบก', 20, 280),
(2108, 'บ้านค้อ', 20, 280),
(2109, 'โพนจาน', 20, 280),
(2110, 'นาใน', 20, 280),
(2111, 'นาทม', 20, 281),
(2112, 'หนองซน', 20, 281),
(2113, 'ดอนเตย', 20, 281),
(2114, 'วังยาง', 20, 282),
(2115, 'โคกสี', 20, 282),
(2116, 'ยอดชาด', 20, 282),
(2117, 'หนองโพธิ์	', 20, 282),
(2118, 'ในเมือง', 21, 283),
(2119, 'โพธิ์กลาง', 21, 283),
(2120, 'หนองจะบก', 21, 283),
(2121, 'โคกสูง', 21, 283),
(2122, 'มะเริง', 21, 283),
(2123, 'หนองระเวียง', 21, 283),
(2124, 'ปรุใหญ่', 21, 283),
(2125, 'หมื่นไวย', 21, 283),
(2126, 'พลกรัง', 21, 283),
(2127, 'หนองไผ่ล้อม', 21, 283),
(2128, 'หัวทะเล', 21, 283),
(2129, 'บ้านเกาะ', 21, 283),
(2130, 'บ้านใหม่', 21, 283),
(2131, 'พุดซา', 21, 283),
(2132, 'บ้านโพธิ์', 21, 283),
(2133, 'จอหอ', 21, 283),
(2134, 'โคกกรวด', 21, 283),
(2135, 'ไชยมงคล', 21, 283),
(2136, 'หนองบัวศาลา', 21, 283),
(2137, 'สุรนารี', 21, 283),
(2138, 'สีมุม', 21, 283),
(2139, 'ตลาด', 21, 283),
(2140, 'พะเนา', 21, 283),
(2141, 'หนองกระทุ่ม', 21, 283),
(2142, 'หนองไข่น้ำ', 21, 283),
(2143, 'แชะ', 21, 284),
(2144, 'เฉลียง', 21, 284),
(2145, 'ครบุรี', 21, 284),
(2146, 'โคกกระชาย', 21, 284),
(2147, 'จระเข้หิน', 21, 284),
(2148, 'มาบตะโกเอน', 21, 284),
(2149, 'อรพิมพ์', 21, 284),
(2150, 'บ้านใหม่', 21, 284),
(2151, 'ลำเพียก', 21, 284),
(2152, 'ครบุรีใต้', 21, 284),
(2153, 'ตะแบกบาน', 21, 284),
(2154, 'สระว่านพระยา', 21, 284),
(2155, 'เสิงสาง', 21, 285),
(2156, 'สระตะเคียน', 21, 285),
(2157, 'โนนสมบูรณ์', 21, 285),
(2158, 'กุดโบสถ์', 21, 285),
(2159, 'สุขไพบูลย์', 21, 285),
(2160, 'บ้านราษฎร์', 21, 285),
(2161, 'เมืองคง', 21, 286),
(2162, 'คูขาด', 21, 286),
(2163, 'เทพาลัย', 21, 286),
(2164, 'ตาจั่น', 21, 286),
(2165, 'บ้านปรางค์', 21, 286),
(2166, 'หนองมะนาว', 21, 286),
(2167, 'หนองบัว', 21, 286),
(2168, 'โนนเต็ง', 21, 286),
(2169, 'ดอนใหญ่', 21, 286),
(2170, 'ขามสมบูรณ์', 21, 286),
(2171, 'บ้านเหลื่อม', 21, 287),
(2172, 'วังโพธิ์', 21, 287),
(2173, 'โคกกระเบื้อง', 21, 287),
(2174, 'ช่อระกา', 21, 287),
(2175, 'จักราช', 21, 288),
(2176, 'ทองหลาง', 21, 288),
(2177, 'สีสุก', 21, 288),
(2178, 'หนองขาม', 21, 288),
(2179, 'หนองพลวง', 21, 288),
(2180, 'ศรีละกอ', 21, 288),
(2181, 'คลองเมือง', 21, 288),
(2182, 'หินโคน', 21, 288),
(2183, 'กระโทก', 21, 289),
(2184, 'พลับพลา', 21, 289),
(2185, 'ท่าอ่าง', 21, 289),
(2186, 'ทุ่งอรุณ', 21, 289),
(2187, 'ท่าลาดขาว', 21, 289),
(2188, 'ท่าจะหลุง', 21, 289),
(2189, 'ท่าเยี่ยม', 21, 289),
(2190, 'โชคชัย', 21, 289),
(2191, 'ละลมใหม่พัฒนา	', 21, 289),
(2192, 'ด่านเกวียน', 21, 289),
(2193, 'กุดพิมาน', 21, 290),
(2194, 'ด่านขุนทด', 21, 290),
(2195, 'ด่านนอก', 21, 290),
(2196, 'ด่านใน', 21, 290),
(2197, 'ตะเคียน', 21, 290),
(2198, 'บ้านเก่า', 21, 290),
(2199, 'บ้านแปรง', 21, 290),
(2200, 'พันชนะ', 21, 290),
(2201, 'สระจรเข้', 21, 290),
(2202, 'หนองกราด', 21, 290),
(2203, 'หนองบัวตะเกียด', 21, 290),
(2204, 'หนองบัวละคร', 21, 290),
(2205, 'หินดาด', 21, 290),
(2206, 'ห้วยบง', 21, 290),
(2207, 'โนนเมืองพัฒนา', 21, 290),
(2208, 'หนองไทร', 21, 290),
(2209, 'โนนไทย', 21, 291),
(2210, 'ด่านจาก', 21, 291),
(2211, 'กำปัง', 21, 291),
(2212, 'สำโรง', 21, 291),
(2213, 'ค้างพลู', 21, 291),
(2214, 'บ้านวัง', 21, 291),
(2215, 'บัลลังก์', 21, 291),
(2216, 'สายออ', 21, 291),
(2217, 'ถนนโพธิ์', 21, 291),
(2218, 'มะค่า', 21, 291),
(2219, 'โนนสูง', 21, 292),
(2220, 'ใหม่', 21, 292),
(2221, 'โตนด', 21, 292),
(2222, 'บิง', 21, 292),
(2223, 'ดอนชมพู', 21, 292),
(2224, 'ธารปราสาท', 21, 292),
(2225, 'หลุมข้าว', 21, 292),
(2226, 'มะค่า', 21, 292),
(2227, 'พลสงคราม', 21, 292),
(2228, 'จันอัด', 21, 292),
(2229, 'ขามเฒ่า', 21, 292),
(2230, 'ด่านคล้า', 21, 292),
(2231, 'ลำคอหงษ์', 21, 292),
(2232, 'เมืองปราสาท', 21, 292),
(2233, 'ดอนหวาย', 21, 292),
(2234, 'ลำมูล', 21, 292),
(2235, 'ขามสะแกแสง', 21, 293),
(2236, 'โนนเมือง', 21, 293),
(2237, 'เมืองนาท', 21, 293),
(2238, 'ชีวึก', 21, 293),
(2239, 'พะงาด', 21, 293),
(2240, 'หนองหัวฟาน', 21, 293),
(2241, 'เมืองเกษตร', 21, 293),
(2242, 'บัวใหญ่', 21, 294),
(2243, 'ห้วยยาง', 21, 294),
(2244, 'เสมาใหญ่', 21, 294),
(2245, 'ดอนตะหนิน', 21, 294),
(2246, 'หนองบัวสะอาด', 21, 294),
(2247, 'โนนทองหลาง', 21, 294),
(2248, 'กุดจอก', 21, 294),
(2249, 'ด่านช้าง', 21, 294),
(2250, 'ขุนทอง', 21, 294),
(2251, 'หนองแจ้งใหญ่', 21, 294),
(2252, 'ประทาย', 21, 295),
(2253, 'หนองพลวง', 21, 295),
(2254, 'หันห้วยทราย', 21, 295),
(2255, 'วังไม้แดง', 21, 295),
(2256, 'โนนเพ็ด', 21, 295),
(2257, 'กระทุ่มราย', 21, 295),
(2258, 'นางรำ', 21, 295),
(2259, 'หนองค่าย', 21, 295),
(2260, 'ตลาดไทร', 21, 295),
(2261, 'ดอนมัน', 21, 295),
(2262, 'ทุ่งสว่าง', 21, 295),
(2263, 'โคกกลาง', 21, 295),
(2264, 'เมืองโดน', 21, 295),
(2265, 'เมืองปัก', 21, 296),
(2266, 'ตะคุ', 21, 296),
(2267, 'โคกไทย', 21, 296),
(2268, 'สำโรง', 21, 296),
(2269, 'ตะขบ', 21, 296),
(2270, 'นกออก', 21, 296),
(2271, 'ดอน', 21, 296),
(2272, 'ตูม', 21, 296),
(2273, 'งิ้ว', 21, 296),
(2274, 'สะแกราช', 21, 296),
(2275, 'ลำนางแก้ว', 21, 296),
(2276, 'ภูหลวง', 21, 296),
(2277, 'ธงชัยเหนือ', 21, 296),
(2278, 'สุขเกษม', 21, 296),
(2279, 'เกษมทรัพย์', 21, 296),
(2280, 'บ่อปลาทอง', 21, 296),
(2281, 'ในเมือง', 21, 297),
(2282, 'สัมฤทธิ์', 21, 297),
(2283, 'โบสถ์', 21, 297),
(2284, 'กระเบื้องใหญ่', 21, 297),
(2285, 'ท่าหลวง', 21, 297),
(2286, 'รังกาใหญ่', 21, 297),
(2287, 'ชีวาน', 21, 297),
(2288, 'นิคมสร้างตนเอง', 21, 297),
(2289, 'กระชอน', 21, 297),
(2290, 'ดงใหญ่', 21, 297),
(2291, 'ธารละหลอด', 21, 297),
(2292, 'หนองระเวียง', 21, 297),
(2293, 'ห้วยแถลง', 21, 298),
(2294, 'ทับสวาย', 21, 298),
(2295, 'เมืองพลับพลา', 21, 298),
(2296, 'หลุ่งตะเคียน', 21, 298),
(2297, 'หินดาด', 21, 298),
(2298, 'งิ้ว', 21, 298),
(2299, 'กงรถ', 21, 298),
(2300, 'หลุ่งประดู่', 21, 298),
(2301, 'ตะโก', 21, 298),
(2302, 'ห้วยแคน', 21, 298),
(2303, 'ชุมพวง', 21, 299),
(2304, 'ประสุข', 21, 299),
(2305, 'ท่าลาด', 21, 299),
(2306, 'สาหร่าย', 21, 299),
(2307, 'ตลาดไทร', 21, 299),
(2308, 'โนนรัง', 21, 299),
(2309, 'หนองหลัก', 21, 299),
(2310, 'โนนตูม', 21, 299),
(2311, 'โนนยอ', 21, 299),
(2312, 'สูงเนิน', 21, 300),
(2313, 'เสมา', 21, 300),
(2314, 'โคราช', 21, 300),
(2315, 'บุ่งขี้เหล็ก', 21, 300),
(2316, 'โนนค่า', 21, 300),
(2317, 'โค้งยาง', 21, 300),
(2318, 'มะเกลือเก่า', 21, 300),
(2319, 'มะเกลือใหม่', 21, 300),
(2320, 'นากลาง', 21, 300),
(2321, 'หนองตะไก้', 21, 300),
(2322, 'กุดจิก', 21, 300),
(2323, 'ขามทะเลสอ', 21, 301),
(2324, 'โป่งแดง', 21, 301),
(2325, 'พันดุง', 21, 301),
(2326, 'หนองสรวง', 21, 301),
(2327, 'บึงอ้อ', 21, 301),
(2328, 'สีคิ้ว', 21, 302),
(2329, 'บ้านหัน', 21, 302),
(2330, 'กฤษณา', 21, 302),
(2331, 'ลาดบัวขาว', 21, 302),
(2332, 'หนองหญ้าขาว', 21, 302),
(2333, 'กุดน้อย', 21, 302),
(2334, 'หนองน้ำใส', 21, 302),
(2335, 'วังโรงใหญ่', 21, 302),
(2336, 'มิตรภาพ', 21, 302),
(2337, 'คลองไผ่', 21, 302),
(2338, 'ดอนเมือง', 21, 302),
(2339, 'หนองบัวน้อย', 21, 302),
(2340, 'ปากช่อง', 21, 303),
(2341, 'กลางดง', 21, 303),
(2342, 'จันทึก', 21, 303),
(2343, 'วังกะทะ', 21, 303),
(2344, 'หมูสี', 21, 303),
(2345, 'หนองสาหร่าย', 21, 303),
(2346, 'ขนงพระ', 21, 303),
(2347, 'โป่งตาลอง', 21, 303),
(2348, 'คลองม่วง', 21, 303),
(2349, 'หนองน้ำแดง', 21, 303),
(2350, 'วังไทร', 21, 303),
(2351, 'พญาเย็น', 21, 303),
(2352, 'หนองบุนนาก', 21, 304),
(2353, 'สารภี', 21, 304),
(2354, 'ไทยเจริญ', 21, 304),
(2355, 'หนองหัวแรต', 21, 304),
(2356, 'แหลมทอง', 21, 304),
(2357, 'หนองตะไก้', 21, 304),
(2358, 'ลุงเขว้า', 21, 304),
(2359, 'หนองไม้ไผ่', 21, 304),
(2360, 'บ้านใหม่', 21, 304),
(2361, 'แก้งสนามนาง', 21, 305),
(2362, 'โนนสำราญ', 21, 305),
(2363, 'บึงพะไล', 21, 305),
(2364, 'สีสุก', 21, 305),
(2365, 'บึงสำโรง', 21, 305),
(2366, 'โนนแดง', 21, 306),
(2367, 'โนนตาเถร', 21, 306),
(2368, 'สำพะเนียง', 21, 306),
(2369, 'วังหิน', 21, 306),
(2370, 'ดอนยาวใหญ่', 21, 306),
(2371, 'วังน้ำเขียว', 21, 307),
(2372, 'วังหมี', 21, 307),
(2373, 'ระเริง', 21, 307),
(2374, 'อุดมทรัพย์', 21, 307),
(2375, 'ไทยสามัคคี', 21, 307),
(2376, 'สำนักตะคร้อ', 21, 308),
(2377, 'หนองแวง', 21, 308),
(2378, 'บึงปรือ', 21, 308),
(2379, 'วังยายทอง', 21, 308),
(2380, 'เมืองยาง', 21, 309),
(2381, 'กระเบื้องนอก', 21, 309),
(2382, 'ละหานปลาค้าว', 21, 309),
(2383, 'โนนอุดม', 21, 309),
(2384, 'สระพระ', 21, 310),
(2385, 'มาบกราด', 21, 310),
(2386, 'พังเทียม', 21, 310),
(2387, 'ทัพรั้ง', 21, 310),
(2388, 'หนองหอย', 21, 310),
(2389, 'ขุย', 21, 311),
(2390, 'บ้านยาง', 21, 311),
(2391, 'ช่องแมว', 21, 311),
(2392, 'ไพล', 21, 311),
(2393, 'เมืองพะไล', 21, 312),
(2394, 'โนนจาน', 21, 312),
(2395, 'บัวลาย', 21, 312),
(2396, 'หนองหว้า', 21, 312),
(2397, 'สีดา', 21, 313),
(2398, 'โพนทอง', 21, 313),
(2399, 'โนนประดู่', 21, 313),
(2400, 'สามเมือง', 21, 313),
(2401, 'หนองตาดใหญ่', 21, 313),
(2402, 'ช้างทอง', 21, 314),
(2403, 'ท่าช้าง', 21, 314),
(2404, 'พระพุทธ', 21, 314),
(2405, 'หนองงูเหลือม', 21, 314),
(2406, 'หนองยาง', 21, 314),
(2407, 'ในเมือง', 22, 315),
(2408, 'ท่าวัง', 22, 315),
(2409, 'คลัง', 22, 315),
(2410, 'ท่าไร่', 22, 315),
(2411, 'ปากนคร', 22, 315),
(2412, 'นาทราย', 22, 315),
(2413, 'กำแพงเซา', 22, 315),
(2414, 'ไชยมนตรี', 22, 315),
(2415, 'มะม่วงสองต้น', 22, 315),
(2416, 'นาเคียน', 22, 315),
(2417, 'ท่างิ้ว', 22, 315),
(2418, 'โพธิ์เสด็จ', 22, 315),
(2419, 'บางจาก', 22, 315),
(2420, 'ปากพูน', 22, 315),
(2421, 'ท่าซัก', 22, 315),
(2422, 'ท่าเรือ', 22, 315),
(2423, 'พรหมโลก	', 22, 316),
(2424, 'บ้านเกาะ', 22, 316),
(2425, 'อินคีรี', 22, 316),
(2426, 'ทอนหงส์', 22, 316),
(2427, 'นาเรียง', 22, 316),
(2428, 'เขาแก้ว', 22, 317),
(2429, 'ลานสกา', 22, 317),
(2430, 'ท่าดี', 22, 317),
(2431, 'กำโลน', 22, 317),
(2432, 'ขุนทะเล', 22, 317),
(2433, 'ฉวาง', 22, 318),
(2434, 'ละอาย', 22, 318),
(2435, 'นาแว', 22, 318),
(2436, 'ไม้เรียง', 22, 318),
(2437, 'กะเปียด', 22, 318),
(2438, 'นากะชะ', 22, 318),
(2439, 'ห้วยปริก', 22, 318),
(2440, 'ไสหร้า', 22, 318),
(2441, 'นาเขลียง', 22, 318),
(2442, 'จันดี', 22, 318),
(2443, 'พิปูน', 22, 319),
(2444, 'กะทูน', 22, 319),
(2445, 'เขาพระ', 22, 319),
(2446, 'ยางค้อม', 22, 319),
(2447, 'ควนกลาง', 22, 319),
(2448, 'เชียรใหญ่', 22, 320),
(2449, 'ท่าขนาน', 22, 320),
(2450, 'บ้านกลาง', 22, 320),
(2451, 'บ้านเนิน', 22, 320),
(2452, 'ไสหมาก', 22, 320),
(2453, 'ท้องลำเจียก', 22, 320),
(2454, 'เสือหึง', 22, 320),
(2455, 'การะเกด', 22, 320),
(2456, 'เขาพระบาท', 22, 320),
(2457, 'แม่เจ้าอยู่หัว', 22, 320),
(2458, 'ชะอวด', 22, 321),
(2459, 'ท่าเสม็ด', 22, 321),
(2460, 'ท่าประจะ', 22, 321),
(2461, 'เคร็ง', 22, 321),
(2462, 'วังอ่าง', 22, 321),
(2463, 'บ้านตูล', 22, 321),
(2464, 'ขอนหาด', 22, 321),
(2465, 'เกาะขันธ์', 22, 321),
(2466, 'ควนหนองหงษ์', 22, 321),
(2467, 'เขาพระทอง', 22, 321),
(2468, 'นางหลง', 22, 321),
(2469, 'ท่าศาลา', 22, 322),
(2470, 'กลาย', 22, 322),
(2471, 'ท่าขึ้น', 22, 322),
(2472, 'หัวตะพาน', 22, 322),
(2473, 'สระแก้ว', 22, 322),
(2474, 'โมคลาน', 22, 322),
(2475, 'ไทยบุรี', 22, 322),
(2476, 'ดอนตะโก', 22, 322),
(2477, 'ตลิ่งชัน', 22, 322),
(2478, 'โพธิ์ทอง', 22, 322),
(2479, 'ปากแพรก', 22, 323),
(2480, 'ชะมาย', 22, 323),
(2481, 'หนองหงส์', 22, 323),
(2482, 'ควนกรด', 22, 323),
(2483, 'นาไม้ไผ่', 22, 323),
(2484, 'นาหลวงเสน', 22, 323),
(2485, 'เขาโร', 22, 323),
(2486, 'กะปาง', 22, 323),
(2487, 'ที่วัง', 22, 323),
(2488, 'น้ำตก', 22, 323),
(2489, 'ถ้ำใหญ่', 22, 323),
(2490, 'นาโพธิ์', 22, 323),
(2491, 'เขาขาว', 22, 323),
(2492, 'นาบอน', 22, 324),
(2493, 'ทุ่งสง', 22, 324),
(2494, 'แก้วแสน', 22, 324),
(2495, 'ท่ายาง', 22, 325),
(2496, 'ทุ่งสัง', 22, 325),
(2497, 'ทุ่งใหญ่', 22, 325),
(2498, 'กุแหระ', 22, 325),
(2499, 'ปริก', 22, 325),
(2500, 'บางรูป', 22, 325),
(2501, 'กรุงหยัน', 22, 325),
(2502, 'ปากพนัง', 22, 326),
(2503, 'คลองน้อย', 22, 326),
(2504, 'ป่าระกำ', 22, 326),
(2505, 'ชะเมา', 22, 326),
(2507, 'คลองกระบือ', 22, 326),
(2508, 'เกาะทวด', 22, 326),
(2509, 'บ้านใหม่', 22, 326),
(2510, 'หูล่อง', 22, 326),
(2511, 'แหลมตะลุมพุก', 22, 326),
(2512, 'ปากพนังฝั่งตะวันตก', 22, 326),
(2513, 'บางศาลา', 22, 326),
(2514, 'บางพระ', 22, 326),
(2515, 'บางตะพง', 22, 326),
(2516, 'ปากพนังฝั่งตะวันออก', 22, 326),
(2517, 'บ้านเพิง', 22, 326),
(2518, 'ท่าพยา', 22, 326),
(2519, 'ปากแพรก', 22, 326),
(2520, 'ขนาบนาก', 22, 326),
(2521, 'ร่อนพิบูลย์', 22, 327),
(2522, 'หินตก', 22, 327),
(2523, 'เสาธง', 22, 327),
(2524, 'ควนเกย', 22, 327),
(2525, 'ควนพัง', 22, 327),
(2526, 'ควนชุม', 22, 327),
(2527, 'สิชล', 22, 328),
(2529, 'ทุ่งปรัง', 22, 328),
(2530, 'ฉลอง', 22, 328),
(2531, 'เสาเภา', 22, 328),
(2532, 'เปลี่ยน', 22, 328),
(2533, 'สี่ขีด', 22, 328),
(2534, 'เทพราช', 22, 328),
(2535, 'เขาน้อย', 22, 328),
(2536, 'ทุ่งใส', 22, 328),
(2537, 'ขนอม', 22, 329),
(2538, 'ควนทอง', 22, 329),
(2539, 'ท้องเนียน', 22, 329),
(2540, 'หัวไทร', 22, 330),
(2541, 'หน้าสตน', 22, 330),
(2542, 'ทรายขาว', 22, 330),
(2543, 'แหลม', 22, 330),
(2544, 'เขาพังไกร', 22, 330),
(2545, 'บ้านราม', 22, 330),
(2546, 'บางนบ', 22, 330),
(2547, 'ท่าซอม', 22, 330),
(2548, 'ควนชะลิก', 22, 330),
(2549, 'รามแก้ว', 22, 330),
(2550, 'เกาะเพชร', 22, 330),
(2551, 'บางขัน', 22, 331),
(2552, 'บ้านลำนาว', 22, 331),
(2553, 'วังหิน', 22, 331),
(2554, 'บ้านนิคม', 22, 331),
(2555, 'ถ้ำพรรณรา', 22, 332),
(2556, 'คลองเส', 22, 332),
(2557, 'ดุสิต', 22, 332),
(2558, 'บ้านควนมุด', 22, 333),
(2559, 'บ้านชะอวด', 22, 333),
(2560, 'ควนหนองคว้า', 22, 333),
(2561, 'ทุ่งโพธิ์', 22, 333),
(2562, 'นาหมอบุญ', 22, 333),
(2563, 'สามตำบล', 22, 333),
(2564, 'นาพรุ', 22, 334),
(2565, 'นาสาร', 22, 334),
(2566, 'ท้ายสำเภา', 22, 334),
(2567, 'ช้างซ้าย', 22, 334),
(2568, 'นบพิตำ', 22, 335),
(2569, 'กรุงชิง', 22, 335),
(2570, 'กะหรอ', 22, 335),
(2571, 'นาเหรง', 22, 335),
(2572, 'ช้างกลาง', 22, 336),
(2573, 'หลักช้าง', 22, 336),
(2574, 'สวนขัน', 22, 336),
(2575, 'เชียรเขา', 22, 337),
(2576, 'ดอนตรอ', 22, 337),
(2577, 'สวนหลวง', 22, 337),
(2578, 'ทางพูน', 22, 337),
(2579, 'ปากน้ำโพ', 23, 338),
(2580, 'กลางแดด', 23, 338),
(2581, 'เกรียงไกร', 23, 338),
(2582, 'แควใหญ่', 23, 338),
(2583, 'ตะเคียนเลื่อน', 23, 338),
(2584, 'นครสวรรค์ตก', 23, 338),
(2585, 'นครสวรรค์ออก', 23, 338),
(2586, 'บางพระหลวง', 23, 338),
(2587, 'บางม่วง', 23, 338),
(2588, 'บ้านมะเกลือ', 23, 338),
(2589, 'บ้านแก่ง', 23, 338),
(2590, 'พระนอน', 23, 338),
(2591, 'วัดไทรย์', 23, 338),
(2592, 'หนองกรด', 23, 338),
(2593, 'หนองกระโดน', 23, 338),
(2594, 'หนองปลิง', 23, 338),
(2595, 'บึงเสนาท', 23, 338),
(2596, 'โกรกพระ', 23, 339),
(2597, 'ยางตาล', 23, 339),
(2598, 'บางมะฝ่อ', 23, 339),
(2599, 'บางประมุง', 23, 339),
(2600, 'นากลาง', 23, 339),
(2601, 'ศาลาแดง', 23, 339),
(2602, 'เนินกว้าว', 23, 339),
(2603, 'เนินศาลา', 23, 339),
(2604, 'หาดสูง', 23, 339),
(2605, 'ชุมแสง', 23, 340),
(2606, 'ทับกฤช', 23, 340),
(2607, 'พิกุล', 23, 340),
(2608, 'เกยไชย', 23, 340),
(2609, 'ท่าไม้', 23, 340),
(2610, 'บางเคียน', 23, 340),
(2611, 'หนองกระเจา', 23, 340),
(2612, 'พันลาน', 23, 340),
(2613, 'โคกหม้อ', 23, 340),
(2614, 'ไผ่สิงห์', 23, 340),
(2615, 'ฆะมัง', 23, 340),
(2616, 'ทับกฤชใต้', 23, 340),
(2617, 'หนองบัว', 23, 341),
(2618, 'หนองกลับ', 23, 341),
(2619, 'ธารทหาร', 23, 341),
(2620, 'ห้วยร่วม', 23, 341),
(2621, 'ห้วยถั่วใต้', 23, 341),
(2622, 'ห้วยถั่วเหนือ', 23, 341),
(2623, 'ห้วยใหญ่', 23, 341),
(2624, 'ทุ่งทอง', 23, 341),
(2625, 'วังบ่อ', 23, 341),
(2626, 'ท่างิ้ว', 23, 342),
(2627, 'บางตาหงาย', 23, 342),
(2628, 'หูกวาง', 23, 342),
(2629, 'อ่างทอง', 23, 342),
(2630, 'บ้านแดน', 23, 342),
(2631, 'บางแก้ว', 23, 342),
(2632, 'ตาขีด', 23, 342),
(2633, 'ตาสัง', 23, 342),
(2634, 'ด่านช้าง', 23, 342),
(2635, 'หนองกรด', 23, 342),
(2636, 'หนองตางู', 23, 342),
(2637, 'บึงปลาทู', 23, 342),
(2638, 'เจริญผล', 23, 342),
(2639, 'มหาโพธิ', 23, 343),
(2640, 'เก้าเลี้ยว', 23, 343),
(2641, 'หนองเต่า', 23, 343),
(2642, 'เขาดิน', 23, 343),
(2643, 'หัวดง', 23, 343),
(2644, 'ตาคลี', 23, 344),
(2645, 'ช่องแค', 23, 344),
(2646, 'จันเสน', 23, 344),
(2647, 'ห้วยหอม', 23, 344),
(2648, 'หัวหวาย', 23, 344),
(2649, 'หนองโพ', 23, 344),
(2650, 'หนองหม้อ', 23, 344),
(2651, 'สร้อยทอง', 23, 344),
(2652, 'ลาดทิพรส', 23, 344),
(2653, 'พรหมนิมิต', 23, 344),
(2654, 'ท่าตะโก', 23, 345),
(2655, 'พนมรอก', 23, 345),
(2656, 'หัวถนน', 23, 245),
(2657, 'สายลำโพง', 23, 245),
(2658, 'วังมหากร', 23, 245),
(2659, 'ดอนคา', 23, 245),
(2660, 'ทำนบ', 23, 245),
(2661, 'วังใหญ่', 23, 245),
(2662, 'พนมเศษ', 23, 245),
(2663, 'หนองหลวง', 23, 245),
(2664, 'โคกเดื่อ', 23, 346),
(2665, 'สำโรงชัย', 23, 346),
(2666, 'วังน้ำลัด', 23, 346),
(2667, 'ตะคร้อ', 23, 346),
(2668, 'โพธิ์ประสาท', 23, 346),
(2669, 'วังข่อย', 23, 346),
(2670, 'นาขอม', 23, 346),
(2671, 'ไพศาลี', 23, 346),
(2672, 'พยุหะ', 23, 347),
(2673, 'เนินมะกอก', 23, 347),
(2674, 'นิคมเขาบ่อแก้ว', 23, 347),
(2675, 'ม่วงหัก', 23, 347),
(2676, 'ยางขาว', 23, 347),
(2677, 'ย่านมัทรี', 23, 347),
(2678, 'เขาทอง', 23, 347),
(2679, 'ท่าน้ำอ้อย', 23, 347),
(2680, 'น้ำทรง', 23, 347),
(2681, 'เขากะลา', 23, 347),
(2682, 'สระทะเล', 23, 347),
(2683, 'ลาดยาว', 23, 348),
(2684, 'ห้วยน้ำหอม', 23, 348),
(2685, 'วังม้า', 23, 348),
(2686, 'วังเมือง', 23, 348),
(2687, 'สร้อยละคร', 23, 348),
(2688, 'มาบแก', 23, 348),
(2689, 'หนองยาว', 23, 348),
(2690, 'หนองนมวัว', 23, 348),
(2691, 'บ้านไร่', 23, 348),
(2692, 'เนินขี้เหล็ก', 23, 348),
(2693, 'ศาลเจ้าไก่ต่อ', 23, 348),
(2694, 'สระแก้ว', 23, 348),
(2695, 'ตากฟ้า', 23, 349),
(2696, 'ลำพยนต์', 23, 349),
(2697, 'สุขสำราญ', 23, 349),
(2698, 'หนองพิกุล', 23, 349),
(2699, 'พุนกยูง', 23, 349),
(2700, 'อุดมธัญญา', 23, 349),
(2701, 'เขาชายธง', 23, 349),
(2702, 'แม่วงก์', 23, 350),
(2703, 'แม่เล่ย์', 23, 350),
(2704, 'วังซ่าน', 23, 350),
(2705, 'เขาชนกัน', 23, 350),
(2706, 'แม่เปิน', 23, 351),
(2707, 'ชุมตาบง', 23, 352),
(2708, 'ปางสวรรค์', 23, 352),
(2709, 'สวนใหญ่', 24, 353),
(2710, 'ตลาดขวัญ', 24, 353),
(2711, 'บางเขน', 24, 353),
(2712, 'บางกระสอ', 24, 353),
(2713, 'ท่าทราย', 24, 353),
(2714, 'บางไผ่', 24, 353),
(2715, 'บางศรีเมือง', 24, 353),
(2716, 'บางกร่าง', 24, 353),
(2717, 'ไทรม้า', 24, 353),
(2718, 'บางรักน้อย', 24, 353),
(2719, 'วัดชลอ', 24, 354),
(2720, 'บางกรวย', 24, 354),
(2721, 'บางสีทอง', 24, 354),
(2722, 'บางขนุน', 24, 354),
(2723, 'บางขุนกอง', 24, 354),
(2724, 'บางคูเวียง', 24, 254),
(2725, 'มหาสวัสดิ์', 24, 254),
(2726, 'ปลายบาง', 24, 254),
(2727, 'ศาลากลาง', 24, 254),
(2728, 'บางม่วง', 24, 255),
(2729, 'บางแม่นาง', 24, 255),
(2730, 'บางเลน', 24, 255),
(2731, 'เสาธงหิน', 24, 255),
(2732, 'บางใหญ่', 24, 255),
(2733, 'บ้านใหม่', 24, 255),
(2734, 'โสนลอย', 24, 256),
(2735, 'บางบัวทอง', 24, 256),
(2736, 'บางรักใหญ่', 24, 256),
(2737, 'บางคูรัด', 24, 256),
(2738, 'ละหาร', 24, 256),
(2739, 'ลำโพ', 24, 256),
(2740, 'พิมลราช', 24, 256),
(2741, 'บางรักพัฒนา', 24, 256),
(2742, 'ไทรน้อย', 24, 357),
(2743, 'ราษฎร์นิยม', 24, 357),
(2744, 'หนองเพรางาย', 24, 357),
(2745, 'ไทรใหญ่', 24, 357),
(2746, 'ขุนศรี', 24, 357),
(2747, 'คลองขวาง', 24, 357),
(2748, 'ทวีวัฒนา', 24, 357),
(2749, 'ปากเกร็ด', 24, 358),
(2750, 'บางตลาด', 24, 358),
(2751, 'บ้านใหม่', 24, 258),
(2752, 'บางพูด', 24, 258),
(2753, 'บางตะไนย์', 24, 258),
(2754, 'คลองพระอุดม', 24, 258),
(2755, 'ท่าอิฐ', 24, 258),
(2756, 'เกาะเกร็ด', 24, 258),
(2757, 'อ้อมเกร็ด', 24, 258),
(2758, 'คลองข่อย	', 24, 258),
(2759, 'บางพลับ', 24, 258),
(2760, 'คลองเกลือ', 24, 258),
(2761, 'บางนาค', 25, 259),
(2762, 'ลำภู', 25, 259),
(2763, 'มะนังตายอ', 25, 259),
(2764, 'บางปอ', 25, 259),
(2765, 'กะลุวอ', 25, 259),
(2766, 'กะลุวอเหนือ', 25, 259),
(2767, 'โคกเคียน', 25, 259),
(2768, 'เจ๊ะเห', 25, 360),
(2769, 'ไพรวัน', 25, 360),
(2770, 'พร่อน', 25, 360),
(2771, 'ศาลาใหม่', 25, 360),
(2772, 'บางขุนทอง', 25, 360),
(2773, 'เกาะสะท้อน', 25, 360),
(2774, 'นานาค', 25, 360),
(2775, 'โฆษิต', 25, 360),
(2776, 'บาเจาะ', 25, 361),
(2777, 'ลุโบะสาวอ', 25, 361),
(2778, 'กาเยาะมาตี', 25, 361),
(2779, 'ปะลุกาสาเมาะ', 25, 361),
(2780, 'บาเระเหนือ', 25, 361),
(2781, 'บาเระใต้', 25, 361),
(2782, 'ยี่งอ', 25, 362),
(2783, 'ละหาร', 25, 362),
(2784, 'จอเบาะ', 25, 362),
(2785, 'ลุโบะบายะ', 25, 362),
(2786, 'ลุโบะบือซา', 25, 362),
(2787, 'ตะปอเยาะ', 25, 362),
(2788, 'ตันหยงมัส', 25, 363),
(2789, 'ตันหยงลิมอ', 25, 363),
(2790, 'บองอ', 25, 363),
(2791, 'กาลิซา', 25, 363),
(2792, 'บาโงสะโต', 25, 363),
(2793, 'เฉลิม', 25, 363),
(2794, 'มะรือโบตก', 25, 363),
(2795, 'รือเสาะ', 25, 364),
(2796, 'สาวอ', 25, 364),
(2797, 'เรียง', 25, 364),
(2798, 'สามัคคี', 25, 364),
(2799, 'บาตง', 25, 264),
(2800, 'ลาโละ', 25, 364),
(2801, 'รือเสาะออก', 25, 364),
(2802, 'โคกสะตอ', 25, 364),
(2803, 'สุวารี', 25, 364),
(2804, 'ซากอ', 25, 365),
(2805, 'ตะมะยูง', 25, 365),
(2806, 'ศรีสาคร', 25, 365),
(2807, 'เชิงคีรี', 25, 365),
(2808, 'กาหลง', 25, 365),
(2809, 'ศรีบรรพต', 25, 365),
(2810, 'แว้ง', 25, 366),
(2811, 'กายูคละ', 25, 366),
(2812, 'ฆอเลาะ', 25, 366),
(2813, 'โละจูด', 25, 366),
(2814, 'แม่ดง', 25, 366),
(2815, 'เอราวัณ', 25, 366),
(2816, 'สุคิริน', 25, 367),
(2817, 'มาโมง', 25, 367),
(2818, 'เกียร์', 25, 367),
(2819, 'ภูเขาทอง', 25, 367),
(2820, 'ร่มไทร', 25, 367),
(2821, 'สุไหงโก-ลก', 25, 368),
(2822, 'ปาเสมัส', 25, 368),
(2823, 'มูโนะ', 25, 268),
(2824, 'ปูโยะ', 25, 268),
(2825, 'ปะลุรู', 25, 369),
(2826, 'สุไหงปาดี', 25, 369),
(2827, 'โต๊ะเด็ง', 25, 369),
(2828, 'สากอ', 25, 269),
(2829, 'ริโก๋', 25, 369),
(2830, 'กาวะ', 25, 369),
(2831, 'จะแนะ', 25, 370),
(2832, 'ดุซงญอ', 25, 370),
(2833, 'ผดุงมาตร', 25, 370),
(2834, 'ช้างเผือก', 25, 370),
(2835, 'จวบ', 25, 371),
(2836, 'บูกิต', 25, 371),
(2837, 'มะรือโบออก', 25, 371),
(2838, 'ในเวียง', 26, 372),
(2839, 'บ่อ', 26, 372),
(2840, 'ผาสิงห์', 26, 372),
(2841, 'ไชยสถาน', 26, 372),
(2843, 'ถืมตอง', 26, 372),
(2844, 'เรือง', 26, 372),
(2845, 'นาซาว', 26, 372),
(2846, 'ดู่ใต้', 26, 372),
(2847, 'กองควาย', 26, 372),
(2848, 'บ่อสวก', 26, 372),
(2849, 'สะเนียน', 26, 372),
(2850, 'หนองแดง', 26, 373),
(2851, 'หมอเมือง', 26, 373),
(2852, 'น้ำพาง', 26, 373),
(2853, 'น้ำปาย', 26, 373),
(2854, 'แม่จริม', 26, 373),
(2855, 'บ้านฟ้า', 26, 374),
(2856, 'ป่าคาหลวง', 26, 374),
(2857, 'สวด', 26, 374),
(2858, 'บ้านพี้', 26, 374),
(2859, 'นาน้อย', 26, 375),
(2860, 'เชียงของ', 26, 375),
(2861, 'ศรีษะเกษ', 26, 375),
(2862, 'สถาน', 26, 375),
(2863, 'สันทะ', 26, 375),
(2864, 'บัวใหญ่', 26, 375),
(2865, 'น้ำตก', 26, 375),
(2866, 'ปัว', 26, 376),
(2867, 'แงง', 26, 376),
(2868, 'สถาน', 26, 376),
(2869, 'ศิลาแลง', 26, 376),
(2870, 'ศิลาเพชร', 26, 376),
(2871, 'อวน', 26, 376),
(2872, 'ไชยวัฒนา', 26, 376),
(2873, 'เจดีย์ชัย', 26, 376),
(2874, 'ภูคา', 26, 376),
(2875, 'สกาด', 26, 376),
(2876, 'ป่ากลาง', 26, 376),
(2877, 'วรนคร', 26, 376),
(2878, 'ริม', 26, 377),
(2879, 'ป่าคา', 26, 377),
(2880, 'ผาตอ', 26, 377),
(2881, 'ยม', 26, 377),
(2882, 'ตาลชุม', 26, 377),
(2883, 'ศรีภูมิ', 26, 377),
(2884, 'จอมพระ', 26, 377),
(2885, 'แสนทอง', 26, 377),
(2886, 'ท่าวังผา', 26, 377),
(2887, 'ผาทอง', 26, 377),
(2888, 'กลางเวียง', 26, 378),
(2889, 'ขึ่ง', 26, 378),
(2890, 'ไหล่น่าน', 26, 378),
(2891, 'ตาลชุม', 26, 378),
(2892, 'นาเหลือง', 26, 378),
(2893, 'ส้าน', 26, 378),
(2894, 'น้ำมวบ', 26, 378),
(2895, 'น้ำปั้ว', 26, 378),
(2896, 'ยาบหัวนา', 26, 378),
(2897, 'ปงสนุก', 26, 378),
(2898, 'อ่ายนาไลย', 26, 378),
(2899, 'ส้านนาหนองใหม่', 26, 378),
(2900, 'แม่ขะนิง', 26, 378),
(2901, 'แม่สาคร', 26, 378),
(2902, 'จอมจันทร์', 26, 378),
(2903, 'แม่สา', 26, 378),
(2904, 'ทุ่งศรีทอง', 26, 378),
(2905, 'ปอน', 26, 379),
(2906, 'งอบ', 26, 379),
(2907, 'และ', 26, 379),
(2908, 'ทุ่งช้าง', 26, 379),
(2909, 'เชียงกลาง', 26, 380),
(2910, 'เปือ', 26, 380),
(2911, 'เชียงคาน', 26, 380),
(2912, 'พระธาตุ', 26, 380),
(2913, 'พญาแก้ว', 26, 380),
(2914, 'พระพุทธบาท', 26, 280),
(2915, 'นาทะนุง', 26, 381),
(2916, 'บ่อแก้ว', 26, 381),
(2917, 'เมืองลี', 26, 381),
(2918, 'ปิงหลวง', 26, 381),
(2919, 'ดู่พงษ์', 26, 382),
(2920, 'ป่าแลวหลวง', 26, 382),
(2921, 'พงษ์', 26, 382),
(2922, 'บ่อเกลือเหนือ', 26, 383),
(2923, 'บ่อเกลือใต้', 26, 383),
(2924, 'ภูฟ้า', 26, 383),
(2925, 'ดงพญา', 26, 383),
(2926, 'นาไร่หลวง', 26, 384),
(2927, 'ชนแดน', 26, 384),
(2928, 'ยอด', 26, 284),
(2929, 'ม่วงตึ๊ด', 26, 385),
(2930, 'นาปัง', 26, 385),
(2931, 'น้ำแก่น', 26, 385),
(2932, 'น้ำเกี๋ยน', 26, 385),
(2933, 'เมืองจัง', 26, 385),
(2934, 'ท่าน้าว', 26, 385),
(2935, 'ฝายแก้ว', 26, 385),
(2936, 'ห้วยโก๋น', 26, 386),
(2937, 'ขุนน่าน', 26, 386),
(2938, 'บึงกาฬ', 27, 387),
(2939, 'โนนสมบูรณ์', 27, 387),
(2940, 'โนนสว่าง', 27, 387),
(2941, 'หอคำ', 27, 387),
(2942, 'หนองเลิง', 27, 387),
(2943, 'โคกก่อง', 27, 387),
(2944, 'นาสวรรค์', 27, 387),
(2945, 'ไคสี', 27, 387),
(2946, 'ชัยพร', 27, 387),
(2947, 'วิศิษฐ์', 27, 387),
(2948, 'คำนาดี', 27, 387),
(2949, 'โป่งเปือย', 27, 387),
(2950, 'ศรีชมภู', 27, 388),
(2951, 'ดอนหญ้านาง', 27, 388),
(2952, 'พรเจริญ', 27, 388),
(2953, 'หนองหัวช้าง', 27, 388),
(2954, 'วังชมภู', 27, 388),
(2955, 'ป่าแฝก', 27, 388),
(2956, 'ศรีสำราญ', 27, 388),
(2957, 'โซ่', 27, 389),
(2958, 'หนองพันทา', 27, 389),
(2959, 'ศรีชมภู', 27, 389),
(2960, 'คำแก้ว', 27, 389),
(2961, 'บัวตูม', 27, 389),
(2962, 'ถ้ำเจริญ', 27, 389),
(2963, 'เหล่าทอง', 27, 389),
(2964, 'เซกา', 27, 390),
(2965, 'ซาง', 27, 390),
(2966, 'ท่ากกแดง', 27, 390),
(2967, 'บ้านต้อง', 27, 390),
(2968, 'ป่งไฮ', 27, 390),
(2969, 'น้ำจั้น', 27, 390),
(2970, 'ท่าสะอาด', 27, 390),
(2971, 'หนองทุ่ม', 27, 390),
(2972, 'โสกก่าม', 27, 390),
(2973, 'ปากคาด', 27, 391),
(2974, 'หนองยอง', 27, 391),
(2975, 'นากั้ง', 27, 391),
(2976, 'โนนศิลา', 27, 391),
(2977, 'สมสนุก', 27, 391),
(2978, 'นาดง', 27, 391),
(2979, 'บึงโขงหลง', 27, 392),
(2980, 'โพธิ์หมากแข้ง', 27, 392),
(2981, 'ดงบัง', 27, 392),
(2982, 'ท่าดอกคำ', 27, 392),
(2983, 'ศรีวิไล', 27, 393),
(2984, 'ชุมภูพร', 27, 393),
(2985, 'นาแสง', 27, 393),
(2986, 'นาสะแบง', 27, 393),
(2987, 'นาสิงห์', 27, 393),
(2988, 'บุ่งคล้า', 27, 394),
(2989, 'หนองเดิ่น', 27, 394),
(2990, 'โคกกว้าง', 27, 394),
(2991, 'ในเมือง', 28, 395),
(2992, 'อิสาณ', 28, 395),
(2993, 'เสม็ด', 28, 395),
(2994, 'บ้านบัว', 28, 395),
(2995, 'สะแกโพรง', 28, 395),
(2996, 'สวายจีก', 28, 395),
(2997, 'บ้านยาง', 28, 395),
(2998, 'พระครู', 28, 395),
(2999, 'ถลุงเหล็ก', 28, 395),
(3000, 'หนองตาด', 28, 395),
(3001, 'ลุมปุ๊ก', 28, 395),
(3002, 'สองห้อง', 28, 395),
(3003, 'บัวทอง', 28, 395),
(3004, 'ชุมเห็ด', 28, 395),
(3005, 'หลักเขต', 28, 395),
(3006, 'สะแกซำ', 28, 395),
(3007, 'กลันทา', 28, 395),
(3008, 'กระสัง', 28, 395),
(3009, 'เมืองฝาง', 28, 395),
(3010, 'คูเมือง', 28, 396),
(3011, 'ปะเคียบ', 28, 396),
(3012, 'บ้านแพ', 28, 396),
(3013, 'พรสำราญ', 28, 396),
(3014, 'หินเหล็กไฟ', 28, 396),
(3015, 'ตูมใหญ่', 28, 396),
(3016, 'หนองขมาร', 28, 396),
(3017, 'กระสัง', 28, 397),
(3018, 'ลำดวน', 28, 397),
(3019, 'สองชั้น', 28, 397),
(3020, 'สูงเนิน', 28, 397),
(3021, 'หนองเต็ง', 28, 397),
(3022, 'เมืองไผ่', 28, 397),
(3023, 'ชุมแสง', 28, 397),
(3024, 'บ้านปรือ', 28, 397),
(3025, 'ห้วยสำราญ', 28, 397),
(3026, 'กันทรารมย์', 28, 397),
(3027, 'ศรีภูมิ', 28, 397),
(3028, 'นางรอง', 28, 398),
(3029, 'สะเดา', 28, 398),
(3030, 'ชุมแสง', 28, 398),
(3031, 'หนองโบสถ์', 28, 398),
(3032, 'หนองกง', 28, 398),
(3033, 'ถนนหัก', 28, 398),
(3034, 'หนองไทร', 28, 398),
(3035, 'ก้านเหลือง', 28, 398),
(3036, 'บ้านสิงห์', 28, 398),
(3037, 'ลำไทรโยง', 28, 398),
(3038, 'ทรัพย์พระยา', 28, 398),
(3039, 'หนองยายพิมพ์', 28, 398),
(3040, 'หัวถนน', 28, 398),
(3041, 'ทุ่งแสงทอง', 28, 398),
(3042, 'หนองโสน', 28, 398),
(3043, 'หนองกี่', 28, 399),
(3044, 'เย้ยปราสาท', 28, 399),
(3045, 'เมืองไผ่', 28, 399),
(3046, 'ดอนอะราง', 28, 399),
(3047, 'โคกสว่าง', 28, 399),
(3048, 'ทุ่งกระตาดพัฒนา', 28, 399),
(3049, 'ทุ่งกระเต็น', 28, 399),
(3050, 'ท่าโพธิ์ชัย', 28, 399),
(3051, 'โคกสูง', 28, 399),
(3052, 'บุกระสัง', 28, 399),
(3053, 'ละหานทราย', 28, 400),
(3054, 'ตาจง', 28, 400),
(3055, 'สำโรงใหม่', 28, 400),
(3056, 'หนองแวง', 28, 400),
(3057, 'หนองตะครอง', 28, 400),
(3058, 'โคกว่าน', 28, 400),
(3059, 'ประโคนชัย', 28, 401),
(3060, 'แสลงโทน', 28, 401),
(3061, 'บ้านไทร', 28, 401),
(3062, 'ละเวี้ย', 28, 401),
(3063, 'จรเข้มาก', 28, 401),
(3064, 'ปังกู', 28, 401),
(3065, 'โคกย่าง', 28, 401),
(3066, 'โคกม้า', 28, 401),
(3067, 'ไพศาล', 28, 401),
(3068, 'ตะโกตาพิ', 28, 401),
(3069, 'เขาคอก', 28, 401),
(3070, 'หนองบอน', 28, 401),
(3071, 'โคกมะขาม', 28, 401),
(3072, 'โคกตูม', 28, 401),
(3073, 'ประทัดบุ', 28, 401),
(3074, 'สี่เหลี่ยม', 28, 401),
(3075, 'บ้านกรวด', 28, 402),
(3076, 'โนนเจริญ', 28, 402),
(3077, 'หนองไม้งาม', 28, 402),
(3078, 'ปราสาท', 28, 402),
(3079, 'สายตะกู', 28, 402),
(3080, 'หินลาด', 28, 402),
(3081, 'บึงเจริญ', 28, 402),
(3082, 'จันทบเพชร', 28, 402),
(3083, 'เขาดินเหนือ', 28, 402),
(3084, 'พุทไธสง', 28, 403),
(3085, 'มะเฟือง', 28, 403),
(3086, 'บ้านจาน', 28, 403),
(3087, 'บ้านเป้า', 28, 403),
(3088, 'บ้านแวง', 28, 403),
(3089, 'บ้านยาง', 28, 403),
(3090, 'หายโศก', 28, 403),
(3091, 'ลำปลายมาศ', 28, 404),
(3092, 'หนองคู', 28, 404),
(3093, 'แสลงพัน', 28, 404),
(3094, 'ทะเมนชัย', 28, 404),
(3095, 'ตลาดโพธิ์', 28, 404),
(3096, 'หนองกะทิง', 28, 404),
(3097, 'โคกกลาง', 28, 404),
(3098, 'โคกสะอาด', 28, 404),
(3099, 'เมืองแฝก', 28, 404),
(3100, 'บ้านยาง', 28, 404),
(3101, 'ผไทรินทร์', 28, 404),
(3102, 'โคกล่าม', 28, 404),
(3103, 'หินโคน', 28, 404),
(3104, 'หนองบัวโคก', 28, 404),
(3105, 'บุโพธิ์', 28, 404),
(3106, 'หนองโดน', 28, 404),
(3107, 'สตึก', 28, 405),
(3108, 'นิคม', 28, 405),
(3109, 'ทุ่งวัง', 28, 405),
(3110, 'เมืองแก', 28, 405),
(3111, 'หนองใหญ่', 28, 405),
(3112, 'ร่อนทอง', 28, 405),
(3113, 'ดอนมนต์', 28, 405),
(3114, 'ชุมแสง', 28, 405),
(3115, 'ท่าม่วง', 28, 405),
(3116, 'สะแก', 28, 405),
(3117, 'สนามชัย', 28, 405),
(3118, 'กระสัง', 28, 405),
(3119, 'ปะคำ', 28, 406),
(3120, 'ไทยเจริญ', 28, 406),
(3121, 'หนองบัว', 28, 406),
(3122, 'โคกมะม่วง', 28, 406),
(3123, 'หูทำนบ', 28, 406),
(3124, 'นาโพธิ์', 28, 407),
(3125, 'บ้านคู', 28, 407),
(3126, 'บ้านดู่', 28, 407),
(3127, 'ดอนกอก', 28, 407),
(3128, 'ศรีสว่าง', 28, 407),
(3129, 'สระแก้ว', 28, 408),
(3130, 'ห้วยหิน', 28, 408),
(3131, 'ไทยสามัคคี', 28, 408),
(3132, 'หนองชัยศรี', 28, 408),
(3133, 'เสาเดียว', 28, 408),
(3134, 'เมืองฝ้าย', 28, 408),
(3135, 'สระทอง', 28, 408),
(3136, 'จันดุม', 28, 409),
(3137, 'โคกขมิ้น', 28, 409),
(3138, 'ป่าชัน', 28, 409),
(3139, 'สะเดา', 28, 409),
(3140, 'สำโรง', 28, 409),
(3141, 'ห้วยราช', 28, 410),
(3142, 'สามแวง', 28, 410),
(3143, 'ตาเสา', 28, 410),
(3144, 'บ้านตะโก', 28, 410),
(3145, 'สนวน', 28, 410),
(3146, 'โคกเหล็ก', 28, 410),
(3147, 'เมืองโพธิ์', 28, 410),
(3148, 'ห้วยราชา', 28, 410),
(3149, 'โนนสุวรรณ', 28, 411),
(3150, 'ทุ่งจังหัน', 28, 411),
(3151, 'โกรกแก้ว', 28, 411),
(3152, 'ดงอีจาน', 28, 411),
(3153, 'ชำนิ', 28, 412),
(3154, 'หนองปล่อง', 28, 412),
(3155, 'เมืองยาง', 28, 412),
(3156, 'ช่อผกา', 28, 412),
(3157, 'ละลวด', 28, 412),
(3158, 'โคกสนวน', 28, 412),
(3159, 'หนองแวง', 28, 413),
(3160, 'ทองหลาง', 28, 413),
(3161, 'แดงใหญ่', 28, 413),
(3162, 'กู่สวนแตง', 28, 413),
(3163, 'หนองเยือง', 28, 413),
(3164, 'โนนดินแดง', 28, 414),
(3165, 'ส้มป่อย', 28, 414),
(3166, 'ลำนางรอง', 28, 414),
(3167, 'บ้านด่าน', 28, 415),
(3168, 'ปราสาท', 28, 415),
(3169, 'วังเหนือ', 28, 415),
(3170, 'โนนขวาง', 28, 415),
(3171, 'แคนดง', 28, 416),
(3172, 'ดงพลอง', 28, 416),
(3173, 'สระบัว', 28, 416),
(3174, 'หัวฝาย', 28, 416),
(3175, 'ตาเป๊ก', 28, 417),
(3176, 'อีสานเขต', 28, 417),
(3177, 'เจริญสุข', 28, 417),
(3178, 'ถาวร', 28, 417),
(3179, 'ยายแย้มวัฒนา', 28, 417),
(3180, 'บางปรอก', 29, 418),
(3181, 'บ้านใหม่', 29, 418),
(3182, 'บ้านกลาง', 29, 418),
(3183, 'บ้านฉาง', 29, 418),
(3184, 'บ้านกระแชง', 29, 418),
(3185, 'บางขะแยง', 29, 418),
(3186, 'บางคูวัด', 29, 418),
(3187, 'บางหลวง', 29, 418),
(3188, 'บางเดื่อ', 29, 418),
(3189, 'บางพูด', 29, 418),
(3190, 'บางพูน', 29, 418),
(3191, 'บางกะดี', 29, 418),
(3192, 'สวนพริกไทย', 29, 418),
(3193, 'หลักหก', 29, 418),
(3194, 'คลองหนึ่ง', 29, 419),
(3195, 'คลองสอง', 29, 419),
(3196, 'คลองสาม', 29, 419),
(3197, 'คลองสี่', 29, 419),
(3198, 'คลองห้า', 29, 419),
(3199, 'คลองหก', 29, 419),
(3200, 'คลองเจ็ด', 29, 419),
(3201, 'ประชาธิปัตย์', 29, 420),
(3202, 'บึงยี่โถ', 29, 420),
(3203, 'รังสิต', 29, 420),
(3204, 'ลำผักกูด', 29, 420),
(3205, 'บึงสนั่น', 29, 420),
(3206, 'บึงน้ำรักษ์', 29, 420),
(3207, 'บึงบา', 29, 421),
(3208, 'บึงบอน', 29, 421),
(3209, 'บึงกาสาม', 29, 421),
(3210, 'บึงชำอ้อ', 29, 421),
(3211, 'หนองสามวัง', 29, 421),
(3212, 'ศาลาครุ', 29, 421),
(3213, 'นพรัตน์', 29, 421),
(3214, 'ระแหง', 29, 422),
(3215, 'ลาดหลุมแก้ว', 29, 422),
(3216, 'คูบางหลวง', 29, 422),
(3217, 'คูขวาง', 29, 422),
(3218, 'คลองพระอุดม', 29, 422),
(3219, 'บ่อเงิน', 29, 422),
(3220, 'หน้าไม้', 29, 422),
(3221, 'คูคต', 29, 423),
(3222, 'ลาดสวาย', 29, 423),
(3223, 'บึงคำพร้อย', 29, 423),
(3224, 'ลำลูกกา', 29, 423),
(3225, 'บึงทองหลาง', 29, 423),
(3226, 'ลำไทร', 29, 423),
(3227, 'บึงคอไห', 29, 423),
(3228, 'พืชอุดม', 29, 423),
(3229, 'บางเตย', 29, 424),
(3230, 'คลองควาย', 29, 424),
(3231, 'สามโคก', 29, 424),
(3232, 'กระแชง', 29, 424),
(3233, 'บางโพธิ์เหนือ', 29, 424),
(3234, 'เชียงรากใหญ่', 29, 424),
(3235, 'บ้านปทุม', 29, 424),
(3236, 'บ้านงิ้ว', 29, 424),
(3237, 'เชียงรากน้อย', 29, 424),
(3238, 'บางกระบือ', 29, 424),
(3239, 'ท้ายเกาะ', 29, 424),
(3240, 'ประจวบคีรีขันธ์', 30, 425),
(3241, 'เกาะหลัก', 30, 425),
(3242, 'คลองวาฬ', 30, 425),
(3243, 'ห้วยทราย', 30, 425),
(3244, 'อ่าวน้อย', 30, 425),
(3245, 'บ่อนอก', 30, 425),
(3246, 'กุยบุรี', 30, 426),
(3247, 'กุยเหนือ', 30, 426),
(3248, 'เขาแดง', 30, 426),
(3249, 'ดอนยายหนู', 30, 426),
(3250, 'สามกระทาย', 30, 426),
(3251, 'หาดขาม', 30, 426),
(3252, 'ทับสะแก', 30, 427),
(3253, 'อ่างทอง', 30, 427),
(3254, 'นาหูกวาง', 30, 427),
(3255, 'เขาล้าน', 30, 427),
(3256, 'ห้วยยาง', 30, 427),
(3257, 'แสงอรุณ', 30, 427),
(3258, 'กำเนิดนพคุณ', 30, 428),
(3259, 'พงศ์ประศาสน์', 30, 428),
(3260, 'ร่อนทอง', 30, 428),
(3261, 'ธงชัย', 30, 428),
(3262, 'ชัยเกษม', 30, 428),
(3263, 'ทองมงคล', 30, 428),
(3264, 'แม่รำพึง', 30, 428),
(3265, 'ปากแพรก', 30, 429),
(3266, 'บางสะพาน', 30, 429),
(3267, 'ทรายทอง', 30, 429),
(3268, 'ช้างแรก', 30, 429),
(3269, 'ไชยราช', 30, 429),
(3270, 'ปราณบุรี', 30, 430),
(3271, 'เขาน้อย', 30, 430),
(3272, 'ปากน้ำปราณ', 30, 430),
(3273, 'หนองตาแต้ม', 30, 430),
(3274, 'วังก์พง', 30, 430),
(3275, 'เขาจ้าว', 30, 430),
(3276, 'หัวหิน', 30, 431),
(3277, 'หนองแก', 30, 431),
(3278, 'หินเหล็กไฟ', 30, 431),
(3279, 'หนองพลับ', 30, 431),
(3280, 'ทับใต้', 30, 431),
(3281, 'ห้วยสัตว์ใหญ่', 30, 431),
(3282, 'บึงนคร', 30, 431),
(3283, 'สามร้อยยอด', 30, 432),
(3284, 'ศิลาลอย', 30, 432),
(3285, 'ไร่เก่า', 30, 432),
(3286, 'ศาลาลัย', 30, 432),
(3287, 'ไร่ใหม่', 30, 432),
(3288, 'หน้าเมือง', 31, 433),
(3289, 'รอบเมือง', 31, 433),
(3290, 'วัดโบสถ์', 31, 433),
(3291, 'บางเดชะ', 31, 433),
(3292, 'ท่างาม', 31, 433),
(3293, 'บางบริบูรณ์', 31, 433),
(3294, 'ดงพระราม', 31, 433),
(3295, 'บ้านพระ', 31, 433),
(3296, 'โคกไม้ลาย', 31, 433),
(3297, 'ไม้เค็ด', 31, 433),
(3298, 'ดงขี้เหล็ก', 31, 433),
(3299, 'เนินหอม', 31, 433),
(3300, 'โนนห้อม', 31, 433),
(3301, 'กบินทร์', 31, 434),
(3302, 'เมืองเก่า', 31, 434),
(3303, 'วังดาล', 31, 434),
(3304, 'นนทรี', 31, 434),
(3305, 'ย่านรี', 31, 434),
(3306, 'วังตะเคียน', 31, 434),
(3307, 'หาดนางแก้ว', 31, 434),
(3308, 'ลาดตะเคียน', 31, 434),
(3309, 'บ้านนา', 31, 434),
(3310, 'บ่อทอง', 31, 434),
(3311, 'หนองกี่', 31, 434),
(3312, 'นาแขม', 31, 434),
(3313, 'เขาไม้แก้ว', 31, 434),
(3314, 'วังท่าช้าง', 31, 434),
(3315, 'นาดี', 31, 435),
(3316, 'สำพันตา', 31, 435),
(3317, 'สะพานหิน', 31, 435),
(3318, 'ทุ่งโพธิ์', 31, 435),
(3319, 'แก่งดินสอ', 31, 435),
(3320, 'บุพราหมณ์', 31, 435),
(3321, 'บ้านสร้าง', 31, 436),
(3322, 'บางกระเบา', 31, 436),
(3323, 'บางเตย', 31, 436),
(3324, 'บางยาง', 31, 436),
(3325, 'บางแตน', 31, 436),
(3326, 'บางพลวง', 31, 436),
(3327, 'บางปลาร้า', 31, 436),
(3328, 'บางขาม', 31, 436),
(3329, 'กระทุ่มแพ้ว', 31, 436),
(3330, 'ประจันตคาม', 31, 437),
(3331, 'เกาะลอย', 31, 437),
(3332, 'บ้านหอย', 31, 437),
(3333, 'หนองแสง', 31, 437),
(3334, 'ดงบัง', 31, 437),
(3335, 'คำโตนด', 31, 437),
(3336, 'บุฝ้าย', 31, 437),
(3337, 'หนองแก้ว', 31, 437),
(3338, 'โพธิ์งาม', 31, 437),
(3339, 'ศรีมหาโพธิ', 31, 438),
(3340, 'สัมพันธ์', 31, 438),
(3341, 'บ้านทาม', 31, 438),
(3342, 'ท่าตูม', 31, 438),
(3343, 'บางกุ้ง', 31, 438),
(3344, 'ดงกระทงยาม', 31, 438),
(3345, 'หนองโพรง', 31, 438),
(3346, 'หัวหว้า', 31, 438),
(3347, 'หาดยาง', 31, 438),
(3348, 'กรอกสมบูรณ์', 31, 438),
(3349, 'โคกปีบ', 31, 439),
(3350, 'โคกไทย', 31, 439),
(3351, 'คู้ลำพัน', 31, 439),
(3352, 'ไผ่ชะเลือด', 31, 439),
(3353, 'สะบารัง', 32, 440),
(3354, 'อาเนาะรู', 32, 440),
(3355, 'จะบังติกอ', 32, 440),
(3356, 'บานา', 32, 440),
(3357, 'ตันหยงลุโละ', 32, 440),
(3358, 'คลองมานิง', 32, 440),
(3359, 'กะมิยอ', 32, 440),
(3360, 'บาราโหม', 32, 440),
(3361, 'ปะกาฮะรัง', 32, 440),
(3362, 'รูสะมิแล', 32, 440),
(3363, 'ตะลุโบะ', 32, 440),
(3364, 'บาราเฮาะ', 32, 440),
(3365, 'ปุยุด', 32, 440),
(3366, 'โคกโพธิ์', 32, 441),
(3367, 'มะกรูด', 32, 441),
(3368, 'บางโกระ', 32, 441),
(3369, 'ป่าบอน', 32, 441),
(3370, 'ทรายขาว', 32, 441),
(3371, 'นาประดู่', 32, 441),
(3372, 'ปากล่อ', 32, 441),
(3373, 'ทุ่งพลา', 32, 441),
(3374, 'ท่าเรือ', 32, 441),
(3375, 'นาเกตุ', 32, 441),
(3376, 'ควนโนรี', 32, 441),
(3377, 'ช้างให้ตก', 32, 441),
(3378, 'เกาะเปาะ', 32, 442),
(3379, 'คอลอตันหยง', 32, 442),
(3380, 'ดอนรัก', 32, 442),
(3381, 'ดาโต๊ะ', 32, 442),
(3382, 'ตุยง', 32, 442),
(3383, 'ท่ากำชำ', 32, 442),
(3384, 'บ่อทอง', 32, 442),
(3385, 'บางเขา', 32, 442),
(3386, 'บางตาวา', 32, 442),
(3387, 'ปุโละปุโย', 32, 442),
(3388, 'ยาบี', 32, 442),
(3389, 'ลิปะสะโง', 32, 442),
(3390, 'ปะนาเระ', 32, 443),
(3391, 'ท่าข้าม', 32, 443),
(3392, 'บ้านนอก', 32, 443),
(3393, 'ดอน', 32, 443),
(3394, 'ควน', 32, 443),
(3395, 'ท่าน้ำ', 32, 443),
(3396, 'คอกกระบือ', 32, 443),
(3397, 'พ่อมิ่ง', 32, 443),
(3398, 'บ้านกลาง', 32, 443),
(3399, 'บ้านน้ำบ่อ', 32, 443),
(3400, 'มายอ', 32, 444),
(3401, 'ถนน', 32, 444),
(3402, 'ตรัง', 32, 444),
(3403, 'กระหวะ', 32, 444),
(3404, 'ลุโบะยิไร', 32, 444),
(3405, 'ลางา', 32, 444),
(3406, 'กระเสาะ', 32, 444),
(3407, 'เกาะจัน', 32, 444),
(3408, 'ปะโด', 32, 444),
(3409, 'สาคอบน', 32, 444),
(3410, 'สาคอใต้', 32, 444),
(3411, 'สะกำ', 32, 444),
(3412, 'ปานัน', 32, 444),
(3413, 'ตะโละแมะนา', 32, 445),
(3414, 'พิเทน', 32, 445),
(3415, 'น้ำดำ', 32, 445),
(3416, 'ปากู', 32, 445),
(3417, 'ตะลุบัน', 32, 446),
(3418, 'ตะบิ้ง', 32, 446),
(3419, 'ปะเสยะวอ', 32, 446),
(3420, 'บางเก่า', 32, 446),
(3421, 'บือเระ', 32, 446),
(3422, 'เตราะบอน', 32, 446),
(3423, 'กะดุนง', 32, 446),
(3424, 'ละหาร', 32, 446),
(3425, 'มะนังดาลำ', 32, 446),
(3426, 'แป้น', 32, 446),
(3427, 'ทุ่งคล้า', 32, 446),
(3428, 'ไทรทอง', 32, 447),
(3429, 'ไม้แก่น', 32, 447),
(3430, 'ตะโละไกรทอง', 32, 447),
(3431, 'ดอนทราย', 32, 447),
(3432, 'ตะโละ', 32, 448),
(3433, 'ตะโละกาโปร์', 32, 448),
(3434, 'ตันหยงดาลอ', 32, 448),
(3435, 'ตันหยงจึงงา', 32, 448),
(3436, 'ตอหลัง', 32, 448),
(3437, 'ตาแกะ', 32, 448),
(3438, 'ตาลีอายร์', 32, 448),
(3439, 'ยามู', 32, 448),
(3440, 'บางปู', 32, 448),
(3441, 'หนองแรต', 32, 448),
(3442, 'ปิยามุมัง', 32, 448),
(3443, 'ปุลากง', 32, 448),
(3444, 'บาโลย', 32, 448),
(3445, 'สาบัน', 32, 448),
(3446, 'มะนังยง', 32, 448),
(3447, 'ราตาปันยัง', 32, 448),
(3448, 'จะรัง', 32, 448),
(3449, 'แหลมโพธิ์', 32, 448),
(3450, 'ยะรัง', 32, 449),
(3451, 'สะดาวา', 32, 449),
(3452, 'ประจัน', 32, 449),
(3453, 'สะนอ', 32, 449),
(3454, 'ระแว้ง', 32, 449),
(3455, 'ปิตูมุดี', 32, 449),
(3456, 'วัด', 32, 449),
(3457, 'กระโด', 32, 449),
(3458, 'คลองใหม่', 32, 449),
(3459, 'เมาะมาวี', 32, 449),
(3460, 'กอลำ', 32, 449),
(3461, 'เขาตูม', 32, 449),
(3462, 'กะรุบี', 32, 450),
(3463, 'ตะโละดือรามัน', 32, 450),
(3464, 'ปล่องหอย', 32, 450),
(3465, 'แม่ลาน', 32, 451),
(3466, '	ม่วงเตี้ย	', 32, 451),
(3467, 'ป่าไร่', 32, 451),
(3468, 'ประตูชัย', 33, 452),
(3469, 'กะมัง', 33, 452),
(3470, 'หอรัตนไชย', 33, 452),
(3471, 'หัวรอ', 33, 452),
(3472, 'ท่าวาสุกรี', 33, 452),
(3473, 'ไผ่ลิง', 33, 452),
(3474, 'ปากกราน', 33, 452),
(3475, 'ภูเขาทอง', 33, 452),
(3476, 'สำเภาล่ม', 33, 452),
(3477, 'สวนพริก', 33, 452),
(3478, 'คลองตะเคียน', 33, 452),
(3479, 'วัดตูม', 33, 452),
(3480, 'หันตรา', 33, 452),
(3481, 'ลุมพลี', 33, 452),
(3482, 'บ้านใหม่', 33, 452),
(3483, 'บ้านเกาะ', 33, 452),
(3484, 'คลองสวนพลู', 33, 452),
(3485, 'คลองสระบัว', 33, 452),
(3486, 'เกาะเรียน', 33, 452),
(3487, 'บ้านป้อม', 33, 452),
(3488, 'บ้านรุน', 33, 452),
(3489, 'ท่าเรือ', 33, 453),
(3490, 'จำปา', 33, 453),
(3491, 'ท่าหลวง', 33, 453),
(3492, 'บ้านร่อม', 33, 453),
(3493, 'ศาลาลอย', 33, 453),
(3494, 'วังแดง', 33, 453),
(3495, 'โพธิ์เอน', 33, 453),
(3496, 'ปากท่า', 33, 453),
(3497, 'หนองขนาก', 33, 453),
(3498, 'ท่าเจ้าสนุก', 33, 453),
(3499, 'นครหลวง', 33, 454),
(3500, 'ท่าช้าง', 33, 454),
(3501, 'บ่อโพง', 33, 454),
(3502, 'บ้านชุ้ง', 33, 454),
(3503, 'ปากจั่น', 33, 454),
(3504, 'บางระกำ', 33, 454),
(3505, 'บางพระครู', 33, 454),
(3506, 'แม่ลา', 33, 454),
(3507, 'หนองปลิง', 33, 454),
(3508, 'คลองสะแก', 33, 454),
(3509, 'สามไถ', 33, 454),
(3510, 'พระนอน', 33, 454),
(3511, 'บางไทร', 33, 455),
(3512, 'บางพลี', 33, 455),
(3513, 'สนามชัย', 33, 455),
(3514, 'บ้านแป้ง', 33, 455),
(3515, 'หน้าไม้', 33, 455),
(3516, 'บางยี่โท', 33, 455),
(3517, 'แคออก', 33, 455),
(3518, 'แคตก', 33, 455),
(3519, 'ช่างเหล็ก', 33, 455),
(3520, 'กระแชง', 33, 455),
(3521, 'บ้านกลึง', 33, 455),
(3522, 'ช้างน้อย', 33, 455),
(3523, 'ห่อหมก', 33, 455),
(3524, 'ไผ่พระ', 33, 455),
(3525, 'กกแก้วบูรพา', 33, 455),
(3526, 'ไม้ตรา', 33, 455),
(3527, 'บ้านม้า', 33, 455),
(3528, 'บ้านเกาะ', 33, 455),
(3529, 'ราชคราม', 33, 455),
(3530, 'ช้างใหญ่', 33, 455),
(3531, 'โพแตง', 33, 455),
(3532, 'เชียงรากน้อย', 33, 455),
(3533, 'โคกช้าง', 33, 455),
(3534, 'บางบาล', 33, 456),
(3535, 'วัดยม', 33, 456),
(3536, 'ไทรน้อย', 33, 456),
(3537, 'สะพานไทย', 33, 456),
(3538, 'มหาพราหมณ์', 33, 456),
(3539, 'กบเจา', 33, 456),
(3540, 'บ้านคลัง', 33, 456),
(3541, 'พระขาว', 33, 456),
(3542, 'น้ำเต้า', 33, 456),
(3543, 'ทางช้าง', 33, 456),
(3544, 'วัดตะกู', 33, 456),
(3545, 'บางหลวง', 33, 456),
(3546, 'บางหลวงโดด', 33, 456),
(3547, 'บางหัก', 33, 456),
(3548, 'บางชะนี', 33, 456),
(3549, 'บ้านกุ่ม', 33, 456),
(3550, 'บ้านเลน', 33, 457),
(3551, 'เชียงรากน้อย', 33, 457),
(3552, 'บ้านโพ', 33, 457),
(3553, 'บ้านกรด', 33, 457),
(3554, 'บางกระสั้น', 33, 457),
(3555, 'คลองจิก', 33, 457),
(3556, 'บ้านหว้า', 33, 457),
(3557, 'วัดยม', 33, 457),
(3558, 'บางประแดง', 33, 457),
(3559, 'สามเรือน', 33, 457),
(3560, 'เกาะเกิด', 33, 457),
(3561, 'บ้านพลับ', 33, 457),
(3562, 'บ้านแป้ง', 33, 457),
(3563, 'คุ้งลาน', 33, 457),
(3564, 'ตลิ่งชัน', 33, 457),
(3565, 'บ้านสร้าง', 33, 457),
(3566, 'ตลาดเกรียบ', 33, 457),
(3567, 'ขนอนหลวง', 33, 457),
(3568, 'บางปะหัน', 33, 458),
(3569, 'ขยาย', 33, 458),
(3570, 'บางเดื่อ', 33, 458),
(3571, 'เสาธง', 33, 458),
(3572, 'ทางกลาง', 33, 458),
(3573, 'บางเพลิง', 33, 458),
(3574, 'หันสัง', 33, 458),
(3575, 'บางนางร้า', 33, 458),
(3576, 'ตานิม', 33, 458),
(3577, 'ทับน้ำ', 33, 458),
(3578, 'บ้านม้า', 33, 458),
(3579, 'ขวัญเมือง', 33, 458),
(3580, 'บ้านลี่', 33, 458),
(3581, 'โพธิ์สามต้น', 33, 458),
(3582, 'พุทเลา', 33, 458),
(3583, 'ตาลเอน', 33, 458),
(3584, 'บ้านขล้อ', 33, 458),
(3585, 'ผักไห่', 33, 459),
(3586, 'อมฤต', 33, 459),
(3587, 'บ้านแค', 33, 459),
(3588, 'ลาดน้ำเค็ม', 33, 459),
(3589, 'ตาลาน', 33, 459),
(3590, 'ท่าดินแดง', 33, 459),
(3591, 'ดอนลาน', 33, 459),
(3592, 'นาคู', 33, 459),
(3593, 'กุฎี', 33, 459),
(3594, 'ลำตะเคียน', 33, 459),
(3595, 'โคกช้าง', 33, 459),
(3596, 'จักราช', 33, 459),
(3597, 'หนองน้ำใหญ่', 33, 459),
(3598, 'ลาดชิด', 33, 459),
(3599, 'หน้าโคก', 33, 459),
(3600, 'บ้านใหญ่', 33, 459),
(3601, 'ภาชี', 33, 460),
(3602, 'โคกม่วง', 33, 460),
(3603, 'ระโสม', 33, 460),
(3604, 'หนองน้ำใส', 33, 460),
(3605, 'ดอนหญ้านาง', 33, 460),
(3606, 'ไผ่ล้อม', 33, 460),
(3607, 'กระจิว', 33, 460),
(3608, 'พระแก้ว', 33, 460),
(3609, 'ลาดบัวหลวง', 33, 461),
(3610, 'หลักชัย', 33, 461),
(3611, 'สามเมือง', 33, 461),
(3612, 'พระยาบันลือ', 33, 461),
(3613, 'สิงหนาท', 33, 461),
(3614, 'คู้สลอด', 33, 461),
(3615, 'คลองพระยาบันลือ', 33, 461),
(3616, 'ลำตาเสา', 33, 462),
(3617, 'บ่อตาโล่', 33, 462),
(3618, 'วังน้อย', 33, 462),
(3619, 'ลำไทร', 33, 462),
(3620, 'สนับทึบ', 33, 462),
(3621, 'พยอม', 33, 462),
(3622, 'หันตะเภา', 33, 462),
(3623, 'วังจุฬา', 33, 462),
(3624, 'ข้าวงาม', 33, 462),
(3625, 'ชะแมบ', 33, 462),
(3626, 'เสนา', 33, 463),
(3627, 'บ้านแพน', 33, 463),
(3628, 'เจ้าเจ็ด', 33, 463),
(3629, 'สามกอ', 33, 463),
(3630, 'บางนมโค', 33, 463),
(3631, 'หัวเวียง', 33, 463),
(3632, 'มารวิชัย', 33, 463),
(3633, 'บ้านโพธิ์', 33, 463),
(3634, 'รางจรเข้', 33, 463),
(3635, 'บ้านกระทุ่ม', 28, 463),
(3636, 'บ้านแถว', 33, 463),
(3637, 'ชายนา', 33, 463),
(3638, 'สามตุ่ม', 33, 463),
(3639, 'ลาดงา', 33, 463),
(3640, 'ดอนทอง', 33, 463),
(3641, 'บ้านหลวง', 33, 463),
(3642, 'เจ้าเสด็จ', 33, 463),
(3643, 'บางซ้าย', 33, 464),
(3644, 'แก้วฟ้า', 33, 464),
(3645, 'เต่าเล่า', 33, 464),
(3646, 'ปลายกลัด', 33, 464),
(3647, 'เทพมงคล', 33, 464),
(3648, 'วังพัฒนา', 33, 464),
(3649, 'คานหาม', 33, 465),
(3650, 'บ้านช้าง', 33, 465),
(3651, 'สามบัณฑิต', 33, 465),
(3652, 'บ้านหีบ', 33, 465),
(3653, 'หนองไม้ซุง', 33, 465),
(3654, 'อุทัย', 33, 465),
(3655, 'เสนา', 33, 465),
(3656, 'หนองน้ำส้ม', 33, 465),
(3657, 'โพสาวหาญ', 33, 465),
(3658, 'ธนู', 33, 465),
(3659, 'ข้าวเม่า', 33, 465),
(3660, 'หัวไผ่', 33, 466),
(3661, 'กะทุ่ม', 33, 466),
(3662, 'มหาราช', 33, 466),
(3663, 'น้ำเต้า', 33, 466),
(3664, 'บางนา', 33, 466),
(3665, 'โรงช้าง', 33, 466),
(3666, 'เจ้าปลุก', 33, 466),
(3667, 'พิตเพียน', 33, 466),
(3668, 'บ้านนา', 33, 466),
(3669, 'บ้านขวาง', 33, 466),
(3670, 'ท่าตอ', 33, 466),
(3671, 'บ้านใหม่', 33, 466),
(3672, 'บ้านแพรก', 33, 467),
(3673, 'บ้านใหม่', 33, 467),
(3674, 'สำพะเนียง', 33, 467),
(3675, 'คลองน้อย', 33, 467),
(3676, 'สองห้อง', 33, 467),
(3677, 'เวียง', 34, 468),
(3678, 'แม่ต๋ำ', 34, 468),
(3679, 'แม่นาเรือ', 34, 468),
(3680, 'บ้านตุ่น', 34, 468),
(3681, 'บ้านต๊ำ', 34, 468),
(3682, 'บ้านต๋อม', 34, 468),
(3683, 'แม่ปืม', 34, 468),
(3684, 'แม่กา', 34, 468),
(3685, 'บ้านใหม่', 34, 468),
(3686, 'จำป่าหวาย', 34, 468),
(3687, 'ท่าวังทอง', 34, 468),
(3688, 'แม่ใส', 34, 468),
(3689, 'บ้านสาง', 34, 468),
(3690, 'ท่าจำปี', 34, 468),
(3691, 'สันป่าม่วง', 34, 468),
(3692, 'ห้วยข้าวก่ำ', 34, 469),
(3693, 'จุน', 34, 469),
(3694, 'ลอ', 34, 469),
(3695, 'หงส์หิน', 34, 469),
(3696, 'ทุ่งรวงทอง', 34, 469),
(3697, 'ห้วยยางขาม', 34, 469),
(3698, 'พระธาตุขิงแกง', 34, 469),
(3699, 'หย่วน', 34, 470),
(3700, 'น้ำแวน', 34, 470),
(3701, 'เวียง', 34, 470),
(3702, 'ฝายกวาง', 34, 470),
(3703, 'เจดีย์คำ', 34, 470),
(3704, 'ร่มเย็น', 34, 470),
(3705, 'เชียงบาน', 34, 470),
(3706, 'แม่ลาว', 34, 470),
(3707, 'อ่างทอง', 34, 470),
(3708, 'ทุ่งผาสุข', 34, 470),
(3709, 'เชียงม่วน', 34, 471),
(3710, 'บ้านมาง', 34, 471),
(3711, 'สระ', 34, 471),
(3712, 'ดอกคำใต้', 34, 472),
(3713, 'ดอนศรีชุม', 34, 472),
(3714, 'บ้านถ้ำ', 34, 472),
(3715, 'บ้านปิน', 34, 472),
(3716, 'ห้วยลาน', 34, 472),
(3717, 'สันโค้ง', 34, 472),
(3718, 'ป่าซาง', 34, 472),
(3719, 'หนองหล่ม', 34, 472),
(3720, 'ดงสุวรรณ', 34, 472),
(3721, 'บุญเกิด', 34, 472),
(3722, 'สว่างอารมณ์', 34, 472),
(3723, 'คือเวียง', 34, 472),
(3724, 'ปง', 34, 473),
(3725, 'ควร', 34, 473),
(3726, 'ออย', 34, 473),
(3727, 'งิม', 34, 473),
(3728, 'ผาช้างน้อย', 34, 473),
(3729, 'นาปรัง', 34, 473),
(3730, 'ขุนควร', 34, 473),
(3731, 'แม่ใจ', 34, 474),
(3732, 'ศรีถ้อย', 34, 474),
(3733, 'แม่สุก', 34, 474),
(3734, 'ป่าแฝก', 34, 474),
(3735, 'บ้านเหล่า', 34, 474),
(3736, 'เจริญราษฎร์', 34, 474),
(3737, 'ภูซาง', 34, 475),
(3738, 'ป่าสัก', 34, 475),
(3739, 'ทุ่งกล้วย', 34, 475),
(3740, 'เชียงแรง', 34, 475),
(3741, 'สบบง', 34, 475),
(3742, 'ห้วยแก้ว', 34, 476),
(3743, 'ดงเจน', 34, 476),
(3744, 'แม่อิง', 34, 476),
(3745, 'ท้ายช้าง', 35, 477),
(3746, 'นบปริง', 35, 477),
(3747, 'ถ้ำน้ำผุด', 35, 477),
(3748, 'บางเตย', 35, 477),
(3749, 'ตากแดด', 35, 477),
(3750, 'สองแพรก', 35, 477),
(3751, 'ทุ่งคาโงก', 35, 477),
(3752, 'เกาะปันหยี', 35, 477),
(3753, 'ป่ากอ', 35, 477),
(3754, 'เกาะยาวน้อย', 35, 478),
(3755, 'เกาะยาวใหญ่', 35, 478),
(3756, 'พรุใน', 35, 478),
(3757, 'กะปง', 35, 479),
(3758, 'ท่านา', 35, 479),
(3759, 'เหมาะ', 35, 479),
(3760, 'เหล', 35, 479),
(3761, 'รมณีย์', 35, 479),
(3762, 'ถ้ำ', 35, 480),
(3763, 'กระโสม', 35, 480),
(3764, 'กะไหล', 35, 480),
(3765, 'ท่าอยู่', 35, 480),
(3766, 'หล่อยูง', 35, 480),
(3767, 'โคกกลอย', 35, 480),
(3768, 'คลองเคียน', 35, 480),
(3769, 'ตะกั่วป่า', 35, 481),
(3770, 'บางนายสี', 35, 481),
(3771, 'บางไทร', 35, 481),
(3772, 'บางม่วง', 35, 481),
(3773, 'ตำตัว', 35, 481),
(3774, 'โคกเคียน', 35, 481),
(3775, 'คึกคัก', 35, 481),
(3776, 'เกาะคอเขา', 35, 481),
(3777, 'คุระ', 35, 482),
(3778, 'บางวัน', 35, 482),
(3779, 'เกาะพระทอง', 35, 482),
(3780, 'แม่นางขาว', 35, 482),
(3781, 'ทับปุด', 35, 483),
(3782, 'มะรุ่ย', 35, 483),
(3783, 'บ่อแสน', 35, 483),
(3784, 'ถ้ำทองหลาง', 35, 483),
(3785, 'โคกเจริญ', 35, 483),
(3786, 'บางเหรียง', 35, 483),
(3787, 'ท้ายเหมือง', 35, 484),
(3788, 'นาเตย', 35, 484),
(3789, 'บางทอง', 35, 484),
(3790, 'ทุ่งมะพร้าว', 35, 484),
(3791, 'ลำภี', 35, 484),
(3792, 'ลำแก่น', 35, 484),
(3793, 'คูหาสวรรค์', 36, 485),
(3794, 'เขาเจียก', 36, 485),
(3795, 'ท่ามิหรำ', 36, 485),
(3796, 'โคกชะงาย', 36, 485),
(3797, 'นาท่อม', 36, 485),
(3798, 'ปรางหมู่', 36, 485),
(3799, 'ท่าแค', 36, 485),
(3800, 'ลำปำ', 36, 485),
(3801, 'ตำนาน', 36, 485),
(3802, 'ตำนาน', 36, 485),
(3803, 'ร่มเมือง', 36, 485),
(3804, 'ชัยบุรี', 36, 485),
(3805, 'นาโหนด', 36, 485),
(3806, 'พญาขัน', 36, 485),
(3807, 'กงหรา', 36, 486),
(3808, 'ชะรัด', 36, 486),
(3809, 'คลองเฉลิม', 36, 486),
(3810, 'คลองทรายขาว', 36, 486),
(3811, 'สมหวัง', 36, 486),
(3812, 'เขาชัยสน', 36, 487),
(3813, 'ควนขนุน', 36, 487),
(3814, 'จองถนน', 36, 487),
(3815, 'หานโพธิ์', 36, 487),
(3816, 'โคกม่วง', 36, 487),
(3817, 'แม่ขรี', 36, 488),
(3818, 'ตะโหมด', 36, 488),
(3819, 'คลองใหญ่', 36, 488),
(3820, 'ควนขนุน', 36, 489),
(3821, 'ทะเลน้อย', 36, 489),
(3822, 'นาขยาด', 36, 489),
(3823, 'พนมวังก์', 36, 489),
(3824, 'แหลมโตนด', 36, 489),
(3825, 'ปันแต', 36, 489),
(3826, 'โตนดด้วน', 36, 489),
(3827, 'ดอนทราย', 36, 489),
(3828, 'มะกอกเหนือ', 36, 489),
(3829, 'พนางตุง', 36, 489),
(3830, 'ชะมวง', 36, 489),
(3831, 'แพรกหา', 36, 489),
(3832, 'ปากพะยูน', 36, 490),
(3833, 'ดอนประดู่', 36, 490),
(3834, 'เกาะนางคำ', 36, 490),
(3835, 'เกาะหมาก', 36, 490),
(3836, 'ฝาละมี', 36, 490),
(3837, 'หารเทา', 36, 490),
(3838, 'ดอนทราย', 36, 490),
(3839, 'เขาย่า', 36, 491),
(3840, 'เขาปู่', 36, 491),
(3841, 'ตะแพน', 36, 491),
(3842, 'ป่าบอน', 36, 492),
(3843, 'โคกทราย', 36, 492),
(3844, 'หนองธง', 36, 492),
(3845, 'ทุ่งนารี', 36, 492),
(3846, 'วังใหม่', 36, 492),
(3847, 'ท่ามะเดื่อ', 36, 493),
(3848, 'นาปะขอ', 36, 493),
(3849, 'โคกสัก', 36, 493),
(3850, 'ป่าพะยอม', 36, 494),
(3851, 'ลานข่อย', 36, 494),
(3852, 'เกาะเต่า', 36, 494),
(3853, 'บ้านพร้าว', 36, 494),
(3854, 'ชุมพล', 36, 495),
(3855, 'บ้านนา', 36, 495),
(3856, 'อ่างทอง', 36, 495),
(3857, 'ลำสินธุ์', 36, 495),
(3858, 'ในเมือง', 37, 496),
(3859, 'ไผ่ขวาง', 37, 496),
(3860, 'ย่านยาว', 37, 496),
(3861, 'ท่าฬ่อ', 37, 496),
(3862, 'ปากทาง', 37, 496),
(3863, 'คลองคะเชนทร์', 37, 496),
(3864, 'โรงช้าง', 37, 496),
(3865, 'เมืองเก่า', 37, 496),
(3866, 'ท่าหลวง', 37, 496),
(3867, 'บ้านบุ่ง', 37, 496),
(3868, 'ฆะมัง', 37, 496),
(3869, 'ดงป่าคำ', 37, 496),
(3870, 'หัวดง', 37, 496),
(3871, 'ป่ามะคาบ', 37, 496),
(3872, 'สายคำโห้', 37, 496),
(3873, 'ดงกลาง', 37, 496),
(3874, 'วังทรายพูน', 37, 497),
(3875, 'หนองปลาไหล', 37, 497),
(3876, 'หนองพระ', 37, 497),
(3877, 'หนองปล้อง', 37, 497),
(3878, 'โพธิ์ประทับช้าง', 37, 498),
(3879, 'ไผ่ท่าโพ', 37, 498),
(3880, 'วังจิก', 37, 498),
(3881, 'ไผ่รอบ', 37, 498),
(3882, 'ดงเสือเหลือง', 37, 498),
(3883, 'เนินสว่าง', 37, 498),
(3884, 'ทุ่งใหญ่', 37, 498),
(3885, 'ตะพานหิน', 37, 499),
(3886, 'งิ้วราย', 37, 499),
(3887, 'ห้วยเกตุ', 37, 499),
(3888, 'ไทรโรงโขน', 37, 499),
(3889, 'หนองพยอม', 37, 499),
(3890, 'ทุ่งโพธิ์', 37, 499),
(3891, 'ดงตะขบ', 37, 499),
(3892, 'คลองคูณ', 37, 499),
(3893, 'วังสำโรง', 37, 499),
(3894, 'วังหว้า', 37, 499),
(3895, 'วังหลุม', 37, 499),
(3896, 'ทับหมัน', 37, 499),
(3897, 'ไผ่หลวง', 37, 499),
(3898, 'บางมูลนาก', 37, 500),
(3899, 'บางไผ่', 37, 500),
(3900, 'หอไกร', 37, 500),
(3901, 'เนินมะกอก', 37, 500),
(3902, 'วังสำโรง', 37, 500),
(3903, 'ภูมิ', 37, 500),
(3904, 'วังกรด', 37, 500),
(3905, 'ห้วยเขน', 37, 500),
(3906, 'วังตะกู', 37, 500),
(3907, 'ลำประดา', 37, 500),
(3908, 'โพทะเล', 37, 501),
(3909, 'โพทะเล', 37, 501),
(3910, 'ทะนง', 37, 501),
(3911, 'ท่าบัว', 37, 501),
(3912, 'ทุ่งน้อย', 37, 501),
(3913, 'ท่าขมิ้น', 37, 501),
(3914, 'ท่าเสา', 37, 501),
(3915, 'บางคลาน', 37, 501),
(3916, 'ท่านั่ง', 37, 501),
(3917, 'บ้านน้อย', 37, 501),
(3918, 'วัดขวาง', 37, 501),
(3919, 'สามง่าม', 37, 502),
(3920, 'กำแพงดิน	', 37, 502),
(3921, 'รังนก', 37, 502),
(3922, 'เนินปอ', 37, 502),
(3923, 'หนองโสน', 37, 502),
(3924, 'ทับคล้อ', 37, 503),
(3925, 'เขาทราย', 37, 503),
(3926, 'เขาเจ็ดลูก', 37, 503),
(3927, 'ท้ายทุ่ง', 37, 503),
(3928, 'สากเหล็ก', 37, 504),
(3929, 'ท่าเยี่ยม', 37, 504),
(3930, 'คลองทราย', 37, 504),
(3931, 'หนองหญ้าไทร', 37, 504),
(3932, 'วังทับไทร', 37, 504),
(3933, 'ห้วยแก้ว', 37, 505),
(3934, 'โพธิ์ไทรงาม', 37, 505),
(3935, 'แหลมรัง', 37, 505),
(3936, 'บางลาย', 37, 505),
(3937, 'บึงนาราง', 37, 505),
(3938, 'วังงิ้วใต้', 37, 506),
(3939, 'วังงิ้ว', 37, 506),
(3940, 'ห้วยร่วม', 37, 506),
(3941, 'ห้วยพุก', 37, 506),
(3942, 'สำนักขุนเณร', 37, 506),
(3943, 'บ้านนา', 37, 507),
(3944, 'บึงบัว', 37, 507),
(3945, 'วังโมกข์', 37, 507),
(3946, 'หนองหลุม', 37, 507),
(3947, 'ในเมือง', 38, 508),
(3948, 'วังน้ำคู้', 38, 508),
(3949, 'วัดจันทร์', 38, 508),
(3950, 'วัดพริก', 38, 508),
(3951, 'ท่าทอง', 38, 508),
(3952, 'ท่าโพธิ์', 38, 508),
(3953, 'สมอแข', 38, 508),
(3954, 'ดอนทอง', 38, 508),
(3956, 'บ้านป่า', 38, 508),
(3957, 'ปากโทก', 38, 508),
(3958, 'หัวรอ', 38, 508),
(3959, 'จอมทอง', 38, 508),
(3960, 'บ้านกร่าง', 38, 508),
(3961, 'บ้านคลอง', 38, 508),
(3962, 'พลายชุมพล', 38, 508),
(3963, 'มะขามสูง', 38, 508),
(3964, 'อรัญญิก', 38, 508),
(3965, 'บึงพระ', 38, 508),
(3966, 'ไผ่ขอดอน', 38, 508),
(3967, 'งิ้วงาม', 38, 508),
(3968, 'นครไทย', 38, 509),
(3969, 'หนองกะท้าว', 38, 509),
(3970, 'บ้านแยง', 38, 509),
(3971, 'เนินเพิ่ม', 38, 509),
(3972, 'นาบัว', 38, 509),
(3973, 'นครชุม', 38, 509),
(3974, 'น้ำกุ่ม', 38, 509),
(3975, 'ยางโกลน', 38, 509),
(3976, 'บ่อโพธิ์', 38, 509),
(3977, 'บ้านพร้าว', 38, 509),
(3978, 'ห้วยเฮี้ย', 38, 509),
(3979, 'ป่าแดง', 38, 510),
(3980, 'ชาติตระการ', 38, 510),
(3981, 'สวนเมี่ยง', 38, 510),
(3982, 'บ้านดง', 38, 510),
(3983, 'บ่อภาค', 38, 510);
INSERT INTO `district` (`districtID`, `districtName`, `proID`, `amID`) VALUES
(3984, 'ท่าสะแก', 38, 510),
(3985, 'บางระกำ', 38, 511),
(3986, 'ปลักแรด', 38, 511),
(3987, 'พันเสา', 38, 511),
(3988, 'วังอิทก', 18, 511),
(3989, 'บึงกอก', 38, 511),
(3990, 'หนองกุลา	', 38, 511),
(3991, 'ชุมแสงสงคราม', 38, 511),
(3992, 'นิคมพัฒนา', 38, 511),
(3993, 'บ่อทอง', 38, 511),
(3994, 'ท่านางงาม', 38, 511),
(3995, 'คุยม่วง', 38, 511),
(3996, 'บางกระทุ่ม', 38, 512),
(3997, 'บ้านไร่', 38, 512),
(3998, 'โคกสลุด', 38, 512),
(3999, 'สนามคลี', 38, 512),
(4000, 'ท่าตาล', 38, 512),
(4001, 'ไผ่ล้อม', 38, 512),
(4002, 'นครป่าหมาก', 38, 512),
(4003, 'เนินกุ่ม', 38, 512),
(4004, 'วัดตายม', 38, 512),
(4005, 'พรหมพิราม', 38, 513),
(4006, 'ท่าช้าง', 38, 513),
(4007, 'วงฆ้อง', 38, 513),
(4008, 'มะตูม', 38, 513),
(4009, 'หอกลอง', 38, 513),
(4010, 'ศรีภิรมย์', 38, 513),
(4011, 'ตลุกเทียม', 38, 513),
(4012, 'วังวน', 38, 513),
(4013, 'หนองแขม', 38, 513),
(4014, 'มะต้อง', 38, 513),
(4015, 'ทับยายเชียง', 38, 513),
(4016, 'ดงประคำ', 38, 513),
(4017, 'วัดโบสถ์', 38, 514),
(4018, 'ท่างาม', 38, 514),
(4019, 'ท้อแท้', 38, 514),
(4020, 'บ้านยาง', 38, 514),
(4021, 'หินลาด', 38, 514),
(4022, 'คันโช้ง', 38, 514),
(4023, 'วังทอง', 38, 515),
(4024, 'พันชาลี', 38, 515),
(4025, 'แม่ระกา', 38, 515),
(4026, 'บ้านกลาง', 38, 515),
(4027, 'วังพิกุล', 38, 515),
(4028, 'แก่งโสภา', 38, 515),
(4029, 'ท่าหมื่นราม', 38, 515),
(4030, 'วังนกแอ่น', 38, 515),
(4031, 'หนองพระ', 38, 515),
(4032, 'ชัยนาม', 38, 515),
(4033, 'ดินทอง', 38, 515),
(4034, 'ชมพู', 38, 516),
(4035, 'บ้านมุง', 38, 516),
(4036, 'ไทรย้อย', 38, 516),
(4037, 'วังโพรง', 38, 516),
(4038, 'บ้านน้อยซุ้มขี้เหล็ก', 38, 516),
(4039, 'เนินมะปราง', 38, 516),
(4040, 'วังยาง', 38, 516),
(4041, 'ท่าราบ', 39, 517),
(4042, 'คลองกระแชง', 39, 517),
(4043, 'บางจาน', 39, 517),
(4044, 'นาพันสาม', 39, 517),
(4045, 'ธงชัย', 39, 517),
(4046, 'บ้านกุ่ม', 39, 517),
(4047, 'หนองโสน', 39, 517),
(4048, 'ไร่ส้ม', 39, 517),
(4049, 'เวียงคอย', 39, 517),
(4050, 'บางจาก', 39, 517),
(4051, 'บ้านหม้อ', 39, 517),
(4052, 'ต้นมะม่วง', 39, 517),
(4053, 'ช่องสะแก', 39, 517),
(4054, 'นาวุ้ง', 39, 517),
(4055, 'สำมะโรง', 39, 517),
(4056, 'โพพระ', 39, 517),
(4057, 'หาดเจ้าสำราญ', 39, 517),
(4058, 'หัวสะพาน', 39, 517),
(4059, 'ต้นมะพร้าว', 39, 517),
(4060, 'วังตะโก', 39, 517),
(4061, 'โพไร่หวาน', 39, 517),
(4062, 'ดอนยาง', 39, 517),
(4063, 'หนองขนาน', 39, 517),
(4064, 'หนองพลับ', 39, 517),
(4065, 'เขาย้อย', 39, 518),
(4066, 'สระพัง', 39, 518),
(4067, 'บางเค็ม', 39, 518),
(4068, 'ทับคาง', 39, 518),
(4069, 'หนองปลาไหล', 39, 518),
(4070, 'หนองปรง', 39, 518),
(4071, 'หนองชุมพล', 39, 518),
(4072, 'ห้วยโรง', 39, 518),
(4073, 'ห้วยท่าช้าง', 39, 518),
(4074, 'หนองชุมพลเหนือ', 39, 518),
(4075, 'หนองหญ้าปล้อง', 39, 519),
(4076, 'ยางน้ำกลัดเหนือ', 39, 519),
(4077, 'ยางน้ำกลัดใต้', 39, 519),
(4078, 'ท่าตะคร้อ', 39, 519),
(4079, 'ชะอำ', 39, 520),
(4080, 'บางเก่า', 39, 520),
(4081, 'นายาง', 39, 520),
(4082, 'เขาใหญ่', 39, 520),
(4083, 'หนองศาลา', 39, 520),
(4084, 'ห้วยทรายเหนือ', 39, 520),
(4085, 'ไร่ใหม่พัฒนา', 39, 520),
(4086, 'สามพระยา', 39, 520),
(4087, 'ดอนขุนห้วย', 39, 520),
(4088, 'ท่ายาง', 39, 521),
(4089, 'ท่าคอย', 39, 521),
(4090, 'ยางหย่อง', 39, 521),
(4091, 'หนองจอก', 39, 521),
(4092, 'มาบปลาเค้า', 39, 521),
(4093, 'ท่าไม้รวก', 39, 521),
(4094, 'วังไคร้', 39, 521),
(4095, 'กลัดหลวง', 39, 521),
(4096, 'ปึกเตียน', 39, 521),
(4097, 'เขากระปุก', 9, 521),
(4098, 'ท่าแลง', 39, 521),
(4099, 'บ้านในดง', 39, 521),
(4100, 'บ้านลาด', 39, 522),
(4101, 'บ้านหาด', 39, 522),
(4102, 'บ้านทาน', 39, 522),
(4103, 'ตำหรุ', 39, 522),
(4104, 'สมอพลือ', 39, 522),
(4105, 'ไร่มะขาม', 39, 522),
(4106, 'ท่าเสน', 39, 522),
(4107, 'หนองกระเจ็ด', 39, 522),
(4108, 'หนองกะปุ', 39, 522),
(4109, 'ลาดโพธิ์', 39, 522),
(4110, 'สะพานไกร', 39, 522),
(4111, 'ไร่โคก', 39, 522),
(4112, 'โรงเข้', 39, 522),
(4113, 'ไร่สะท้อน', 39, 522),
(4114, 'ห้วยข้อง', 39, 522),
(4115, 'ท่าช้าง', 39, 522),
(4116, 'ถ้ำรงค์', 39, 522),
(4117, 'ห้วยลึก', 39, 522),
(4118, 'บ้านแหลม', 39, 523),
(4119, 'บางขุนไทร', 39, 523),
(4120, 'ปากทะเล', 39, 523),
(4121, 'บางแก้ว', 39, 523),
(4122, 'แหลมผักเบี้ย', 39, 523),
(4123, 'บางตะบูน', 39, 523),
(4124, 'บางตะบูนออก', 39, 523),
(4125, 'บางครก', 39, 523),
(4126, 'ท่าแร้ง', 39, 523),
(4127, 'ท่าแร้งออก', 39, 523),
(4128, 'แก่งกระจาน', 39, 524),
(4129, 'สองพี่น้อง', 39, 524),
(4130, 'วังจันทร์', 39, 524),
(4131, 'ป่าเด็ง', 39, 524),
(4132, 'พุสวรรค์', 39, 524),
(4133, 'ห้วยแม่เพรียง', 39, 524),
(4134, 'ในเมือง', 40, 525),
(4135, 'ตะเบาะ', 40, 525),
(4136, 'บ้านโตก', 40, 525),
(4137, 'สะเดียง', 40, 525),
(4138, 'ป่าเลา', 40, 525),
(4139, 'นางั่ว', 40, 525),
(4140, 'ท่าพล', 40, 525),
(4141, 'ดงมูลเหล็ก', 40, 525),
(4142, 'บ้านโคก', 40, 525),
(4143, 'ชอนไพร', 40, 525),
(4144, 'นาป่า', 40, 525),
(4145, 'นายม', 40, 525),
(4146, 'วังชมภู', 40, 525),
(4147, 'น้ำร้อน', 40, 525),
(4148, 'ห้วยสะแก', 40, 525),
(4149, 'ห้วยใหญ่', 40, 525),
(4150, 'ระวิง', 40, 525),
(4151, 'ชนแดน', 40, 526),
(4152, 'ดงขุย', 40, 526),
(4153, 'ท่าข้าม', 40, 526),
(4154, 'พุทธบาท', 40, 526),
(4155, 'ลาดแค', 40, 526),
(4156, 'บ้านกล้วย', 40, 526),
(4157, 'ซับพุทรา', 40, 526),
(4158, 'ตะกุดไร', 40, 526),
(4159, 'ศาลาลาย', 40, 526),
(4160, 'หล่มสัก', 40, 527),
(4161, 'วัดป่า', 40, 527),
(4162, 'ตาลเดี่ยว', 40, 527),
(4163, 'ฝายนาแซง', 40, 527),
(4164, 'หนองสว่าง', 40, 527),
(4165, 'น้ำเฮี้ย', 40, 527),
(4166, 'สักหลง', 40, 527),
(4167, 'ท่าอิบุญ', 40, 527),
(4168, 'บ้านโสก', 40, 527),
(4169, 'บ้านติ้ว', 40, 527),
(4170, 'ห้วยไร่', 40, 527),
(4171, 'น้ำก้อ', 40, 527),
(4172, 'ปากช่อง', 40, 527),
(4173, 'น้ำชุน', 40, 527),
(4174, 'หนองไขว่', 40, 527),
(4175, 'ลานบ่า', 40, 527),
(4176, 'บุ่งคล้า', 40, 527),
(4177, 'บุ่งน้ำเต้า', 40, 527),
(4178, 'บ้านกลาง', 40, 527),
(4179, 'ช้างตะลูด', 40, 527),
(4180, 'บ้านไร่', 40, 527),
(4181, 'ปากดุก', 40, 527),
(4182, 'บ้านหวาย', 40, 527),
(4183, 'หล่มเก่า', 40, 528),
(4184, 'นาซำ', 40, 528),
(4185, 'หินฮาว', 40, 528),
(4186, 'บ้านเนิน', 40, 528),
(4187, 'ศิลา', 40, 528),
(4188, 'นาแซง', 40, 528),
(4189, 'วังบาล', 40, 528),
(4190, 'นาเกาะ', 40, 528),
(4191, 'ตาดกลอย', 40, 528),
(4192, 'ท่าโรง', 40, 529),
(4193, 'สระประดู่', 40, 529),
(4194, 'สามแยก', 40, 529),
(4195, 'โคกปรง', 40, 529),
(4196, 'น้ำร้อน', 40, 529),
(4197, 'บ่อรัง', 40, 529),
(4198, 'พุเตย', 40, 529),
(4199, 'พุขาม', 40, 529),
(4200, 'ภูน้ำหยด', 40, 529),
(4201, 'ซับสมบูรณ์', 40, 529),
(4202, 'บึงกระจับ', 40, 529),
(4203, 'วังใหญ่', 40, 529),
(4204, 'ยางสาว', 40, 529),
(4205, 'ซับน้อย', 40, 529),
(4206, 'ศรีเทพ', 40, 530),
(4207, 'สระกรวด', 40, 530),
(4208, 'คลองกระจัง', 40, 530),
(4209, 'นาสนุ่น', 40, 530),
(4210, 'โคกสะอาด', 40, 530),
(4211, 'หนองย่างทอย', 40, 530),
(4212, 'ประดู่งาม', 40, 530),
(4213, 'กองทูล', 40, 531),
(4214, 'นาเฉลียง', 40, 531),
(4215, 'บ้านโภชน์', 40, 531),
(4216, 'ท่าแดง', 40, 531),
(4217, 'เพชรละคร', 40, 531),
(4218, 'บ่อไทย', 40, 531),
(4219, 'ห้วยโป่ง', 40, 531),
(4220, 'วังท่าดี', 40, 531),
(4221, 'บัววัฒนา', 40, 531),
(4222, 'หนองไผ่', 40, 531),
(4223, 'วังโบสถ์', 40, 531),
(4224, 'ยางงาม', 40, 531),
(4225, 'ท่าด้วง', 40, 531),
(4226, 'ซับสมอทอด', 40, 532),
(4227, 'ซับไม้แดง', 40, 532),
(4228, 'หนองแจง', 40, 532),
(4229, 'กันจุ', 40, 532),
(4230, 'วังพิกุล', 40, 532),
(4231, 'พญาวัง', 40, 532),
(4232, 'ศรีมงคล', 40, 532),
(4233, 'สระแก้ว', 40, 532),
(4234, 'บึงสามพัน', 40, 532),
(4235, 'น้ำหนาว', 40, 533),
(4236, 'หลักด่าน', 40, 533),
(4237, 'วังกวาง', 40, 533),
(4238, 'โคกมน', 40, 533),
(4239, 'วังโป่ง', 40, 534),
(4240, 'ท้ายดง', 40, 534),
(4241, 'ซับเปิบ', 40, 534),
(4242, 'วังหิน', 40, 534),
(4243, 'วังศาล', 40, 534),
(4244, 'เขาค้อ', 40, 535),
(4245, 'แคมป์สน', 40, 535),
(4246, 'ทุ่งสมอ', 40, 535),
(4247, 'ริมสีม่วง', 40, 535),
(4248, 'สะเดาะพง', 40, 535),
(4249, 'หนองแม่นา', 40, 535),
(4250, 'เข็กน้อย', 40, 535),
(4251, 'ในเวียง', 41, 536),
(4252, 'นาจักร', 41, 536),
(4253, 'น้ำชำ', 41, 536),
(4254, 'ป่าแดง', 41, 536),
(4255, 'ทุ่งโฮ้ง', 41, 536),
(4256, 'เหมืองหม้อ', 41, 536),
(4257, 'วังธง', 41, 536),
(4258, 'แม่หล่าย', 41, 536),
(4259, 'ห้วยม้า', 41, 536),
(4260, 'ป่าแมต', 41, 536),
(4261, 'บ้านถิ่น', 41, 536),
(4262, 'สวนเขื่อน', 41, 536),
(4263, 'วังหงส์', 41, 536),
(4264, 'แม่คำมี', 41, 536),
(4265, 'ทุ่งกวาว', 41, 536),
(4266, 'ท่าข้าม', 41, 536),
(4267, 'แม่ยม', 41, 536),
(4268, 'ช่อแฮ', 41, 536),
(4269, 'ร่องฟอง', 41, 536),
(4270, 'กาญจนา', 41, 536),
(4271, 'ร้องกวาง', 41, 537),
(4272, 'ร้องเข็ม', 41, 537),
(4273, 'น้ำเลา', 41, 537),
(4274, 'บ้านเวียง', 41, 537),
(4275, 'ทุ่งศรี', 41, 537),
(4276, 'แม่ยางตาล', 41, 537),
(4277, 'แม่ยางฮ่อ', 41, 537),
(4278, 'ไผ่โทน', 41, 537),
(4279, 'ห้วยโรง', 41, 537),
(4280, 'แม่ทราย', 41, 537),
(4281, 'แม่ยางร้อง', 41, 537),
(4282, 'ห้วยอ้อ', 41, 538),
(4283, 'บ้านปิน', 41, 538),
(4284, 'ต้าผามอก', 41, 538),
(4285, 'เวียงต้า', 41, 538),
(4286, 'ปากกาง', 41, 538),
(4287, 'หัวทุ่ง', 41, 538),
(4288, 'ทุ่งแล้ง', 41, 538),
(4289, 'บ่อเหล็กลอง', 41, 538),
(4290, 'แม่ปาน', 41, 538),
(4291, 'สูงเม่น', 41, 539),
(4292, 'น้ำชำ', 41, 539),
(4293, 'หัวฝาย', 41, 539),
(4294, 'ดอนมูล', 41, 539),
(4295, 'บ้านเหล่า', 41, 539),
(4296, 'บ้านกวาง', 41, 539),
(4297, 'บ้านปง', 41, 539),
(4298, 'บ้านกาศ', 41, 539),
(4299, 'ร่องกาศ', 41, 539),
(4300, 'สบสาย', 41, 539),
(4301, 'เวียงทอง', 41, 539),
(4302, 'พระหลวง', 41, 539),
(4303, 'เด่นชัย', 41, 540),
(4304, 'แม่จั๊วะ', 41, 540),
(4305, 'ไทรย้อย', 41, 540),
(4306, 'ห้วยไร่', 41, 540),
(4307, 'ปงป่าหวาย', 41, 540),
(4308, 'บ้านหนุน', 41, 541),
(4309, 'บ้านกลาง', 41, 541),
(4310, 'ห้วยหม้าย', 41, 541),
(4311, 'เตาปูน', 41, 541),
(4312, 'หัวเมือง', 41, 541),
(4313, 'สะเอียบ', 41, 541),
(4314, 'แดนชุมพล', 41, 541),
(4315, 'ทุ่งน้าว', 41, 541),
(4316, 'วังชิ้น', 41, 542),
(4317, 'สรอย', 41, 542),
(4318, 'แม่ป้าก', 41, 542),
(4319, 'นาพูน', 41, 542),
(4320, 'แม่พุง', 41, 542),
(4321, 'ป่าสัก', 41, 542),
(4322, 'แม่เกิ๋ง', 41, 542),
(4323, 'แม่คำมี', 41, 543),
(4324, 'หนองม่วงไข่', 41, 543),
(4325, 'น้ำรัด', 41, 543),
(4326, 'วังหลวง', 41, 543),
(4327, 'ตำหนักธรรม', 41, 543),
(4328, 'ทุ่งแค้ว', 41, 543),
(4329, 'ตลาดใหญ่', 42, 544),
(4330, 'ตลาดเหนือ', 42, 544),
(4331, 'เกาะแก้ว', 42, 544),
(4332, 'รัษฎา', 42, 544),
(4333, 'วิชิต', 42, 544),
(4334, 'ฉลอง', 42, 544),
(4335, 'ราไวย์', 42, 544),
(4336, 'กะรน', 42, 544),
(4337, 'เทพกระษัตรี', 42, 545),
(4338, 'ศรีสุนทร', 42, 545),
(4339, 'เชิงทะเล', 42, 545),
(4340, 'ป่าคลอก', 42, 545),
(4341, 'ไม้ขาว', 42, 545),
(4342, 'สาคู', 42, 545),
(4343, 'กะทู้', 42, 546),
(4344, 'ป่าตอง', 42, 546),
(4345, 'กมลา', 42, 546),
(4346, 'ตลาด', 43, 547),
(4347, 'เขวา', 43, 547),
(4348, 'ท่าตูม', 43, 437),
(4349, 'แวงน่าง', 43, 547),
(4350, 'โคกก่อ', 43, 547),
(4351, 'ดอนหว่าน	', 43, 547),
(4352, 'เกิ้ง', 43, 547),
(4353, 'แก่งเลิงจาน', 43, 547),
(4354, 'ท่าสองคอน', 43, 547),
(4355, 'ลาดพัฒนา', 43, 547),
(4356, 'หนองปลิง', 43, 547),
(4357, 'ห้วยแอ่ง', 43, 547),
(4358, 'หนองโน', 43, 547),
(4359, 'บัวค้อ', 43, 547),
(4360, 'แกดำ', 43, 548),
(4361, 'วังแสง', 43, 548),
(4362, 'มิตรภาพ', 43, 548),
(4363, 'หนองกุง', 43, 548),
(4364, 'โนนภิบาล', 43, 548),
(4365, 'หัวขวาง', 43, 549),
(4366, 'ยางน้อย', 43, 549),
(4367, 'วังยาว', 43, 549),
(4368, 'เขวาไร่', 43, 549),
(4369, 'แพง', 43, 549),
(4370, 'แก้งแก', 43, 549),
(4371, 'หนองเหล็ก', 43, 549),
(4372, 'หนองบัว', 43, 549),
(4373, 'เหล่า', 43, 549),
(4374, 'เขื่อน', 43, 549),
(4375, 'หนองบอน', 43, 549),
(4376, 'โพนงาม', 43, 549),
(4377, 'ยางท่าแจ้ง', 43, 549),
(4378, 'แห่ใต้', 43, 549),
(4379, 'หนองกุงสวรรค์', 43, 549),
(4380, 'เลิงใต้', 43, 549),
(4381, 'ดอนกลาง', 43, 549),
(4382, 'โคกพระ', 43, 550),
(4383, 'คันธารราษฎร์', 43, 550),
(4384, 'มะค่า', 43, 550),
(4385, 'ท่าขอนยาง', 43, 550),
(4386, 'นาสีนวน', 43, 550),
(4387, 'ขามเรียง', 43, 550),
(4388, 'เขวาใหญ่', 43, 550),
(4389, 'ศรีสุข', 43, 550),
(4390, 'กุดใส้จ่อ', 43, 550),
(4391, 'ขามเฒ่าพัฒนา', 43, 550),
(4392, 'เชียงยืน', 43, 551),
(4393, 'หนองซอน', 43, 551),
(4394, 'ดอนเงิน', 43, 551),
(4395, 'กู่ทอง', 43, 551),
(4396, 'นาทอง', 43, 551),
(4397, 'เสือเฒ่า', 43, 551),
(4398, 'โพนทอง', 43, 551),
(4399, 'เหล่าบัวบาน', 43, 551),
(4400, 'บรบือ', 43, 552),
(4401, 'บ่อใหญ่', 43, 552),
(4402, 'วังไชย', 43, 552),
(4403, 'หนองม่วง', 43, 552),
(4404, 'กำพี้', 43, 552),
(4405, 'โนนราษี', 43, 552),
(4406, 'โนนแดง', 43, 552),
(4407, 'หนองจิก', 43, 552),
(4408, 'บัวมาศ', 43, 552),
(4409, 'หนองคูขาด', 43, 552),
(4410, 'วังใหม่', 43, 552),
(4411, 'ยาง', 43, 552),
(4412, 'หนองสิม', 43, 552),
(4413, 'หนองโก', 43, 552),
(4414, 'ดอนงัว', 43, 552),
(4415, 'นาเชือก', 43, 553),
(4416, 'สำโรง', 43, 553),
(4417, 'หนองแดง', 43, 553),
(4418, 'เขวาไร่', 43, 553),
(4419, 'หนองโพธิ์', 43, 553),
(4420, 'ปอพาน', 43, 553),
(4421, 'หนองเม็ก', 43, 553),
(4422, 'หนองเรือ', 43, 553),
(4423, 'หนองกุง', 43, 553),
(4424, 'สันป่าตอง', 43, 553),
(4425, 'ปะหลาน', 43, 554),
(4426, 'ก้ามปู', 43, 554),
(4427, 'เวียงสะอาด', 43, 554),
(4428, 'เม็กดำ', 43, 554),
(4429, 'นาสีนวล', 43, 554),
(4430, 'ราษฎร์เจริญ', 43, 554),
(4431, 'หนองบัวแก้ว', 43, 554),
(4432, 'เมืองเตา', 43, 554),
(4433, 'ลานสะแก', 43, 554),
(4434, 'เวียงชัย', 43, 554),
(4435, 'หนองบัว', 43, 554),
(4436, 'ราษฎร์พัฒนา', 43, 554),
(4437, 'เมืองเสือ', 43, 554),
(4438, 'ภารแอ่น', 43, 554),
(4439, 'หนองแสง', 43, 555),
(4440, 'ขามป้อม', 43, 555),
(4441, 'เสือโก้ก', 43, 555),
(4442, 'ดงใหญ่', 43, 555),
(4443, 'โพธิ์ชัย', 43, 555),
(4444, 'หัวเรือ', 43, 555),
(4445, 'แคน', 43, 555),
(4446, 'งัวบา', 43, 555),
(4447, 'นาข่า', 43, 555),
(4448, 'บ้านหวาย', 43, 555),
(4449, 'หนองไฮ', 43, 555),
(4450, 'ประชาพัฒนา', 43, 555),
(4451, 'หนองทุ่ม', 43, 555),
(4452, 'หนองแสน', 43, 555),
(4453, 'โคกสีทองหลาง', 43, 555),
(4454, 'นาดูน', 43, 556),
(4455, 'หนองไผ่', 43, 556),
(4456, 'หนองคู', 43, 556),
(4457, 'ดงบัง', 43, 556),
(4458, 'ดงดวน', 43, 556),
(4459, 'หัวดง', 43, 556),
(4460, 'ดงยาง', 43, 556),
(4461, 'กู่สันตรัตน์', 43, 556),
(4462, 'พระธาตุ', 43, 556),
(4463, 'ยางสีสุราช', 43, 557),
(4464, 'นาภู', 43, 557),
(4465, 'แวงดง', 43, 557),
(4466, 'บ้านกู่', 43, 557),
(4467, 'ดงเมือง', 43, 557),
(4468, 'สร้างแซ่ง', 43, 557),
(4469, 'หนองบัวสันตุ', 43, 557),
(4470, 'กุดรัง', 43, 558),
(4471, 'นาโพธิ์', 43, 558),
(4472, 'เลิงแฝก', 43, 558),
(4473, 'หนองแวง', 43, 558),
(4474, 'ห้วยเตย', 43, 558),
(4475, 'ชื่นชม', 43, 559),
(4476, 'กุดปลาดุก', 43, 559),
(4477, 'เหล่าดอกไม้', 43, 559),
(4478, 'หนองกุง', 43, 559),
(4479, 'มุกดาหาร', 44, 560),
(4480, 'ศรีบุญเรือง', 44, 560),
(4481, 'บ้านโคก', 44, 560),
(4482, 'บางทรายใหญ่', 44, 560),
(4483, 'โพนทราย', 44, 560),
(4484, 'ผึ่งแดด', 44, 560),
(4485, 'นาโสก', 44, 560),
(4486, 'นาสีนวน', 44, 560),
(4487, 'คำป่าหลาย', 44, 560),
(4488, 'คำอาฮวน', 44, 560),
(4489, 'ดงเย็น', 44, 560),
(4490, 'ดงมอน', 44, 560),
(4491, 'กุดแข้', 44, 560),
(4492, 'นิคมคำสร้อย', 44, 561),
(4493, 'นากอก', 44, 561),
(4494, 'หนองแวง', 44, 561),
(4495, 'กกแดง', 44, 561),
(4496, 'นาอุดม', 44, 561),
(4497, 'โชคชัย', 44, 561),
(4498, 'ร่มเกล้า', 44, 561),
(4499, 'ดอนตาล', 44, 562),
(4500, 'โพธิ์ไทร', 44, 562),
(4501, 'ป่าไร่', 44, 562),
(4502, 'เหล่าหมี', 44, 562),
(4503, 'บ้านบาก', 44, 562),
(4504, 'นาสะเม็ง', 44, 562),
(4505, 'บ้านแก้ง', 44, 562),
(4506, 'ดงหลวง', 44, 563),
(4507, 'หนองบัว', 44, 536),
(4508, 'กกตูม', 44, 563),
(4509, 'หนองแคน', 44, 563),
(4510, 'ชะโนดน้อย', 44, 563),
(4511, 'พังแดง', 44, 563),
(4512, 'บ้านซ่ง', 44, 564),
(4513, 'คำชะอี', 44, 564),
(4514, 'หนองเอี่ยน', 44, 564),
(4515, 'บ้านค้อ', 44, 564),
(4516, 'บ้านเหล่า', 44, 564),
(4517, 'โพนงาม', 44, 564),
(4518, 'เหล่าสร้างถ่อ', 44, 564),
(4519, 'คำบก', 44, 564),
(4520, 'น้ำเที่ยง', 44, 564),
(4521, 'หว้านใหญ่', 44, 565),
(4522, 'ป่งขาม', 44, 565),
(4523, 'บางทรายน้อย', 44, 565),
(4524, 'ชะโนด', 44, 565),
(4525, 'ดงหมู', 44, 565),
(4526, 'หนองสูง', 44, 566),
(4527, 'โนนยาง', 44, 566),
(4528, 'ภูวง', 44, 566),
(4529, 'บ้านเป้า', 44, 566),
(4530, 'หนองสูงใต้', 44, 566),
(4531, 'หนองสูงเหนือ', 44, 566),
(4532, 'จองคำ', 45, 567),
(4533, 'ห้วยโป่ง', 45, 567),
(4534, 'ผาบ่อง', 45, 567),
(4535, 'ปางหมู', 45, 567),
(4536, 'หมอกจำแป่', 45, 567),
(4537, 'ห้วยผา', 45, 567),
(4538, 'ห้วยปูลิง', 45, 567),
(4539, 'ขุนยวม', 45, 568),
(4540, 'แม่เงา', 45, 568),
(4541, 'เมืองปอน', 45, 568),
(4542, 'แม่ยวมน้อย', 45, 568),
(4543, 'แม่กิ๊', 45, 568),
(4544, 'แม่อูคอ', 45, 568),
(4545, 'เวียงใต้', 45, 569),
(4546, 'เวียงเหนือ', 45, 569),
(4547, 'แม่นาเติง', 45, 569),
(4548, 'แม่ฮี้', 45, 569),
(4549, 'ทุ่งยาว', 45, 569),
(4550, 'เมืองแปง', 45, 569),
(4551, 'โป่งสา', 45, 569),
(4552, 'บ้านกาศ', 45, 570),
(4553, 'แม่สะเรียง', 45, 570),
(4554, 'แม่คง', 45, 570),
(4555, 'แม่เหาะ', 45, 570),
(4556, 'แม่ยวม', 45, 570),
(4557, 'เสาหิน', 45, 570),
(4558, 'ป่าแป๋', 45, 570),
(4559, 'แม่ลาน้อย', 45, 571),
(4560, 'แม่ลาหลวง', 45, 571),
(4561, 'ท่าผาปุ้ม', 45, 571),
(4562, 'แม่โถ', 45, 571),
(4563, 'ห้วยห้อม', 45, 571),
(4564, 'แม่นาจาง', 45, 571),
(4565, 'สันติคีรี', 45, 571),
(4566, 'ขุนแม่ลาน้อย', 45, 571),
(4567, 'สบเมย', 45, 572),
(4568, 'แม่คะตวน', 45, 572),
(4569, 'กองก๋อย', 45, 572),
(4570, 'แม่สวด', 45, 572),
(4571, 'ป่าโปง', 45, 572),
(4572, 'แม่สามแลบ', 45, 572),
(4573, 'สบป่อง', 45, 573),
(4574, 'ปางมะผ้า', 45, 573),
(4575, 'ถ้ำลอด', 45, 573),
(4576, 'นาปู่ป้อม', 45, 573),
(4577, 'ในเมือง', 46, 574),
(4578, 'น้ำคำใหญ่', 46, 574),
(4579, 'ตาดทอง', 46, 574),
(4580, 'สำราญ', 46, 574),
(4581, 'ค้อเหนือ', 46, 574),
(4582, 'ดู่ทุ่ง', 46, 574),
(4583, 'เดิด', 46, 574),
(4584, 'ขั้นไดใหญ่', 46, 574),
(4585, 'ทุ่งแต้', 46, 574),
(4586, 'สิงห์', 46, 574),
(4587, 'นาสะไมย์', 46, 574),
(4588, 'เขื่องคำ', 46, 574),
(4589, 'หนองหิน', 46, 574),
(4590, 'หนองหิน', 46, 574),
(4591, 'ขุมเงิน', 46, 574),
(4592, 'ทุ่งนางโอก', 46, 574),
(4593, 'หนองเรือ', 46, 574),
(4594, 'หนองเป็ด', 46, 574),
(4595, 'ทรายมูล', 46, 575),
(4596, 'ดู่ลาด', 46, 575),
(4597, 'ดงมะไฟ', 46, 575),
(4598, 'นาเวียง', 46, 575),
(4599, 'ไผ่', 46, 575),
(4600, 'กุดชุม', 46, 576),
(4601, 'โนนเปือย', 46, 576),
(4602, 'กำแมด', 46, 576),
(4603, 'นาโส่', 46, 576),
(4604, 'ห้วยแก้ง', 46, 576),
(4605, 'หนองหมี', 46, 576),
(4606, 'โพนงาม', 46, 576),
(4607, 'คำน้ำสร้าง', 46, 576),
(4608, 'หนองแหน', 46, 576),
(4609, 'ลุมพุก', 46, 577),
(4610, 'ย่อ', 46, 577),
(4611, 'สงเปือย', 46, 577),
(4612, 'โพนทัน', 46, 577),
(4613, 'ทุ่งมน', 46, 577),
(4614, 'นาคำ', 46, 577),
(4615, 'ดงแคนใหญ่', 46, 577),
(4616, 'กู่จาน', 46, 577),
(4617, 'นาแก', 46, 577),
(4618, 'กุดกุง', 46, 577),
(4619, 'เหล่าไฮ', 46, 577),
(4620, 'แคนน้อย', 46, 577),
(4621, 'ดงเจริญ', 46, 577),
(4622, 'โพธิ์ไทร', 46, 578),
(4623, 'กระจาย', 46, 578),
(4624, 'โคกนาโก', 46, 578),
(4625, 'เชียงเพ็ง', 46, 578),
(4626, 'ศรีฐาน', 46, 578),
(4627, 'ฟ้าหยาด', 46, 579),
(4628, 'หัวเมือง', 46, 579),
(4629, 'คูเมือง', 46, 579),
(4630, 'ผือฮี', 46, 579),
(4631, 'บากเรือ', 46, 579),
(4632, 'ม่วง', 46, 579),
(4633, 'โนนทราย', 46, 579),
(4634, 'บึงแก', 46, 579),
(4635, 'พระเสาร์', 46, 579),
(4636, 'สงยาง', 46, 579),
(4637, 'ฟ้าห่วน', 46, 580),
(4638, 'กุดน้ำใส', 46, 580),
(4639, 'น้ำอ้อม', 46, 580),
(4640, 'ค้อวัง', 46, 580),
(4641, 'บุ่งค้า', 46, 581),
(4642, 'สวาท', 46, 581),
(4643, 'ห้องแซง', 46, 581),
(4644, 'สามัคคี', 46, 581),
(4645, 'กุดเชียงหมี', 46, 581),
(4646, 'สามแยก', 46, 581),
(4647, 'กุดแห่', 46, 581),
(4648, 'โคกสำราญ', 46, 581),
(4649, 'สร้างมิ่ง', 46, 581),
(4650, 'ศรีแก้ว', 46, 581),
(4651, 'ไทยเจริญ', 46, 582),
(4652, 'น้ำคำ', 46, 582),
(4653, 'ส้มผ่อ', 46, 582),
(4654, 'คำเตย', 46, 582),
(4655, 'คำไผ่', 46, 582),
(4656, 'สะเตง', 47, 583),
(4657, 'บุดี', 47, 583),
(4658, 'ยุโป', 47, 583),
(4659, 'ลิดล', 47, 583),
(4660, 'ยะลา', 47, 583),
(4661, 'ท่าสาป', 47, 583),
(4662, 'ลำใหม่', 47, 583),
(4663, 'หน้าถ้ำ', 47, 583),
(4664, 'ลำพะยา', 47, 583),
(4665, 'เปาะเส้ง', 47, 583),
(4666, 'พร่อน', 47, 583),
(4667, 'บันนังสาเรง', 47, 583),
(4668, 'สะเตงนอก', 47, 583),
(4669, 'ตาเซะ', 47, 583),
(4670, 'เบตง', 47, 584),
(4671, 'ยะรม', 47, 584),
(4672, 'ตาเนาะแมเราะ', 47, 584),
(4673, 'อัยเยอร์เวง', 47, 584),
(4674, 'ธารน้ำทิพย์', 47, 584),
(4675, 'บันนังสตา', 47, 585),
(4676, 'บาเจาะ', 47, 585),
(4677, 'ตาเนาะปูเต๊ะ', 47, 585),
(4678, 'ถ้ำทะลุ', 47, 585),
(4679, 'ตลิ่งชัน', 47, 585),
(4680, 'เขื่อนบางลาง', 47, 585),
(4681, 'ธารโต', 47, 586),
(4682, 'บ้านแหร', 47, 586),
(4683, 'แม่หวาด', 47, 586),
(4684, 'คีรีเขต', 47, 586),
(4685, 'ยะหา', 47, 587),
(4686, 'ละแอ', 47, 587),
(4687, 'ปะแต', 47, 587),
(4688, 'บาโร๊ะ', 47, 587),
(4689, 'ตาชี', 47, 587),
(4690, 'บาโงยซิแน', 47, 587),
(4691, 'กาตอง', 47, 587),
(4692, 'กายูบอเกาะ', 47, 588),
(4693, 'กาลูปัง', 47, 588),
(4694, 'กาลอ', 47, 588),
(4695, 'กอตอตือร๊ะ', 47, 588),
(4696, 'โกตาบารู', 47, 588),
(4697, 'เกะรอ', 47, 588),
(4698, 'จะกว๊ะ', 47, 588),
(4699, 'ท่าธง', 47, 588),
(4700, 'เนินงาม', 47, 588),
(4701, 'บาลอ', 47, 588),
(4702, 'บาโงย', 47, 588),
(4703, 'บือมัง', 47, 588),
(4704, 'ยะต๊ะ', 47, 588),
(4705, 'วังพญา', 47, 588),
(4706, 'อาซ่อง', 47, 588),
(4707, 'ตะโล๊ะหะลอ', 47, 588),
(4708, 'กาบัง', 47, 589),
(4709, 'บาละ', 47, 589),
(4710, 'กรงปินัง', 47, 590),
(4711, 'สะเอะ', 47, 590),
(4712, 'ห้วยกระทิง', 47, 590),
(4713, 'ปุโรง', 47, 590),
(4714, 'ในเมือง', 48, 591),
(4715, 'รอบเมือง', 48, 591),
(4716, 'เหนือเมือง', 48, 591),
(4717, 'ขอนแก่น', 48, 591),
(4718, 'นาโพธิ์', 48, 591),
(4719, 'สะอาดสมบูรณ์', 48, 591),
(4720, 'สีแก้ว', 48, 591),
(4721, 'ปอภาร', 48, 591),
(4722, 'โนนรัง', 48, 591),
(4723, 'หนองแก้ว', 48, 591),
(4724, 'หนองแวง', 48, 591),
(4725, 'ดงลาน', 48, 591),
(4726, 'แคนใหญ่', 48, 591),
(4727, 'โนนตาล', 48, 591),
(4728, 'เมืองทอง', 48, 591),
(4729, 'เกษตรวิสัย', 48, 592),
(4730, 'เมืองบัว', 48, 592),
(4731, 'เหล่าหลวง', 48, 592),
(4732, 'สิงห์โคก', 48, 592),
(4733, 'ดงครั่งใหญ่', 48, 592),
(4734, 'บ้านฝาง', 48, 592),
(4735, 'หนองแวง', 48, 592),
(4736, 'กำแพง', 48, 592),
(4737, 'กู่กาสิงห์', 48, 592),
(4738, 'น้ำอ้อม', 48, 592),
(4739, 'โนนสว่าง', 48, 592),
(4740, 'ทุ่งทอง', 48, 592),
(4741, 'ดงครั่งน้อย', 48, 592),
(4742, 'บัวแดง', 48, 593),
(4743, 'ดอกล้ำ', 48, 593),
(4744, 'หนองแคน', 48, 593),
(4745, 'โพนสูง', 48, 593),
(4746, 'โนนสวรรค์', 48, 593),
(4747, 'สระบัว', 48, 593),
(4748, 'โนนสง่า', 48, 593),
(4749, 'ขี้เหล็ก', 48, 593),
(4750, 'หัวช้าง', 48, 594),
(4751, 'หนองผือ', 48, 594),
(4752, 'เมืองหงส์', 48, 594),
(4753, 'โคกล่าม', 48, 594),
(4754, 'น้ำใส', 48, 594),
(4755, 'ดงแดง', 48, 594),
(4756, 'ดงกลาง', 48, 594),
(4757, 'ป่าสังข์', 48, 594),
(4758, 'อีง่อง', 48, 594),
(4759, 'ลิ้นฟ้า', 48, 594),
(4760, 'ดู่น้อย', 48, 594),
(4761, 'ศรีโคตร', 48, 594),
(4762, 'นิเวศน์', 48, 595),
(4763, 'ธงธานี', 48, 595),
(4764, 'หนองไผ่', 48, 595),
(4765, 'ธวัชบุรี', 48, 595),
(4766, 'อุ่มเม้า', 48, 595),
(4767, 'มะอึ', 48, 595),
(4768, 'เขวาทุ่ง', 48, 595),
(4769, 'ไพศาล', 48, 595),
(4770, 'เมืองน้อย', 48, 595),
(4771, 'บึงนคร', 48, 595),
(4772, 'ราชธานี', 48, 595),
(4773, 'หนองพอก', 48, 595),
(4774, 'พนมไพร', 48, 596),
(4775, 'แสนสุข', 48, 596),
(4776, 'กุดน้ำใส', 48, 596),
(4777, 'หนองทัพไทย', 48, 596),
(4778, 'โพธิ์ใหญ่', 48, 596),
(4779, 'วารีสวัสดิ์', 48, 596),
(4780, 'โคกสว่าง', 48, 596),
(4781, 'โพธิ์ชัย', 48, 596),
(4782, 'นานวล', 48, 596),
(4783, 'คำไฮ', 48, 596),
(4784, 'สระแก้ว', 48, 596),
(4785, 'ค้อใหญ่', 48, 596),
(4786, 'ชานุวรรณ', 48, 596),
(4787, 'แวง', 48, 597),
(4788, 'โคกกกม่วง', 48, 597),
(4789, 'นาอุดม', 48, 597),
(4790, 'สว่าง', 48, 597),
(4791, 'หนองใหญ่', 48, 597),
(4792, 'โพธิ์ทอง', 48, 597),
(4793, 'โนนชัยศรี', 48, 597),
(4794, 'โพธิ์ศรีสว่าง', 48, 597),
(4795, 'อุ่มเม่า', 48, 597),
(4796, 'คำนาดี', 48, 597),
(4797, 'พรมสวรรค์', 48, 597),
(4798, 'สระนกแก้ว', 48, 597),
(4799, 'วังสามัคคี', 48, 597),
(4800, 'โคกสูง', 48, 597),
(4801, 'ขามเปี้ย', 48, 598),
(4802, 'เชียงใหม่', 48, 598),
(4803, 'บัวคำ', 48, 598),
(4804, 'อัคคะคำ', 48, 598),
(4805, 'สะอาด', 48, 598),
(4806, 'คำพอุง', 48, 598),
(4807, 'หนองตาไก้', 48, 598),
(4808, 'ดอนโอง', 48, 598),
(4809, 'โพธิ์ศรี', 48, 598),
(4810, 'หนองพอก', 48, 599),
(4811, 'บึงงาม', 48, 599),
(4812, 'ภูเขาทอง', 48, 599),
(4813, 'กกโพธิ์', 48, 599),
(4814, 'โคกสว่าง', 48, 599),
(4815, 'หนองขุ่นใหญ่', 48, 599),
(4816, 'รอบเมือง', 48, 599),
(4817, 'ผาน้ำย้อย', 48, 599),
(4818, 'ท่าสีดา', 48, 599),
(4819, 'กลาง', 48, 600),
(4820, 'นางาม', 48, 600),
(4821, 'เมืองไพร', 48, 600),
(4822, 'นาแซง', 48, 600),
(4823, 'นาเมือง', 48, 600),
(4824, 'วังหลวง', 48, 600),
(4825, 'ท่าม่วง', 48, 600),
(4826, 'ขวาว', 48, 600),
(4827, 'โพธิ์ทอง', 48, 600),
(4828, 'ภูเงิน', 48, 600),
(4829, 'เกาะแก้ว', 48, 600),
(4830, 'นาเลิง', 48, 600),
(4831, 'เหล่าน้อย', 48, 600),
(4832, 'ศรีวิลัย', 48, 600),
(4833, 'หนองหลวง', 48, 600),
(4834, 'พรสวรรค์', 48, 600),
(4835, 'ขวัญเมือง', 48, 600),
(4836, 'บึงเกลือ', 48, 600),
(4837, 'สระคู', 48, 601),
(4838, 'ดอกไม้', 48, 601),
(4839, 'นาใหญ่', 48, 601),
(4840, 'หินกอง', 48, 601),
(4841, 'เมืองทุ่ง', 48, 601),
(4842, 'หัวโทน', 48, 601),
(4843, 'บ่อพันขัน', 48, 601),
(4844, 'ทุ่งหลวง', 48, 601),
(4845, 'หัวช้าง', 48, 601),
(4846, 'น้ำคำ', 48, 601),
(4847, 'ห้วยหินลาด', 48, 601),
(4848, 'ช้างเผือก', 48, 601),
(4849, 'ทุ่งกุลา', 48, 601),
(4850, 'ทุ่งศรีเมือง', 48, 601),
(4851, 'จำปาขัน', 48, 601),
(4852, 'หนองผือ', 48, 602),
(4853, 'หนองหิน', 48, 602),
(4854, 'คูเมือง', 48, 602),
(4855, 'กกกุง', 48, 602),
(4856, 'เมืองสรวง', 48, 602),
(4857, 'โพนทราย', 48, 603),
(4858, 'สามขา', 48, 603),
(4859, 'ศรีสว่าง', 48, 603),
(4860, 'ยางคำ', 48, 603),
(4861, 'ท่าหาดยาว', 48, 603),
(4862, 'อาจสามารถ', 48, 604),
(4863, 'โพนเมือง', 48, 604),
(4864, 'บ้านแจ้ง', 48, 604),
(4865, 'หน่อม', 48, 604),
(4866, 'หนองหมื่นถ่าน', 48, 604),
(4867, 'หนองขาม', 48, 604),
(4868, 'โหรา', 48, 604),
(4869, 'หนองบัว', 48, 604),
(4870, 'ขี้เหล็ก', 48, 604),
(4871, 'บ้านดู่', 48, 604),
(4872, 'เมยวดี', 48, 605),
(4873, 'ชุมพร', 48, 605),
(4874, 'บุ่งเลิศ', 48, 605),
(4875, 'ชมสะอาด', 48, 605),
(4876, 'โพธิ์ทอง', 48, 606),
(4877, 'ศรีสมเด็จ', 48, 606),
(4878, 'เมืองเปลือย', 48, 606),
(4879, 'หนองใหญ่', 48, 606),
(4880, 'สวนจิก', 48, 606),
(4881, 'โพธิ์สัย', 48, 606),
(4882, 'หนองแวงควง', 48, 606),
(4883, 'บ้านบาก', 48, 606),
(4884, 'ดินดำ', 48, 607),
(4885, 'ปาฝา', 48, 607),
(4886, 'ม่วงลาด', 48, 607),
(4887, 'จังหาร', 48, 607),
(4888, 'ดงสิงห์', 48, 607),
(4889, 'ยางใหญ่', 48, 607),
(4890, 'ผักแว่น', 48, 607),
(4891, 'แสนชาติ', 48, 607),
(4892, 'เชียงขวัญ', 48, 608),
(4893, 'พลับพลา', 48, 608),
(4894, 'พระธาตุ', 48, 608),
(4895, 'พระเจ้า', 48, 608),
(4896, 'หมูม้น', 48, 608),
(4897, 'บ้านเขือง', 48, 608),
(4898, 'หนองฮี', 48, 609),
(4899, 'สาวแห', 48, 609),
(4900, 'ดูกอึ่ง', 48, 609),
(4901, 'เด่นราษฎร์', 48, 609),
(4902, 'ทุ่งเขาหลวง', 48, 610),
(4903, 'เทอดไทย', 48, 610),
(4904, 'บึงงาม', 48, 610),
(4905, 'มะบ้า', 48, 610),
(4906, 'เหล่า', 48, 610),
(4907, 'เขานิเวศน์', 49, 611),
(4908, 'ราชกรูด', 49, 611),
(4909, 'หงาว', 49, 611),
(4910, 'บางริ้น', 49, 611),
(4911, 'ปากน้ำ', 49, 611),
(4912, 'บางนอน', 49, 611),
(4913, 'หาดส้มแป้น', 49, 611),
(4914, 'ทรายแดง', 49, 611),
(4915, 'เกาะพยาม', 49, 611),
(4916, 'ละอุ่นใต้', 49, 612),
(4917, 'ละอุ่นเหนือ', 49, 612),
(4918, 'บางพระใต้', 49, 612),
(4919, 'บางพระเหนือ', 49, 612),
(4920, 'บางแก้ว', 49, 612),
(4921, 'ในวงเหนือ', 49, 612),
(4922, 'ในวงใต้', 49, 612),
(4923, 'ม่วงกลวง', 49, 613),
(4924, 'กะเปอร์', 49, 613),
(4925, 'เชี่ยวเหลียง', 49, 613),
(4926, 'บ้านนา', 49, 613),
(4927, 'บางหิน', 49, 613),
(4928, 'น้ำจืด', 49, 614),
(4929, 'น้ำจืดน้อย', 49, 614),
(4930, 'มะมุ', 49, 614),
(4931, 'ปากจั่น', 49, 614),
(4932, 'ลำเลียง', 49, 614),
(4933, 'จ.ป.ร.', 49, 614),
(4934, 'บางใหญ่', 49, 614),
(4935, 'นาคา', 49, 615),
(4936, 'กำพวน', 49, 615),
(4937, 'ท่าประดู่', 50, 616),
(4938, 'เชิงเนิน', 50, 616),
(4939, 'ตะพง', 50, 616),
(4940, 'ปากน้ำ', 50, 616),
(4941, 'เพ', 50, 616),
(4942, 'แกลง', 50, 616),
(4943, 'บ้านแลง', 50, 616),
(4944, 'นาตาขวัญ', 50, 616),
(4945, 'เนินพระ', 50, 616),
(4946, 'กะเฉด', 50, 616),
(4947, 'ทับมา', 50, 616),
(4948, 'น้ำคอก', 50, 616),
(4949, 'ห้วยโป่ง', 50, 616),
(4950, 'มาบตาพุด', 50, 616),
(4951, 'สำนักทอง', 50, 616),
(4952, 'สำนักท้อน', 50, 617),
(4953, 'พลา', 50, 617),
(4954, 'บ้านฉาง', 50, 617),
(4955, 'ทางเกวียน', 50, 618),
(4956, 'วังหว้า', 50, 618),
(4957, 'ชากโดน', 50, 618),
(4958, 'เนินฆ้อ', 50, 618),
(4959, 'กร่ำ', 50, 618),
(4960, 'ชากพง', 50, 618),
(4961, 'กระแสบน', 50, 618),
(4962, 'บ้านนา', 50, 618),
(4963, 'ทุ่งควายกิน', 50, 618),
(4964, 'กองดิน', 50, 618),
(4965, 'คลองปูน', 50, 618),
(4966, 'พังราด', 50, 618),
(4967, 'ปากน้ำกระแส', 50, 618),
(4968, 'ห้วยยาง', 50, 618),
(4969, 'สองสลึง', 50, 618),
(4970, 'วังจันทร์', 50, 619),
(4971, 'ชุมแสง', 50, 619),
(4972, 'ป่ายุบใน', 50, 619),
(4973, 'พลงตาเอี่ยม', 50, 619),
(4974, 'บ้านค่าย', 50, 620),
(4975, 'หนองละลอก', 50, 620),
(4976, 'หนองตะพาน', 50, 620),
(4977, 'ตาขัน', 50, 620),
(4978, 'บางบุตร', 50, 620),
(4979, 'หนองบัว', 50, 620),
(4980, 'ชากบก', 50, 620),
(4981, 'ปลวกแดง', 50, 621),
(4982, 'ตาสิทธิ์', 50, 621),
(4983, 'ละหาร', 50, 621),
(4984, 'แม่น้ำคู้', 50, 621),
(4985, 'มาบยางพร', 50, 621),
(4986, 'หนองไร่', 50, 621),
(4987, 'น้ำเป็น', 50, 622),
(4988, 'ห้วยทับมอญ', 50, 622),
(4989, 'ชำฆ้อ', 50, 622),
(4990, 'เขาน้อย', 50, 622),
(4991, 'นิคมพัฒนา', 50, 623),
(4992, 'มาบข่า', 50, 623),
(4993, 'พนานิคม', 50, 623),
(4994, 'มะขามคู่', 50, 623),
(4995, 'หน้าเมือง', 51, 624),
(4996, 'เจดีย์หัก', 51, 624),
(4997, 'ดอนตะโก', 51, 624),
(4998, 'หนองกลางนา', 51, 624),
(4999, 'ห้วยไผ่', 51, 624),
(5000, 'คุ้งน้ำวน', 51, 624),
(5001, 'คุ้งกระถิน', 51, 624),
(5002, 'อ่างทอง', 51, 624),
(5003, 'โคกหม้อ', 51, 624),
(5004, 'สามเรือน', 51, 624),
(5005, 'พิกุลทอง', 51, 62),
(5006, 'น้ำพุ', 51, 624),
(5007, 'ดอนแร่', 51, 624),
(5008, 'หินกอง', 51, 624),
(5009, 'เขาแร้ง', 51, 624),
(5010, 'เกาะพลับพลา', 51, 624),
(5011, 'หลุมดิน', 51, 624),
(5012, 'บางป่า', 51, 624),
(5013, 'พงสวาย', 51, 624),
(5014, 'คูบัว', 51, 624),
(5015, 'ท่าราบ', 51, 624),
(5016, 'บ้านไร่', 51, 624),
(5017, 'จอมบึง', 51, 625),
(5018, 'ปากช่อง', 51, 625),
(5019, 'เบิกไพร', 51, 625),
(5020, 'ด่านทับตะโก', 51, 625),
(5021, 'แก้มอ้น', 51, 625),
(5022, 'รางบัว', 51, 625),
(5023, 'สวนผึ้ง', 51, 626),
(5024, 'ป่าหวาย', 51, 626),
(5025, 'ท่าเคย', 51, 626),
(5026, 'ตะนาวศรี', 51, 626),
(5027, 'ดำเนินสะดวก', 51, 627),
(5028, 'ประสาทสิทธิ์', 51, 627),
(5029, 'ศรีสุราษฎร์', 51, 627),
(5030, 'ตาหลวง', 51, 627),
(5031, 'ดอนกรวย', 51, 627),
(5032, 'ดอนคลัง', 51, 627),
(5033, 'บัวงาม', 51, 627),
(5034, 'บ้านไร่', 51, 627),
(5035, 'แพงพวย', 51, 627),
(5036, 'สี่หมื่น', 51, 627),
(5037, 'ท่านัด', 51, 627),
(5038, 'ขุนพิทักษ์', 51, 627),
(5039, 'ดอนไผ่', 51, 627),
(5040, 'บ้านโป่ง', 51, 628),
(5041, 'ท่าผา', 51, 628),
(5042, 'กรับใหญ่', 51, 628),
(5043, 'ปากแรต', 51, 628),
(5044, 'หนองกบ', 51, 628),
(5045, 'หนองอ้อ', 51, 628),
(5046, 'ดอนกระเบื้อง', 51, 628),
(5047, 'สวนกล้วย', 51, 628),
(5048, 'นครชุมน์', 51, 628),
(5049, 'บ้านม่วง', 51, 628),
(5050, 'คุ้งพยอม', 51, 628),
(5051, 'หนองปลาหมอ', 51, 628),
(5052, 'เขาขลุง', 51, 628),
(5053, 'เบิกไพร', 51, 628),
(5054, 'ลาดบัวขาว', 51, 628),
(5055, 'บางแพ', 51, 629),
(5056, 'วังเย็น', 51, 629),
(5057, 'หัวโพ', 51, 629),
(5058, 'วัดแก้ว', 51, 629),
(5059, 'ดอนใหญ่', 51, 629),
(5060, 'ดอนคา', 51, 629),
(5061, 'โพหัก', 51, 629),
(5062, 'โพธาราม', 51, 630),
(5063, 'ดอนกระเบื้อง', 51, 630),
(5064, 'หนองโพ', 51, 630),
(5065, 'บ้านเลือก', 51, 630),
(5066, 'คลองตาคต', 51, 630),
(5067, 'บ้านฆ้อง', 51, 630),
(5068, 'บ้านสิงห์', 51, 630),
(5069, 'ดอนทราย', 51, 630),
(5070, 'เจ็ดเสมียน', 51, 630),
(5071, 'คลองข่อย', 51, 630),
(5072, 'ชำแระ', 51, 630),
(5073, 'สร้อยฟ้า', 51, 630),
(5074, 'ท่าชุมพล', 51, 630),
(5075, 'บางโตนด', 51, 630),
(5076, 'เตาปูน', 51, 630),
(5077, 'นางแก้ว', 51, 630),
(5078, 'ธรรมเสน', 51, 630),
(5079, 'เขาชะงุ้ม', 51, 630),
(5080, 'หนองกวาง', 51, 630),
(5081, 'ทุ่งหลวง', 51, 631),
(5082, 'วังมะนาว', 51, 631),
(5083, 'ดอนทราย', 51, 631),
(5084, 'หนองกระทุ่ม', 51, 631),
(5085, 'ปากท่อ', 51, 631),
(5086, 'ป่าไก่', 51, 631),
(5087, 'วัดยางงาม', 51, 631),
(5088, 'อ่างหิน', 51, 631),
(5089, 'บ่อกระดาน', 51, 631),
(5090, 'ยางหัก', 51, 631),
(5091, 'วันดาว', 51, 631),
(5092, 'ห้วยยางโทน', 51, 631),
(5093, 'เกาะศาลพระ', 51, 632),
(5094, 'จอมประทัด', 51, 632),
(5095, 'วัดเพลง', 51, 623),
(5096, 'บ้านคา', 51, 633),
(5097, 'บ้านบึง', 51, 633),
(5098, 'หนองพันจันทร์', 51, 633),
(5099, 'ท่าหิน', 52, 634),
(5100, 'ทะเลชุบศร', 52, 634),
(5101, 'กกโก', 52, 634),
(5102, 'โก่งธนู', 52, 634),
(5103, 'เขาพระงาม', 52, 634),
(5104, 'เขาสามยอด', 52, 634),
(5105, 'โคกกะเทียม', 52, 634),
(5106, 'โคกลำพาน', 52, 634),
(5107, 'โคกตูม', 52, 634),
(5108, 'งิ้วราย', 52, 634),
(5109, 'ดอนโพธิ์', 52, 634),
(5110, 'ตะลุง', 52, 634),
(5111, 'ท่าแค', 52, 634),
(5112, 'ท่าศาลา', 52, 634),
(5113, 'นิคมสร้างตนเอง', 52, 634),
(5114, 'บางขันหมาก', 52, 634),
(5115, 'บ้านข่อย', 52, 634),
(5116, 'ท้ายตลาด', 52, 634),
(5117, 'ป่าตาล', 52, 634),
(5118, 'พรหมมาสตร์', 52, 634),
(5119, 'โพธิ์เก้าต้น', 52, 634),
(5120, 'โพธิ์ตรุ', 52, 634),
(5121, 'สี่คลอง', 52, 634),
(5122, 'ถนนใหญ่', 52, 634),
(5123, 'พัฒนานิคม', 52, 635),
(5124, 'ช่องสาริกา', 52, 635),
(5125, 'มะนาวหวาน', 52, 635),
(5126, 'ดีลัง', 52, 635),
(5127, 'โคกสลุง', 52, 635),
(5128, 'ชอนน้อย', 52, 635),
(5129, 'หนองบัว', 52, 635),
(5130, 'ห้วยขุนราม', 52, 635),
(5131, 'น้ำสุด', 52, 635),
(5132, 'โคกสำโรง', 52, 636),
(5133, 'เกาะแก้ว', 52, 636),
(5134, 'ถลุงเหล็ก', 52, 636),
(5135, 'หลุมข้าว', 52, 636),
(5136, 'ห้วยโป่ง', 52, 636),
(5137, 'คลองเกตุ', 52, 636),
(5138, 'สะแกราบ', 52, 636),
(5139, 'เพนียด', 52, 636),
(5140, 'วังเพลิง', 52, 636),
(5141, 'ดงมะรุม', 52, 636),
(5142, 'วังขอนขว้าง', 52, 636),
(5143, 'วังจั่น', 52, 636),
(5144, 'หนองแขม', 52, 636),
(5145, 'ลำนารายณ์', 52, 637),
(5146, 'ชัยนารายณ์', 52, 637),
(5147, 'ศิลาทิพย์', 52, 637),
(5148, 'ห้วยหิน', 52, 637),
(5149, 'ม่วงค่อม', 52, 637),
(5150, 'บัวชุม', 52, 637),
(5151, 'ท่าดินดำ', 52, 637),
(5152, 'มะกอกหวาน', 52, 637),
(5153, 'ซับตะเคียน', 52, 637),
(5154, 'นาโสม', 52, 637),
(5155, 'หนองยายโต๊ะ', 52, 637),
(5156, 'เกาะรัง', 52, 637),
(5157, 'ท่ามะนาว', 52, 637),
(5158, 'นิคมลำนารายณ์', 52, 637),
(5159, 'ชัยบาดาล', 52, 637),
(5160, 'บ้านใหม่สามัคคี', 52, 637),
(5161, 'เขาแหลม', 52, 637),
(5162, 'ท่าวุ้ง', 52, 638),
(5163, 'บางคู้', 52, 638),
(5164, 'โพตลาดแก้ว', 52, 638),
(5165, 'บางลี่', 52, 638),
(5166, 'บางงา', 52, 638),
(5167, 'โคกสลุด', 52, 638),
(5168, 'เขาสมอคอน', 52, 638),
(5169, 'หัวสำโรง', 52, 638),
(5170, 'ลาดสาลี่', 52, 638),
(5171, 'บ้านเบิก', 52, 638),
(5172, 'มุจลินท์', 52, 638),
(5173, 'ไผ่ใหญ่', 52, 639),
(5174, 'บ้านทราย', 52, 639),
(5175, 'บ้านกล้วย', 52, 639),
(5176, 'ดงพลับ', 52, 639),
(5177, 'บ้านชี', 52, 639),
(5178, 'พุคา', 52, 639),
(5179, 'หินปัก', 52, 639),
(5180, 'บางพึ่ง', 52, 639),
(5181, 'หนองทรายขาว', 52, 639),
(5182, 'บางกะพี้', 52, 639),
(5183, 'หนองเต่า', 52, 639),
(5184, 'โพนทอง', 52, 639),
(5185, 'บางขาม', 52, 639),
(5186, 'ดอนดึง', 52, 639),
(5187, 'ชอนม่วง', 52, 639),
(5188, 'หนองกระเบียน', 52, 639),
(5189, 'สายห้วยแก้ว', 52, 639),
(5190, 'มหาสอน', 52, 639),
(5191, 'บ้านหมี่', 52, 639),
(5192, 'เชียงงา', 52, 639),
(5193, 'หนองเมือง', 52, 639),
(5194, 'สนามแจง', 52, 639),
(5195, 'ท่าหลวง', 52, 640),
(5196, 'แก่งผักกูด', 52, 640),
(5197, 'ซับจำปา', 52, 640),
(5198, 'หนองผักแว่น', 52, 640),
(5199, 'ทะเลวังวัด', 52, 640),
(5200, 'หัวลำ', 52, 640),
(5201, 'สระโบสถ์', 52, 641),
(5202, 'มหาโพธิ', 52, 641),
(5203, 'ทุ่งท่าช้าง', 52, 641),
(5204, 'ห้วยใหญ่', 52, 641),
(5205, 'นิยมชัย', 52, 641),
(5206, 'โคกเจริญ', 52, 642),
(5207, 'ยางราก', 52, 642),
(5208, 'หนองมะค่า', 52, 642),
(5209, 'วังทอง', 52, 642),
(5210, 'โคกแสมสาร', 52, 642),
(5211, 'ลำสนธิ', 52, 643),
(5212, 'ซับสมบูรณ์', 52, 643),
(5213, 'หนองรี', 52, 643),
(5214, 'กุดตาเพชร', 52, 643),
(5215, 'เขารวก', 52, 643),
(5216, 'เขาน้อย', 52, 643),
(5217, 'หนองม่วง', 52, 644),
(5218, 'บ่อทอง', 52, 644),
(5219, 'ดงดินแดง', 52, 644),
(5220, 'ชอนสมบูรณ์', 52, 644),
(5221, 'ยางโทน', 52, 644),
(5222, 'ชอนสารเดช', 52, 644),
(5223, 'เวียงเหนือ', 53, 645),
(5224, 'หัวเวียง', 53, 645),
(5225, 'สวนดอก', 53, 645),
(5226, 'สบตุ๋ย', 53, 645),
(5227, 'พระบาท', 53, 645),
(5228, 'ชมพู', 53, 645),
(5229, 'กล้วยแพะ', 53, 645),
(5230, 'ปงแสนทอง', 53, 645),
(5231, 'บ้านแลง', 53, 645),
(5232, 'บ้านเสด็จ', 53, 645),
(5233, 'พิชัย', 53, 645),
(5234, 'ทุ่งฝาย', 53, 645),
(5235, 'บ้านเอื้อม', 53, 645),
(5236, 'บ้านเป้า', 53, 645),
(5237, 'บ้านค่า', 53, 645),
(5238, 'บ่อแฮ้ว', 53, 645),
(5239, 'ต้นธงชัย', 53, 645),
(5240, 'นิคมพัฒนา', 53, 645),
(5241, 'บุญนาคพัฒนา', 53, 645),
(5242, 'บ้านดง', 53, 646),
(5243, 'นาสัก', 53, 646),
(5244, 'จางเหนือ', 53, 646),
(5245, 'แม่เมาะ', 53, 646),
(5246, 'สบป้าด', 53, 646),
(5247, 'ลำปางหลวง', 53, 647),
(5248, 'นาแก้ว', 53, 647),
(5249, 'ไหล่หิน', 53, 647),
(5250, 'วังพร้าว', 53, 647),
(5251, 'ศาลา', 53, 647),
(5252, 'เกาะคา', 53, 647),
(5253, 'นาแส่ง', 53, 647),
(5254, 'ท่าผา', 53, 647),
(5255, 'ใหม่พัฒนา', 53, 647),
(5256, 'ทุ่งงาม', 53, 648),
(5257, 'เสริมขวา', 53, 648),
(5258, 'เสริมซ้าย', 53, 648),
(5259, 'เสริมกลาง', 53, 648),
(5260, 'หลวงเหนือ', 53, 649),
(5261, 'หลวงใต้', 53, 649),
(5262, 'บ้านโป่ง', 53, 649),
(5263, 'บ้านร้อง', 53, 649),
(5264, 'ปงเตา', 53, 649),
(5265, 'นาแก', 53, 649),
(5266, 'บ้านอ้อน', 53, 649),
(5267, 'บ้านแหง', 53, 649),
(5268, 'บ้านหวด', 53, 649),
(5269, 'แม่ตีบ', 53, 649),
(5270, 'แจ้ห่ม', 53, 650),
(5271, 'บ้านสา', 53, 650),
(5272, 'ปงดอน', 53, 650),
(5273, 'แม่สุก', 53, 650),
(5274, 'เมืองมาย', 53, 650),
(5275, 'ทุ่งผึ้ง', 53, 650),
(5276, 'วิเชตนคร', 53, 650),
(5277, 'ทุ่งฮั้ว', 53, 651),
(5278, 'วังเหนือ', 53, 651),
(5279, 'วังใต้', 53, 651),
(5280, 'ร่องเคาะ', 53, 651),
(5281, 'วังทอง', 53, 651),
(5282, 'วังซ้าย', 53, 651),
(5283, 'วังแก้ว', 53, 651),
(5284, 'วังทรายคำ', 53, 651),
(5285, 'ล้อมแรด', 53, 652),
(5286, 'แม่วะ', 53, 652),
(5287, 'แม่ปะ', 53, 652),
(5288, 'แม่มอก', 53, 652),
(5289, 'เวียงมอก', 53, 652),
(5290, 'นาโป่ง', 53, 652),
(5291, 'แม่ถอด', 53, 652),
(5292, 'เถินบุรี', 53, 652),
(5293, 'แม่พริก', 53, 653),
(5294, 'ผาปัง', 53, 653),
(5295, 'แม่ปุ', 53, 653),
(5296, 'พระบาทวังตวง', 53, 653),
(5297, 'แม่ทะ', 53, 654),
(5298, 'นาครัว', 53, 654),
(5299, 'ป่าตัน', 53, 654),
(5300, 'บ้านกิ่ว', 53, 654),
(5301, 'บ้านบอม', 53, 654),
(5302, 'น้ำโจ้', 53, 654),
(5303, 'ดอนไฟ', 53, 654),
(5304, 'หัวเสือ', 53, 654),
(5305, 'วังเงิน', 53, 654),
(5306, 'สันดอนแก้ว', 53, 654),
(5307, 'สบปราบ', 53, 655),
(5308, 'สมัย', 53, 655),
(5309, 'แม่กัวะ', 53, 655),
(5310, 'นายาง', 53, 655),
(5311, 'ห้างฉัตร', 53, 656),
(5312, 'หนองหล่ม', 53, 656),
(5313, 'เมืองยาว', 53, 656),
(5314, 'ปงยางคก', 53, 656),
(5315, 'เวียงตาล', 53, 656),
(5316, 'แม่สัน', 53, 656),
(5317, 'วอแก้ว', 53, 656),
(5318, 'เมืองปาน', 53, 657),
(5319, 'บ้านขอ', 53, 657),
(5320, 'ทุ่งกว๋าว', 53, 657),
(5321, 'แจ้ซ้อน', 53, 657),
(5322, 'หัวเมือง', 53, 657),
(5323, 'ในเมือง', 54, 658),
(5324, 'เหมืองง่า', 54, 658),
(5325, 'อุโมงค์', 54, 658),
(5326, 'หนองช้างคืน', 54, 658),
(5327, 'ประตูป่า', 54, 658),
(5328, 'ริมปิง', 54, 658),
(5329, 'ต้นธง', 54, 658),
(5330, 'บ้านแป้น', 54, 658),
(5331, 'เหมืองจี้', 54, 658),
(5332, 'ป่าสัก', 54, 658),
(5333, 'เวียงยอง', 54, 658),
(5334, 'บ้านกลาง', 54, 658),
(5335, 'มะเขือแจ้', 54, 658),
(5336, 'ศรีบัวบาน', 54, 658),
(5337, 'หนองหนาม', 54, 658),
(5338, 'ทาปลาดุก', 54, 659),
(5339, 'ทาสบเส้า', 54, 659),
(5340, 'ทากาศ', 54, 659),
(5341, 'ทาขุมเงิน', 54, 659),
(5342, 'ทาทุ่งหลวง', 54, 659),
(5343, 'ทาแม่ลอบ', 54, 659),
(5344, 'บ้านโฮ่ง', 54, 660),
(5345, 'ป่าพลู', 54, 660),
(5346, 'เหล่ายาว', 54, 660),
(5347, 'ศรีเตี้ย', 54, 660),
(5348, 'หนองปลาสะวาย', 54, 660),
(5349, 'ลี้', 54, 661),
(5350, 'แม่ตืน', 54, 661),
(5351, 'นาทราย', 54, 661),
(5352, 'ดงดำ', 54, 661),
(5353, 'ก้อ', 54, 661),
(5354, 'แม่ลาน', 54, 661),
(5355, 'ป่าไผ่', 54, 661),
(5356, 'ศรีวิชัย', 54, 661),
(5357, 'ทุ่งหัวช้าง', 54, 662),
(5358, 'บ้านปวง', 54, 662),
(5359, 'ตะเคียนปม', 54, 662),
(5360, 'ปากบ่อง', 54, 663),
(5361, 'ป่าซาง', 54, 663),
(5362, 'แม่แรง', 54, 663),
(5363, 'ม่วงน้อย', 54, 663),
(5364, 'บ้านเรือน', 54, 663),
(5365, 'มะกอก', 54, 663),
(5366, 'ท่าตุ้ม', 54, 663),
(5367, 'น้ำดิบ', 54, 663),
(5368, 'นครเจดีย์', 54, 663),
(5369, 'บ้านธิ', 54, 664),
(5370, 'ห้วยยาบ', 54, 664),
(5371, 'หนองล่อง', 54, 665),
(5372, 'หนองยวง', 54, 665),
(5373, 'วังผาง', 54, 665),
(5374, 'กุดป่อง', 55, 666),
(5375, 'เมือง', 55, 666),
(5376, 'นาอ้อ', 55, 666),
(5377, 'กกดู่', 55, 666),
(5378, 'น้ำหมาน', 55, 666),
(5379, 'เสี้ยว', 55, 666),
(5380, 'นาอาน', 55, 666),
(5381, 'นาโป่ง', 55, 666),
(5382, 'นาดินดำ', 55, 666),
(5383, 'น้ำสวย', 55, 666),
(5384, 'ชัยพฤกษ์', 55, 666),
(5385, 'นาแขม', 55, 666),
(5386, 'ศรีสองรัก', 55, 666),
(5387, 'กกทอง', 55, 666),
(5388, 'นาด้วง', 55, 667),
(5389, 'นาดอกคำ', 55, 667),
(5390, 'ท่าสะอาด', 55, 667),
(5391, 'ท่าสวรรค์', 55, 667),
(5392, 'เชียงคาน', 55, 668),
(5393, 'ธาตุ', 55, 668),
(5394, 'นาซ่าว', 55, 668),
(5395, 'เขาแก้ว', 55, 668),
(5396, 'ปากตม', 55, 668),
(5397, 'บุฮม', 55, 668),
(5398, 'จอมศรี', 55, 668),
(5399, 'หาดทรายขาว', 55, 668),
(5400, 'ปากชม', 55, 669),
(5401, 'เชียงกลม', 55, 669),
(5402, 'หาดคัมภีร์', 55, 669),
(5403, 'ห้วยบ่อซืน', 55, 669),
(5404, 'ห้วยพิชัย', 55, 669),
(5405, 'ชมเจริญ', 55, 669),
(5406, 'ด่านซ้าย', 55, 670),
(5407, 'ปากหมัน', 55, 670),
(5408, 'นาดี', 55, 670),
(5409, 'โคกงาม', 55, 670),
(5410, 'โพนสูง', 55, 670),
(5411, 'อิปุ่ม', 55, 670),
(5412, 'กกสะทอน', 55, 670),
(5413, 'โป่ง', 55, 670),
(5414, 'วังยาว', 55, 670),
(5415, 'นาหอ', 55, 670),
(5416, 'นาแห้ว', 55, 671),
(5417, 'แสงภา', 55, 671),
(5418, 'นาพึง', 55, 671),
(5419, 'นามาลา', 55, 671),
(5420, 'เหล่ากอหก', 55, 671),
(5421, 'หนองบัว', 55, 672),
(5422, 'ท่าศาลา', 55, 672),
(5423, 'ร่องจิก', 55, 672),
(5424, 'ปลาบ่า', 55, 672),
(5425, 'ลาดค่าง', 55, 672),
(5426, 'สานตม', 55, 672),
(5427, 'ท่าลี่', 55, 673),
(5428, 'หนองผือ', 55, 673),
(5429, 'อาฮี', 55, 673),
(5430, 'น้ำแคม', 55, 673),
(5431, 'โคกใหญ่', 55, 673),
(5432, 'น้ำทูน', 55, 673),
(5433, 'วังสะพุง', 55, 674),
(5434, 'ทรายขาว', 55, 674),
(5435, 'หนองหญ้าปล้อง', 55, 674),
(5436, 'หนองงิ้ว', 55, 674),
(5437, 'ปากปวน', 55, 674),
(5438, 'ผาน้อย', 55, 674),
(5439, 'ผาบิ้ง', 55, 674),
(5440, 'เขาหลวง', 55, 674),
(5441, 'โคกขมิ้น', 55, 674),
(5442, 'ศรีสงคราม', 55, 674),
(5443, 'ศรีฐาน', 55, 675),
(5444, 'ผานกเค้า', 55, 675),
(5445, 'ภูกระดึง', 55, 675),
(5446, 'ห้วยส้ม', 55, 675),
(5447, 'ภูหอ', 55, 676),
(5448, 'หนองคัน', 55, 676),
(5449, 'ห้วยสีเสียด', 55, 676),
(5450, 'เลยวังไสย์', 55, 676),
(5451, 'แก่งศรีภูมิ', 55, 676),
(5452, 'ผาขาว', 55, 677),
(5453, 'ท่าช้างคล้อง', 55, 677),
(5454, 'โนนปอแดง', 55, 677),
(5455, 'โนนป่าซาง', 55, 677),
(5456, 'บ้านเพิ่ม', 55, 677),
(5457, 'ผาอินทร์แปลง', 55, 678),
(5458, 'เอราวัณ', 55, 678),
(5459, 'ผาสามยอด', 55, 678),
(5460, 'ทรัพย์ไพวัลย์', 55, 678),
(5461, 'หนองหิน', 55, 679),
(5462, 'ตาดข่า', 55, 679),
(5463, 'ปวนพุ', 55, 679),
(5464, 'เมืองเหนือ', 56, 680),
(5465, 'เมืองใต้', 56, 680),
(5466, 'คูซอด', 56, 680),
(5467, 'ซำ', 56, 680),
(5468, 'จาน', 56, 680),
(5469, 'ตะดอบ', 56, 680),
(5470, 'หนองครก', 56, 680),
(5471, 'โพนข่า', 56, 680),
(5472, 'โพนค้อ', 56, 680),
(5473, 'โพนเขวา', 56, 680),
(5474, 'หญ้าปล้อง', 56, 680),
(5475, 'ทุ่ม', 56, 680),
(5476, 'หนองไฮ', 56, 680),
(5477, 'หนองแก้ว', 56, 680),
(5478, 'น้ำคำ', 56, 680),
(5479, 'โพธิ์', 56, 680),
(5480, 'หมากเขียบ', 56, 680),
(5481, 'หนองไผ่', 56, 680),
(5482, 'ยางชุมน้อย', 56, 681),
(5483, 'ลิ้นฟ้า', 56, 681),
(5484, 'คอนกาม', 56, 681),
(5485, 'โนนคูณ', 56, 681),
(5486, 'กุดเมืองฮาม', 56, 681),
(5487, 'บึงบอน', 56, 681),
(5488, 'ยางชุมใหญ่', 56, 681),
(5489, 'ดูน', 56, 682),
(5490, 'โนนสัง', 56, 682),
(5491, 'หนองหัวช้าง', 56, 682),
(5492, 'ยาง', 56, 682),
(5493, 'หนองแวง', 56, 682),
(5494, 'หนองแก้ว', 56, 682),
(5495, 'ทาม', 6, 682),
(5496, 'ละทาย', 56, 682),
(5497, 'เมืองน้อย', 56, 682),
(5498, 'อีปาด', 56, 682),
(5499, 'บัวน้อย', 56, 682),
(5500, 'หนองบัว', 56, 682),
(5501, 'ดู่', 56, 682),
(5502, 'ผักแพว', 56, 682),
(5503, 'จาน', 56, 682),
(5504, 'คำเนียม', 56, 682),
(5505, 'บึงมะลู', 56, 683),
(5506, 'กุดเสลา', 56, 683),
(5507, 'เมือง', 56, 683),
(5508, 'สังเม็ก', 56, 683),
(5509, 'น้ำอ้อม', 56, 683),
(5510, 'ละลาย', 56, 683),
(5511, 'รุง', 56, 683),
(5512, 'ตระกาจ', 56, 683),
(5513, 'จานใหญ่', 56, 683),
(5514, 'ภูเงิน', 56, 683),
(5515, 'ชำ', 56, 683),
(5516, 'กระแชง', 56, 683),
(5517, 'โนนสำราญ', 56, 683),
(5518, 'หนองหญ้าลาด', 56, 683),
(5519, 'เสาธงชัย', 56, 683),
(5520, 'ขนุน', 56, 683),
(5521, 'สวนกล้วย', 56, 683),
(5522, 'เวียงเหนือ', 56, 683),
(5523, 'ทุ่งใหญ่', 56, 683),
(5524, 'ภูผาหมอก', 56, 683),
(5525, 'กันทรารมย์', 56, 684),
(5526, 'จะกง', 56, 684),
(5527, 'ใจดี', 56, 684),
(5528, 'ดองกำเม็ด', 56, 684),
(5529, 'โสน', 56, 684),
(5530, 'ปรือใหญ่', 56, 684),
(5531, 'สะเดาใหญ่', 56, 684),
(5532, 'ตาอุด', 56, 684),
(5533, 'ห้วยเหนือ', 56, 684),
(5534, 'ห้วยใต้', 56, 684),
(5535, 'หัวเสือ', 56, 684),
(5536, 'ตะเคียน', 56, 684),
(5537, 'นิคมพัฒนา', 56, 684),
(5538, 'โคกเพชร', 56, 684),
(5539, 'ปราสาท', 56, 684),
(5540, 'สำโรงตาเจ็น', 56, 684),
(5541, 'ห้วยสำราญ', 56, 684),
(5542, 'กฤษณา', 56, 684),
(5543, 'ลมศักดิ์', 56, 684),
(5544, 'หนองฉลอง', 56, 684),
(5545, 'ศรีตระกูล', 56, 684),
(5546, 'ศรีสะอาด', 56, 684),
(5547, 'ไพรบึง', 56, 685),
(5548, 'ดินแดง', 56, 685),
(5549, 'ปราสาทเยอ', 56, 685),
(5550, 'สำโรงพลัน', 56, 685),
(5551, 'สุขสวัสดิ์', 56, 685),
(5552, 'โนนปูน', 56, 685),
(5553, 'พิมาย', 56, 686),
(5554, 'กู่', 56, 686),
(5555, 'หนองเชียงทูน', 56, 686),
(5556, 'ตูม', 56, 686),
(5557, 'สมอ', 56, 686),
(5558, 'โพธิ์ศรี', 56, 686),
(5559, 'สำโรงปราสาท', 56, 686),
(5560, 'ดู่', 56, 686),
(5561, 'สวาย', 56, 686),
(5562, 'พิมายเหนือ', 56, 686),
(5563, 'สิ', 56, 687),
(5564, 'บักดอง', 56, 687),
(5565, 'พราน', 56, 687),
(5566, 'โพธิ์วงศ์', 56, 687),
(5567, 'ไพร', 56, 687),
(5568, 'กระหวัน', 56, 687),
(5569, 'ขุนหาญ', 56, 687),
(5570, 'โนนสูง', 56, 687),
(5571, 'กันทรอม', 56, 687),
(5572, 'ภูฝ้าย', 56, 687),
(5573, 'โพธิ์กระสังข์', 56, 687),
(5574, 'ห้วยจันทร์', 56, 687),
(5575, 'เมืองคง', 56, 688),
(5576, 'เมืองแคน', 56, 688),
(5577, 'หนองแค', 56, 688),
(5578, 'จิกสังข์ทอง', 56, 688),
(5579, 'ด่าน', 56, 688),
(5580, 'ดู่', 56, 688),
(5581, 'หนองอึ่ง', 56, 688),
(5582, 'บัวหุ่ง', 56, 688),
(5583, 'ไผ่', 56, 688),
(5584, 'ส้มป่อย', 56, 688),
(5585, 'หนองหมี', 56, 688),
(5586, 'หว้านคำ', 56, 688),
(5587, 'สร้างปี่', 56, 688),
(5588, 'กำแพง', 56, 689),
(5589, 'อี่หล่ำ', 56, 689),
(5590, 'ก้านเหลือง', 56, 689),
(5591, 'ทุ่งไชย', 56, 689),
(5592, 'สำโรง', 56, 689),
(5593, 'แขม', 56, 689),
(5594, 'หนองไฮ', 56, 689),
(5595, 'ขะยูง', 56, 689),
(5596, 'ตาเกษ', 56, 689),
(5597, 'หัวช้าง', 56, 689),
(5598, 'รังแร้ง', 56, 689),
(5599, 'แต้', 56, 689),
(5600, 'แข้', 56, 689),
(5601, 'โพธิ์ชัย', 56, 689),
(5602, 'ปะอาว', 56, 689),
(5603, 'หนองห้าง', 56, 689),
(5604, 'สระกำแพงใหญ่', 56, 689),
(5605, 'โคกหล่าม', 56, 689),
(5606, 'โคกจาน', 56, 689),
(5607, 'เป๊าะ', 56, 690),
(5608, 'บึงบูรพ์', 56, 690),
(5609, 'ห้วยทับทัน', 56, 691),
(5610, 'เมืองหลวง', 56, 691),
(5611, 'กล้วยกว้าง', 56, 691),
(5612, 'ผักไหม', 56, 691),
(5613, 'จานแสนไชย', 56, 691),
(5614, 'ปราสาท', 56, 691),
(5615, 'โนนค้อ', 56, 692),
(5616, 'บก', 56, 692),
(5617, 'โพธิ์', 56, 692),
(5618, 'หนองกุง', 56, 692),
(5619, 'เหล่ากวาง', 56, 692),
(5620, 'ศรีแก้ว', 56, 693),
(5621, 'พิงพวย', 56, 693),
(5622, 'สระเยาว์', 56, 693),
(5623, 'ตูม', 56, 693),
(5624, 'เสื่องข้าว', 56, 693),
(5625, 'ศรีโนนงาม', 56, 693),
(5626, 'สะพุง', 56, 693),
(5627, 'น้ำเกลี้ยง', 56, 694),
(5628, 'ละเอาะ', 56, 694),
(5629, 'ตองปิด', 56, 694),
(5630, 'เขิน', 56, 694),
(5631, 'รุ่งระวี', 56, 694),
(5632, 'คูบ', 56, 694),
(5633, 'บุสูง', 56, 695),
(5634, 'ธาตุ', 56, 695),
(5635, 'ดวนใหญ่', 56, 695),
(5636, 'บ่อแก้ว', 56, 695),
(5637, 'ศรีสำราญ', 56, 695),
(5638, 'ทุ่งสว่าง', 56, 695),
(5639, 'วังหิน', 56, 695),
(5640, 'โพนยาง', 56, 695),
(5641, 'โคกตาล', 56, 696),
(5642, 'ห้วยตามอญ', 56, 696),
(5643, 'ห้วยตึ๊กชู', 56, 696),
(5644, 'ละลม', 56, 696),
(5645, 'ตะเคียนราม', 56, 696),
(5646, 'ดงรัก', 56, 696),
(5647, 'ไพรพัฒนา', 56, 696),
(5648, 'เมืองจันทร์', 56, 697),
(5649, 'ตาโกน', 56, 697),
(5650, 'หนองใหญ่', 56, 697),
(5651, 'เสียว', 56, 698),
(5652, 'หนองหว้า', 56, 698),
(5653, 'หนองงูเหลือม', 56, 698),
(5654, 'หนองฮาง', 56, 698),
(5655, 'ท่าคล้อ', 56, 698),
(5656, 'พยุห์', 56, 699),
(5657, 'พรหมสวัสดิ์', 56, 699),
(5658, 'ตำแย', 56, 699),
(5659, 'โนนเพ็ก', 56, 699),
(5660, 'หนองค้า', 56, 699),
(5661, 'โดด', 56, 700),
(5662, 'เสียว', 56, 700),
(5663, 'หนองม้า', 56, 700),
(5664, 'ผือใหญ่', 56, 700),
(5665, 'อีเซ', 56, 700),
(5666, 'กุง', 56, 701),
(5667, 'คลีกลิ้ง', 56, 701),
(5668, 'หนองบัวดง', 56, 701),
(5669, 'โจดม่วง', 56, 701),
(5670, 'ธาตุเชิงชุม', 57, 702),
(5671, 'ขมิ้น', 57, 702),
(5672, 'งิ้วด่อน', 57, 702),
(5673, 'โนนหอม', 57, 702),
(5674, 'เชียงเครือ', 57, 702),
(5675, 'ท่าแร่', 57, 702),
(5676, 'ม่วงลาย', 57, 702),
(5677, 'ดงชน', 57, 702),
(5678, 'ห้วยยาง', 57, 702),
(5679, 'พังขว้าง', 57, 702),
(5680, 'ดงมะไฟ', 57, 702),
(5681, 'ธาตุนาเวง', 57, 702),
(5682, 'เหล่าปอแดง', 57, 702),
(5683, 'หนองลาด', 57, 702),
(5684, 'ฮางโฮง', 57, 702),
(5685, 'โคกก่อง', 57, 702),
(5686, 'กุสุมาลย์', 57, 703),
(5687, 'นาโพธิ์', 57, 703),
(5688, 'นาเพียง', 57, 703),
(5689, 'โพธิไพศาล', 57, 703),
(5690, 'อุ่มจาน', 57, 703),
(5691, 'กุดบาก', 57, 704),
(5692, 'นาม่อง', 57, 704),
(5693, 'กุดไห', 57, 704),
(5694, 'พรรณา', 57, 705),
(5695, 'วังยาง', 57, 705),
(5696, 'พอกน้อย', 57, 705),
(5697, 'นาหัวบ่อ', 57, 705),
(5698, 'ไร่', 57, 705),
(5699, 'ช้างมิ่ง', 57, 705),
(5700, 'นาใน', 57, 705),
(5701, 'สว่าง', 57, 705),
(5702, 'บะฮี', 57, 705),
(5703, 'เชิงชุม', 57, 705),
(5704, 'พังโคน', 57, 706),
(5705, 'ม่วงไข่', 57, 706),
(5706, 'แร่', 57, 706),
(5707, 'ไฮหย่อง', 57, 706),
(5708, 'ต้นผึ้ง', 57, 706),
(5709, 'วาริชภูมิ', 57, 707),
(5710, 'ปลาโหล', 57, 707),
(5711, 'หนองลาด', 57, 707),
(5712, 'คำบ่อ', 57, 707),
(5713, 'ค้อเขียว', 57, 707),
(5714, 'นิคมน้ำอูน', 57, 708),
(5715, 'หนองปลิง', 57, 708),
(5716, 'หนองบัว', 57, 708),
(5717, 'สุวรรณคาม', 57, 708),
(5718, 'วานรนิวาส', 57, 709),
(5719, 'เดื่อศรีคันไชย', 57, 709),
(5720, 'ขัวก่าย', 57, 709),
(5721, 'หนองสนม', 57, 709),
(5722, 'คูสะคาม', 57, 709),
(5723, 'ธาตุ', 57, 709),
(5724, 'หนองแวง', 57, 709),
(5725, 'ศรีวิชัย', 57, 709),
(5726, 'นาซอ', 57, 709),
(5727, 'อินทร์แปลง', 57, 709),
(5728, 'นาคำ', 57, 709),
(5729, 'คอนสวรรค์', 57, 709),
(5730, 'กุดเรือคำ', 57, 709),
(5731, 'หนองแวงใต้', 57, 709),
(5732, 'คำตากล้า', 57, 710),
(5733, 'หนองบัวสิม', 57, 710),
(5734, 'นาแต้', 57, 710),
(5735, 'แพด', 57, 710),
(5736, 'ม่วง', 57, 711),
(5737, 'มาย', 57, 711),
(5738, 'ดงหม้อทอง', 57, 711),
(5739, 'ดงเหนือ', 57, 711),
(5740, 'ดงหม้อทองใต้', 57, 711),
(5741, 'ห้วยหลัว', 57, 711),
(5742, 'โนนสะอาด', 57, 711),
(5743, 'หนองกวั่ง', 57, 711),
(5744, 'บ่อแก้ว', 57, 711),
(5745, 'อากาศ', 57, 712),
(5746, 'โพนแพง', 57, 712),
(5747, 'วาใหญ่', 57, 712),
(5748, 'โพนงาม', 57, 712),
(5749, 'ท่าก้อน', 57, 712),
(5750, 'นาฮี', 57, 712),
(5751, 'บะหว้า', 57, 712),
(5752, 'สามัคคีพัฒนา', 57, 712),
(5753, 'สว่างแดนดิน', 57, 713),
(5754, 'คำสะอาด', 57, 713),
(5755, 'บ้านต้าย', 57, 713),
(5756, 'บงเหนือ', 57, 713),
(5757, 'โพนสูง', 57, 713),
(5758, 'โคกสี', 57, 713),
(5759, 'หนองหลวง', 57, 713),
(5760, 'บงใต้', 57, 713),
(5761, 'ค้อใต้', 57, 713),
(5762, 'พันนา', 57, 713),
(5763, 'แวง', 57, 713),
(5764, 'ทรายมูล', 57, 713),
(5765, 'ตาลโกน', 57, 713),
(5766, 'ตาลเนิ้ง', 57, 713),
(5767, 'ธาตุทอง', 57, 713),
(5768, 'บ้านถ่อน', 57, 713),
(5769, 'ส่องดาว', 57, 714),
(5770, 'ท่าศิลา', 57, 714),
(5771, 'วัฒนา', 57, 714),
(5772, 'ปทุมวาปี', 57, 714),
(5773, 'เต่างอย', 57, 715),
(5774, 'บึงทวาย', 57, 715),
(5775, 'นาตาล', 57, 715),
(5776, 'จันทร์เพ็ญ', 57, 715),
(5777, 'ตองโขบ', 57, 716),
(5778, 'เหล่าโพนค้อ', 57, 716),
(5779, 'ด่านม่วงคำ', 57, 716),
(5780, 'แมดนาท่ม', 57, 716),
(5781, 'บ้านเหล่า', 57, 717),
(5782, 'เจริญศิลป์', 57, 717),
(5783, 'ทุ่งแก', 57, 717),
(5784, 'โคกศิลา', 57, 717),
(5785, 'หนองแปน', 57, 717),
(5786, 'บ้านโพน', 57, 718),
(5787, 'นาแก้ว', 57, 718),
(5788, 'นาตงวัฒนา', 57, 718),
(5789, 'บ้านแป้น', 57, 718),
(5790, 'เชียงสือ', 57, 718),
(5791, 'สร้างค้อ', 57, 719),
(5792, 'หลุบเลา', 57, 719),
(5793, 'โคกภู', 57, 719),
(5794, 'กกปลาซิว', 57, 719),
(5795, 'บ่อยาง', 58, 720),
(5796, 'เขารูปช้าง', 58, 720),
(5797, 'เกาะแต้ว', 58, 720),
(5798, 'พะวง', 58, 720),
(5799, 'ทุ่งหวัง', 58, 720),
(5800, 'เกาะยอ', 58, 720),
(5801, 'จะทิ้งพระ', 58, 721),
(5802, 'กระดังงา', 58, 721),
(5803, 'สนามชัย', 58, 721),
(5804, 'ดีหลวง', 58, 721),
(5805, 'ชุมพล', 58, 721),
(5806, 'คลองรี', 58, 721),
(5807, 'คูขุด', 58, 721),
(5808, 'ท่าหิน', 58, 721),
(5809, 'วัดจันทร์', 58, 721),
(5810, 'บ่อแดง', 58, 721),
(5811, 'บ่อดาน', 58, 721),
(5812, 'บ้านนา', 58, 722),
(5813, 'ป่าชิง', 58, 722),
(5814, 'สะพานไม้แก่น', 58, 722),
(5815, 'สะกอม', 58, 722),
(5816, 'นาหว้า', 58, 722),
(5817, 'นาทับ', 58, 722),
(5818, 'น้ำขาว', 58, 722),
(5819, 'ขุนตัดหวาย', 58, 722),
(5820, 'ท่าหมอไทร', 58, 722),
(5821, 'จะโหนง', 58, 722),
(5822, 'คู', 58, 722),
(5823, 'แค', 58, 722),
(5824, 'คลองเปียะ', 58, 722),
(5825, 'ตลิ่งชัน', 58, 722),
(5826, 'นาทวี', 58, 723),
(5827, 'ฉาง', 58, 723),
(5828, 'นาหมอศรี', 58, 723),
(5829, 'คลองทราย', 58, 723),
(5830, 'ปลักหนู', 58, 723),
(5831, 'ท่าประดู่', 58, 723),
(5832, 'สะท้อน', 58, 723),
(5833, 'ทับช้าง', 58, 723),
(5834, 'ประกอบ', 58, 723),
(5835, 'คลองกวาง', 58, 723),
(5836, 'เทพา', 58, 724),
(5837, 'ปากบาง', 58, 724),
(5838, 'เกาะสะบ้า', 58, 724),
(5839, 'ลำไพล', 58, 724),
(5840, 'ท่าม่วง', 58, 724),
(5841, 'วังใหญ่', 58, 724),
(5842, 'สะกอม', 58, 724),
(5843, 'สะบ้าย้อย', 58, 725),
(5844, 'ทุ่งพอ', 58, 725),
(5845, 'เปียน', 58, 725),
(5846, 'บ้านโหนด', 58, 725),
(5847, 'จะแหน', 58, 725),
(5848, 'คูหา', 58, 725),
(5849, 'เขาแดง', 58, 725),
(5850, 'บาโหย', 58, 725),
(5851, 'ธารคีรี', 58, 725),
(5852, 'ระโนด', 58, 726),
(5853, 'คลองแดน', 58, 726),
(5854, 'ตะเครียะ', 58, 726),
(5855, 'ท่าบอน', 58, 726),
(5856, 'บ้านใหม่', 58, 726),
(5857, 'บ่อตรุ', 58, 726),
(5858, 'ปากแตระ', 58, 726),
(5859, 'พังยาง', 58, 726),
(5860, 'ระวะ', 58, 726),
(5861, 'วัดสน', 58, 726),
(5862, 'บ้านขาว', 58, 726),
(5863, 'แดนสงวน', 58, 726),
(5864, 'เกาะใหญ่', 58, 727),
(5865, 'โรง', 58, 727),
(5866, 'เชิงแส', 58, 727),
(5867, 'กระแสสินธุ์', 58, 727),
(5868, 'กำแพงเพชร', 58, 728),
(5869, 'ท่าชะมวง', 58, 728),
(5870, 'คูหาใต้', 58, 728),
(5871, 'ควนรู', 58, 728),
(5872, 'เขาพระ', 58, 728),
(5873, 'สะเดา', 58, 729),
(5874, 'ปริก', 58, 729),
(5875, 'พังลา', 58, 729),
(5876, 'สำนักแต้ว', 58, 729),
(5877, 'ทุ่งหมอ', 58, 729),
(5878, 'ท่าโพธิ์', 58, 729),
(5879, 'ปาดังเบซาร์', 58, 729),
(5880, 'สำนักขาม', 58, 729),
(5881, 'เขามีเกียรติ', 58, 729),
(5882, 'หาดใหญ่', 58, 730),
(5883, 'ควนลัง', 58, 730),
(5884, 'คูเต่า', 58, 730),
(5885, 'คอหงส์', 58, 730),
(5886, 'คลองแห', 58, 730),
(5887, 'คลองอู่ตะเภา', 58, 730),
(5888, 'ฉลุง', 58, 730),
(5889, 'ทุ่งใหญ่', 58, 730);
INSERT INTO `district` (`districtID`, `districtName`, `proID`, `amID`) VALUES
(5890, 'ทุ่งตำเสา', 58, 730),
(5891, 'ท่าข้าม', 58, 730),
(5892, 'น้ำน้อย', 58, 730),
(5893, 'บ้านพรุ', 58, 730),
(5894, 'พะตง', 58, 730),
(5895, 'นาหม่อม', 58, 731),
(5896, 'พิจิตร', 58, 731),
(5897, 'ทุ่งขมิ้น', 58, 731),
(5898, 'คลองหรัง', 58, 731),
(5899, 'รัตภูมิ', 58, 732),
(5900, 'ควนโส', 58, 732),
(5901, 'ห้วยลึก', 58, 732),
(5902, 'บางเหรียง', 58, 732),
(5903, 'บางกล่ำ', 58, 733),
(5904, 'ท่าช้าง', 58, 733),
(5905, 'แม่ทอม', 58, 733),
(5906, 'บ้านหาร', 58, 733),
(5907, 'ชิงโค', 58, 734),
(5908, 'สทิงหม้อ', 58, 734),
(5909, 'ทำนบ', 58, 734),
(5910, 'รำแดง', 58, 734),
(5911, 'วัดขนุน', 58, 734),
(5912, 'ชะแล้', 58, 734),
(5913, 'ปากรอ', 58, 734),
(5914, 'ป่าขาด', 58, 734),
(5915, 'หัวเขา', 58, 734),
(5916, 'บางเขียด', 58, 734),
(5917, 'ม่วงงาม', 58, 734),
(5918, 'คลองหอยโข่ง', 58, 735),
(5919, 'ทุ่งลาน', 58, 735),
(5920, 'โคกม่วง', 58, 735),
(5921, 'คลองหลา', 58, 735),
(5922, 'พิมาน', 59, 736),
(5923, 'คลองขุด', 59, 737),
(5924, 'ควนขัน', 59, 736),
(5925, 'บ้านควน', 59, 736),
(5926, 'ฉลุง', 59, 736),
(5927, 'เกาะสาหร่าย', 59, 736),
(5928, 'ตันหยงโป', 59, 736),
(5929, 'เจ๊ะบิลัง', 59, 736),
(5930, 'ตำมะลัง', 59, 736),
(5931, 'ปูยู', 59, 736),
(5932, 'ควนโพธิ์', 59, 736),
(5933, 'เกตรี', 59, 736),
(5934, 'ควนโดน', 59, 737),
(5935, 'ควนสตอ', 59, 737),
(5936, 'ย่านซื่อ', 59, 737),
(5937, 'วังประจัน', 59, 737),
(5938, 'ทุ่งนุ้ย', 59, 738),
(5939, 'ควนกาหลง', 59, 738),
(5940, 'อุใดเจริญ', 59, 738),
(5941, 'ท่าแพ', 59, 739),
(5942, 'แป-ระ', 59, 739),
(5943, 'สาคร', 59, 739),
(5944, 'ท่าเรือ', 59, 739),
(5945, 'กำแพง', 59, 740),
(5946, 'ละงู', 59, 740),
(5947, 'เขาขาว', 59, 740),
(5948, 'ปากน้ำ', 59, 740),
(5949, 'น้ำผุด', 59, 740),
(5950, 'แหลมสน', 59, 740),
(5951, 'ทุ่งหว้า', 59, 741),
(5952, 'นาทอน', 59, 741),
(5953, 'ขอนคลาน', 59, 741),
(5954, 'ทุ่งบุหลัง', 59, 741),
(5955, 'ป่าแก่บ่อหิน', 59, 741),
(5956, 'ปาล์มพัฒนา', 59, 742),
(5957, 'นิคมพัฒนา', 59, 742),
(5958, 'ปากน้ำ', 60, 743),
(5959, 'สำโรงเหนือ', 60, 743),
(5960, 'บางเมือง', 60, 743),
(5961, 'ท้ายบ้าน', 60, 743),
(5962, 'บางปูใหม่', 60, 743),
(5963, 'แพรกษา', 60, 743),
(5964, 'บางโปรง', 60, 743),
(5965, 'บางปู', 60, 743),
(5966, 'บางด้วน', 60, 743),
(5967, 'บางเมืองใหม่', 60, 743),
(5968, 'เทพารักษ์', 60, 743),
(5969, 'ท้ายบ้านใหม่', 60, 743),
(5970, 'แพรกษาใหม่', 60, 743),
(5971, 'บางบ่อ', 60, 744),
(5972, 'บ้านระกาศ', 60, 744),
(5973, 'บางพลีน้อย', 60, 744),
(5974, 'บางเพรียง', 60, 744),
(5975, 'คลองด่าน', 60, 744),
(5976, 'คลองสวน', 60, 744),
(5977, 'เปร็ง', 60, 744),
(5978, 'คลองนิยมยาตรา', 60, 744),
(5979, 'บางพลีใหญ่', 60, 745),
(5980, 'บางแก้ว', 60, 745),
(5981, 'บางปลา', 60, 745),
(5982, 'บางโฉลง', 60, 745),
(5983, 'ราชาเทวะ', 60, 745),
(5984, 'หนองปรือ', 60, 745),
(5985, 'ตลาด', 60, 746),
(5986, 'บางพึ่ง', 60, 746),
(5987, 'บางจาก', 60, 746),
(5988, 'บางครุ', 60, 746),
(5989, 'บางหญ้าแพรก', 60, 746),
(5990, 'บางหัวเสือ', 60, 746),
(5991, 'สำโรงใต้', 60, 746),
(5992, 'บางยอ', 60, 746),
(5993, 'บางกะเจ้า', 60, 746),
(5994, 'บางน้ำผึ้ง', 60, 746),
(5995, 'บางกระสอบ', 60, 746),
(5996, 'บางกอบัว', 60, 746),
(5997, 'ทรงคนอง', 60, 746),
(5998, 'สำโรง', 60, 746),
(5999, 'สำโรงกลาง', 60, 746),
(6000, 'นาเกลือ', 60, 747),
(6001, 'บ้านคลองสวน', 60, 747),
(6002, 'แหลมฟ้าผ่า', 60, 747),
(6003, 'ปากคลองบางปลากด', 60, 747),
(6004, 'ในคลองบางปลากด', 60, 747),
(6005, 'บางเสาธง', 60, 748),
(6006, 'ศีรษะจรเข้น้อย', 60, 748),
(6007, 'ศีรษะจรเข้ใหญ่', 60, 748),
(6008, 'แม่กลอง', 61, 749),
(6009, 'บางขันแตก', 61, 749),
(6010, 'ลาดใหญ่', 61, 749),
(6011, 'บ้านปรก', 61, 749),
(6012, 'บางแก้ว', 61, 749),
(6013, 'ท้ายหาด', 61, 749),
(6014, 'แหลมใหญ่', 61, 749),
(6015, 'คลองเขิน', 61, 749),
(6016, 'คลองโคน', 61, 749),
(6017, 'นางตะเคียน', 61, 749),
(6018, 'บางจะเกร็ง', 61, 749),
(6019, 'กระดังงา', 61, 750),
(6020, 'บางสะแก', 61, 750),
(6021, 'บางยี่รงค์', 61, 750),
(6022, 'โรงหีบ', 61, 750),
(6023, 'บางคนที', 61, 750),
(6024, 'ดอนมะโนรา', 61, 750),
(6025, 'บางพรม', 61, 750),
(6026, 'บางกุ้ง', 61, 750),
(6027, 'จอมปลวก', 61, 750),
(6028, 'บางนกแขวก', 61, 750),
(6029, 'ยายแพง', 61, 750),
(6030, 'บางกระบือ', 61, 750),
(6031, 'บ้านปราโมทย์', 61, 750),
(6032, 'อัมพวา', 61, 751),
(6033, 'สวนหลวง', 61, 751),
(6034, 'ท่าคา', 61, 751),
(6035, 'วัดประดู่', 61, 751),
(6036, 'เหมืองใหม่', 61, 751),
(6037, 'บางช้าง', 61, 751),
(6038, 'แควอ้อม', 61, 751),
(6039, 'ปลายโพงพาง', 61, 751),
(6040, 'บางแค', 61, 751),
(6041, 'แพรกหนามแดง', 61, 751),
(6042, 'ยี่สาร', 61, 751),
(6043, 'บางนางลี่', 61, 751),
(6044, 'มหาชัย', 62, 752),
(6045, 'ท่าฉลอม', 62, 752),
(6046, 'โกรกกราก', 62, 752),
(6047, 'บ้านบ่อ', 62, 752),
(6048, 'บางโทรัด', 62, 752),
(6049, 'กาหลง', 62, 752),
(6050, 'นาโคก', 62, 752),
(6051, 'ท่าจีน', 62, 752),
(6052, 'นาดี', 62, 752),
(6053, 'ท่าทราย', 62, 752),
(6054, 'คอกกระบือ', 62, 752),
(6055, 'บางน้ำจืด', 62, 752),
(6056, 'พันท้ายนรสิงห์', 62, 752),
(6057, 'โคกขาม', 62, 752),
(6058, 'บ้านเกาะ', 62, 752),
(6059, 'บางกระเจ้า', 62, 752),
(6060, 'บางหญ้าแพรก', 62, 752),
(6061, 'ชัยมงคล', 62, 752),
(6062, 'ตลาดกระทุ่มแบน', 62, 753),
(6063, 'อ้อมน้อย', 62, 753),
(6064, 'ท่าไม้', 62, 753),
(6065, 'สวนหลวง', 62, 753),
(6066, 'บางยาง', 62, 753),
(6067, 'คลองมะเดื่อ', 62, 753),
(6068, 'หนองนกไข่', 62, 753),
(6069, 'ดอนไก่ดี', 62, 753),
(6070, 'แคราย', 62, 753),
(6071, 'ท่าเสา', 62, 753),
(6072, 'บ้านแพ้ว', 62, 754),
(6073, 'หลักสาม', 62, 754),
(6074, 'ยกกระบัตร', 62, 754),
(6075, 'โรงเข้', 62, 754),
(6076, 'หนองสองห้อง', 62, 754),
(6077, 'หนองบัว', 62, 754),
(6078, 'หลักสอง', 62, 754),
(6079, 'เจ็ดริ้ว', 62, 754),
(6080, 'คลองตัน', 62, 754),
(6081, 'อำแพง', 62, 754),
(6082, 'สวนส้ม', 62, 754),
(6083, 'เกษตรพัฒนา', 62, 754),
(6084, 'สระแก้ว', 63, 755),
(6085, 'บ้านแก้ง', 63, 755),
(6086, 'ศาลาลำดวน', 63, 755),
(6087, 'โคกปี่ฆ้อง', 63, 755),
(6088, 'ท่าแยก', 63, 755),
(6089, 'ท่าเกษม', 63, 755),
(6090, 'สระขวัญ', 63, 755),
(6091, 'หนองบอน', 63, 755),
(6092, 'คลองหาด', 63, 756),
(6093, 'ไทยอุดม', 63, 756),
(6094, 'ซับมะกรูด', 63, 756),
(6095, 'ไทรเดี่ยว', 63, 756),
(6096, 'คลองไก่เถื่อน', 63, 756),
(6097, 'เบญจขร', 63, 756),
(6098, 'ไทรทอง', 63, 756),
(6099, 'ตาพระยา', 63, 757),
(6100, 'ทัพเสด็จ', 63, 757),
(6101, 'ทัพราช', 63, 757),
(6102, 'ทัพไทย', 63, 757),
(6103, 'โคคลาน', 63, 757),
(6104, 'วังน้ำเย็น', 63, 758),
(6105, 'ตาหลังใน', 63, 758),
(6106, 'คลองหินปูน', 63, 758),
(6107, 'ทุ่งมหาเจริญ', 63, 758),
(6108, 'วัฒนานคร', 63, 759),
(6109, 'ท่าเกวียน', 63, 759),
(6110, 'ผักขะ', 63, 759),
(6111, 'โนนหมากเค็ง', 63, 759),
(6112, 'หนองน้ำใส', 63, 759),
(6113, 'ช่องกุ่ม', 63, 759),
(6114, 'หนองแวง', 63, 759),
(6115, 'แซร์ออ', 63, 759),
(6116, 'หนองหมากฝ้าย', 63, 759),
(6117, 'หนองตะเคียนบอน', 63, 759),
(6118, 'ห้วยโจด', 63, 759),
(6119, 'อรัญประเทศ', 63, 760),
(6120, 'เมืองไผ่', 63, 760),
(6121, 'หันทราย', 63, 760),
(6122, 'คลองน้ำใส', 63, 760),
(6123, 'ท่าข้าม', 63, 760),
(6124, 'ป่าไร่', 63, 760),
(6125, 'ทับพริก', 63, 760),
(6126, 'บ้านใหม่หนองไทร', 63, 760),
(6127, 'ผ่านศึก', 63, 760),
(6128, 'หนองสังข์', 63, 760),
(6129, 'คลองทับจันทร์', 63, 760),
(6130, 'ฟากห้วย', 63, 760),
(6131, 'บ้านด่าน', 63, 760),
(6132, 'เขาฉกรรจ์', 63, 761),
(6133, 'หนองหว้า', 63, 761),
(6134, 'พระเพลิง', 63, 761),
(6135, 'เขาสามสิบ', 63, 761),
(6136, 'โคกสูง', 63, 762),
(6137, 'หนองม่วง', 63, 762),
(6138, 'หนองแวง', 63, 762),
(6139, 'โนนหมากมุ่น', 63, 762),
(6140, 'วังสมบูรณ์', 63, 763),
(6141, 'วังใหม่', 63, 763),
(6142, 'วังทอง', 63, 763),
(6143, 'ปากเพรียว', 64, 764),
(6144, 'ดาวเรือง', 64, 764),
(6145, 'นาโฉง', 64, 764),
(6146, 'โคกสว่าง', 64, 764),
(6147, 'หนองโน', 64, 764),
(6148, 'หนองยาว', 64, 764),
(6149, 'ปากข้าวสาร', 64, 764),
(6150, 'หนองปลาไหล', 64, 764),
(6151, 'กุดนกเปล้า', 64, 764),
(6152, 'ตลิ่งชัน', 64, 764),
(6153, 'ตะกุด', 64, 764),
(6154, 'แก่งคอย', 64, 765),
(6155, 'ทับกวาง', 64, 765),
(6156, 'ตาลเดี่ยว', 64, 765),
(6157, 'ห้วยแห้ง', 64, 765),
(6158, 'ท่าคล้อ', 64, 765),
(6159, 'หินซ้อน', 64, 765),
(6160, 'บ้านธาตุ', 64, 765),
(6161, 'บ้านป่า', 64, 765),
(6162, 'ท่าตูม', 64, 765),
(6163, 'ชะอม', 64, 765),
(6164, 'สองคอน', 64, 765),
(6165, 'เตาปูน', 64, 765),
(6166, 'ชำผักแพว', 64, 765),
(6167, 'ท่ามะปราง', 64, 765),
(6168, 'หนองแค', 64, 766),
(6169, 'กุ่มหัก', 64, 766),
(6170, 'คชสิทธิ์', 64, 766),
(6171, 'โคกตูม', 64, 766),
(6172, 'โคกแย้', 64, 766),
(6173, 'บัวลอย', 64, 766),
(6174, 'ไผ่ต่ำ', 64, 766),
(6175, 'โพนทอง', 64, 766),
(6176, 'ห้วยขมิ้น', 64, 766),
(6177, 'ห้วยทราย', 64, 766),
(6178, 'หนองไข่น้ำ', 64, 766),
(6179, 'หนองแขม', 64, 766),
(6180, 'หนองจิก', 64, 766),
(6181, 'หนองจรเข้', 64, 766),
(6182, 'หนองนาก', 64, 766),
(6183, 'หนองปลาหมอ', 64, 766),
(6184, 'หนองปลิง', 64, 766),
(6185, 'หนองปลิง', 64, 766),
(6186, 'หนองหมู', 64, 767),
(6187, 'บ้านลำ', 64, 767),
(6188, 'คลองเรือ', 64, 767),
(6189, 'วิหารแดง', 64, 767),
(6190, 'หนองสรวง', 64, 767),
(6191, 'เจริญธรรม', 64, 767),
(6192, 'หนองแซง', 64, 768),
(6193, 'หนองควายโซ', 64, 768),
(6194, 'หนองหัวโพ', 64, 768),
(6195, 'หนองสีดา', 64, 768),
(6196, 'หนองกบ', 64, 768),
(6197, 'ไก่เส่า', 64, 768),
(6198, 'โคกสะอาด', 64, 768),
(6199, 'ม่วงหวาน', 64, 768),
(6200, 'เขาดิน', 64, 768),
(6201, 'บ้านหมอ', 64, 769),
(6202, 'บางโขมด', 64, 769),
(6203, 'สร่างโศก', 64, 769),
(6204, 'ตลาดน้อย', 64, 769),
(6205, 'หรเทพ', 64, 769),
(6206, 'โคกใหญ่', 64, 769),
(6207, 'ไผ่ขวาง', 64, 769),
(6208, 'บ้านครัว', 64, 769),
(6209, 'หนองบัว', 46, 769),
(6210, 'ดอนพุด', 64, 770),
(6211, 'ไผ่หลิ่ว', 64, 770),
(6212, 'บ้านหลวง', 64, 770),
(6213, 'ดงตะงาว', 64, 770),
(6214, 'หนองโดน', 64, 771),
(6215, 'บ้านกลับ', 64, 771),
(6216, 'ดอนทอง', 64, 771),
(6217, 'บ้านโปร่ง', 64, 771),
(6218, 'พระพุทธบาท', 64, 772),
(6219, 'ขุนโขลน', 64, 772),
(6220, 'ธารเกษม', 64, 772),
(6221, 'นายาว', 64, 772),
(6222, 'พุคำจาน', 64, 772),
(6223, 'เขาวง', 64, 772),
(6224, 'ห้วยป่าหวาย', 64, 772),
(6225, 'พุกร่าง', 64, 772),
(6226, 'หนองแก', 64, 772),
(6227, 'เสาไห้', 64, 773),
(6228, 'บ้านยาง', 64, 773),
(6229, 'หัวปลวก', 64, 773),
(6230, 'งิ้วงาม', 64, 773),
(6231, 'ศาลารีไทย', 64, 773),
(6232, 'ต้นตาล', 64, 773),
(6233, 'ท่าช้าง', 64, 773),
(6234, 'พระยาทด', 64, 773),
(6235, 'ม่วงงาม', 64, 773),
(6236, 'เริงราง', 64, 773),
(6237, 'เมืองเก่า', 64, 773),
(6238, 'สวนดอกไม้', 64, 773),
(6239, 'มวกเหล็ก', 64, 774),
(6240, 'มิตรภาพ', 64, 774),
(6241, 'หนองย่างเสือ', 64, 774),
(6242, 'ลำสมพุง', 64, 774),
(6243, 'ลำพญากลาง', 64, 774),
(6244, 'ซับสนุ่น', 64, 774),
(6245, 'แสลงพัน', 64, 775),
(6246, 'คำพราน', 64, 775),
(6247, 'วังม่วง', 64, 775),
(6248, 'เขาดินพัฒนา', 64, 776),
(6249, 'บ้านแก้ง', 64, 776),
(6250, 'ผึ้งรวง', 64, 776),
(6251, 'พุแค', 64, 776),
(6252, 'ห้วยบง', 64, 776),
(6253, 'หน้าพระลาน', 64, 776),
(6254, 'บางพุทรา', 65, 777),
(6255, 'บางมัญ', 65, 777),
(6256, 'โพกรวม', 65, 777),
(6257, 'ม่วงหมู่', 65, 777),
(6258, 'หัวไผ่', 65, 777),
(6259, 'ต้นโพธิ์', 65, 777),
(6260, 'จักรสีห์', 65, 777),
(6261, 'บางกระบือ', 65, 777),
(6262, 'สิงห์', 65, 778),
(6263, 'ไม้ดัด', 65, 778),
(6264, 'เชิงกลัด', 65, 778),
(6265, 'โพชนไก่', 65, 778),
(6266, 'แม่ลา', 65, 778),
(6267, 'บ้านจ่า', 65, 778),
(6268, 'พักทัน', 65, 778),
(6269, 'สระแจง', 65, 778),
(6270, 'โพทะเล', 65, 779),
(6271, 'บางระจัน', 65, 779),
(6272, 'โพสังโฆ', 65, 779),
(6273, 'ท่าข้าม', 65, 779),
(6274, 'คอทราย', 65, 779),
(6275, 'หนองกระทุ่ม', 65, 779),
(6276, 'พระงาม', 65, 780),
(6277, 'พรหมบุรี', 65, 780),
(6278, 'บางน้ำเชี่ยว', 65, 780),
(6279, 'บ้านหม้อ', 65, 780),
(6280, 'บ้านแป้ง', 65, 780),
(6281, 'หัวป่า', 65, 780),
(6282, 'โรงช้าง', 65, 780),
(6283, 'ถอนสมอ', 65, 781),
(6284, 'โพประจักษ์', 65, 781),
(6285, 'วิหารขาว', 65, 781),
(6286, 'พิกุลทอง', 65, 781),
(6287, 'อินทร์บุรี', 65, 782),
(6288, 'ประศุก', 65, 782),
(6289, 'ทับยา', 65, 782),
(6290, 'งิ้วราย', 65, 782),
(6291, 'ชีน้ำร้าย', 65, 782),
(6292, 'ท่างาม', 65, 782),
(6293, 'น้ำตาล', 65, 782),
(6294, 'ทองเอน', 65, 782),
(6295, 'ห้วยชัน', 65, 782),
(6296, 'โพธิ์ชัย', 65, 782),
(6297, 'ธานี', 66, 783),
(6298, 'บ้านสวน', 66, 783),
(6299, 'เมืองเก่า', 66, 783),
(6300, 'ปากแคว', 6, 783),
(6301, 'ยางซ้าย', 66, 783),
(6302, 'บ้านกล้วย', 66, 783),
(6303, 'บ้านหลุม', 66, 783),
(6304, 'ตาลเตี้ย', 67, 783),
(6305, 'ปากพระ', 66, 783),
(6306, 'วังทองแดง', 66, 783),
(6307, 'ลานหอย', 66, 784),
(6308, 'บ้านด่าน', 66, 784),
(6309, 'วังตะคร้อ', 66, 784),
(6310, 'วังน้ำขาว', 66, 784),
(6311, 'ตลิ่งชัน', 66, 784),
(6312, 'หนองหญ้าปล้อง', 66, 784),
(6313, 'วังลึก', 66, 784),
(6314, 'โตนด', 66, 785),
(6315, 'ทุ่งหลวง', 66, 785),
(6316, 'บ้านป้อม', 66, 785),
(6317, 'สามพวง', 66, 785),
(6318, 'ศรีคีรีมาศ', 66, 785),
(6319, 'หนองจิก', 66, 785),
(6320, 'นาเชิงคีรี', 66, 785),
(6321, 'หนองกระดิ่ง', 66, 785),
(6322, 'บ้านน้ำพุ', 66, 785),
(6323, 'ทุ่งยางเมือง', 66, 785),
(6324, 'กง', 66, 786),
(6325, 'บ้านกร่าง', 66, 786),
(6326, 'ไกรนอก', 66, 786),
(6327, 'ไกรกลาง', 66, 786),
(6328, 'ไกรใน', 66, 786),
(6329, 'ดงเดือย', 66, 786),
(6330, 'ป่าแฝก', 66, 786),
(6331, 'กกแรต', 66, 786),
(6332, 'ท่าฉนวน', 66, 786),
(6333, 'หนองตูม', 66, 786),
(6334, 'บ้านใหม่สุขเกษม', 66, 786),
(6335, 'หาดเสี้ยว', 66, 787),
(6336, 'ป่างิ้ว', 66, 787),
(6337, 'แม่สำ', 66, 787),
(6338, 'แม่สิน', 66, 787),
(6339, 'บ้านตึก', 66, 787),
(6340, 'หนองอ้อ', 66, 787),
(6341, 'ท่าชัย', 66, 787),
(6342, 'ศรีสัชนาลัย', 66, 787),
(6343, 'ดงคู่', 66, 787),
(6344, 'บ้านแก่ง', 66, 787),
(6345, 'สารจิตร', 66, 787),
(6346, 'คลองตาล', 66, 788),
(6347, 'วังลึก', 66, 788),
(6348, 'สามเรือน', 66, 788),
(6349, 'บ้านนา', 66, 788),
(6350, 'วังทอง', 66, 788),
(6351, 'นาขุนไกร', 66, 788),
(6352, 'เกาะตาเลี้ยง', 66, 788),
(6353, 'วัดเกาะ', 66, 788),
(6354, 'บ้านไร่', 66, 788),
(6355, 'ทับผึ้ง', 66, 788),
(6356, 'บ้านซ่าน', 66, 788),
(6357, 'วังใหญ่', 66, 788),
(6358, 'ราวต้นจันทร์', 66, 788),
(6359, 'เมืองสวรรคโลก', 66, 789),
(6360, 'ในเมือง', 66, 789),
(6361, 'คลองกระจง', 66, 789),
(6362, 'วังพิณพาทย์', 66, 789),
(6363, 'วังไม้ขอน', 66, 789),
(6364, 'ย่านยาว', 67, 789),
(6365, 'นาทุ่ง', 66, 789),
(6366, 'คลองยาง', 66, 789),
(6367, 'เมืองบางยม', 66, 789),
(6368, 'ท่าทอง', 66, 789),
(6369, 'ปากน้ำ', 66, 789),
(6370, 'ป่ากุมเกาะ', 66, 789),
(6371, 'เมืองบางขลัง', 66, 789),
(6372, 'หนองกลับ', 66, 789),
(6373, 'ศรีนคร', 66, 790),
(6374, 'นครเดิฐ', 66, 790),
(6375, 'น้ำขุม', 66, 790),
(6376, 'คลองมะพลับ', 66, 790),
(6377, 'หนองบัว', 66, 790),
(6378, 'บ้านใหม่ไชยมงคล', 66, 791),
(6379, 'ไทยชนะศึก', 66, 791),
(6380, 'ทุ่งเสลี่ยม', 66, 791),
(6381, 'กลางดง', 66, 791),
(6382, 'เขาแก้วศรีสมบูรณ์', 66, 791),
(6383, 'ท่าพี่เลี้ยง', 67, 792),
(6384, 'รั้วใหญ่', 67, 792),
(6385, 'ทับตีเหล็ก', 67, 792),
(6386, 'ท่าระหัด', 67, 792),
(6387, 'ไผ่ขวาง', 67, 792),
(6388, 'โคกโคเฒ่า', 67, 792),
(6389, 'ดอนตาล', 67, 792),
(6390, 'ดอนมะสังข์', 67, 792),
(6391, 'พิหารแดง', 67, 792),
(6392, 'ดอนกำยาน', 67, 792),
(6393, 'ดอนโพธิ์ทอง', 67, 792),
(6394, 'บ้านโพธิ์', 67, 792),
(6395, 'สระแก้ว', 67, 792),
(6396, 'ตลิ่งชัน', 67, 792),
(6397, 'บางกุ้ง', 67, 792),
(6398, 'ศาลาขาว', 67, 792),
(6399, 'สวนแตง', 67, 792),
(6400, 'สนามชัย', 67, 792),
(6401, 'โพธิ์พระยา', 67, 792),
(6402, 'สนามคลี', 67, 792),
(6403, 'เขาพระ', 67, 793),
(6404, 'เดิมบาง', 67, 793),
(6405, 'นางบวช', 67, 793),
(6406, 'เขาดิน', 67, 793),
(6407, 'ปากน้ำ', 67, 793),
(6408, 'ทุ่งคลี', 67, 793),
(6409, 'โคกช้าง', 67, 793),
(6410, 'หัวเขา', 67, 793),
(6411, 'หัวนา', 67, 793),
(6412, 'บ่อกรุ', 67, 793),
(6413, 'วังศรีราช', 67, 793),
(6414, 'ป่าสะแก', 67, 793),
(6415, 'ยางนอน', 67, 793),
(6416, 'หนองกระทุ่ม', 67, 793),
(6417, 'หนองมะค่าโมง', 67, 794),
(6418, 'ด่านช้าง', 67, 794),
(6419, 'ห้วยขมิ้น', 67, 794),
(6420, 'องค์พระ', 67, 794),
(6421, 'วังคัน', 67, 794),
(6422, 'นิคมกระเสียว', 67, 794),
(6423, 'วังยาว', 67, 794),
(6424, 'โคกคราม', 67, 795),
(6425, 'บางปลาม้า', 67, 795),
(6426, 'ตะค่า', 67, 795),
(6427, 'บางใหญ่', 67, 795),
(6428, 'กฤษณา', 67, 795),
(6429, 'สาลี', 67, 795),
(6430, 'ไผ่กองดิน', 67, 795),
(6431, 'องครักษ์', 67, 795),
(6432, 'จรเข้ใหญ่', 67, 795),
(6433, 'บ้านแหลม', 67, 795),
(6434, 'มะขามล้ม', 67, 795),
(6435, 'วังน้ำเย็น', 67, 795),
(6436, 'วัดโบสถ์', 67, 795),
(6437, 'วัดดาว', 67, 795),
(6438, 'ศรีประจันต์		', 67, 796),
(6439, 'บ้านกร่าง', 67, 796),
(6440, 'มดแดง', 67, 796),
(6441, 'บางงาม', 67, 796),
(6442, 'ดอนปรู', 67, 796),
(6443, 'ปลายนา', 67, 796),
(6444, 'วังหว้า', 67, 796),
(6445, 'วังน้ำซับ', 67, 796),
(6446, 'วังยาง', 67, 796),
(6447, 'ดอนเจดีย์', 67, 797),
(6448, 'หนองสาหร่าย', 67, 797),
(6449, 'ไร่รถ', 67, 797),
(6450, 'สระกระโจม', 67, 797),
(6451, 'ทะเลบก', 67, 797),
(6452, 'สองพี่น้อง', 67, 798),
(6453, 'บางเลน', 67, 798),
(6454, 'บางตาเถร', 67, 798),
(6455, 'บางตะเคียน', 67, 798),
(6456, 'บ้านกุ่ม', 67, 798),
(6457, 'หัวโพธิ์', 67, 798),
(6458, 'บางพลับ', 67, 798),
(6459, 'เนินพระปรางค์		', 67, 798),
(6460, 'บ้านช้าง', 67, 798),
(6461, 'ต้นตาล', 67, 798),
(6462, 'ศรีสำราญ', 67, 798),
(6463, 'ทุ่งคอก', 67, 798),
(6464, 'หนองบ่อ', 67, 798),
(6465, 'บ่อสุพรรณ', 67, 798),
(6466, 'ดอนมะนาว', 67, 798),
(6467, 'ย่านยาว', 67, 799),
(6468, 'วังลึก', 67, 799),
(6469, 'สามชุก', 67, 799),
(6470, 'หนองผักนาก', 67, 799),
(6471, 'บ้านสระ', 67, 799),
(6472, 'หนองสะเดา', 67, 799),
(6473, 'กระเสียว', 67, 799),
(6474, 'อู่ทอง', 67, 800),
(6475, 'สระยายโสม', 67, 800),
(6476, 'จรเข้สามพัน', 67, 800),
(6477, 'บ้านดอน', 67, 800),
(6478, 'ยุ้งทะลาย', 67, 800),
(6479, 'ดอนมะเกลือ', 67, 800),
(6480, 'หนองโอ่ง', 67, 800),
(6481, 'ดอนคา', 67, 800),
(6482, 'พลับพลาไชย', 67, 800),
(6483, 'บ้านโข้ง', 67, 800),
(6484, 'เจดีย์', 67, 800),
(6485, 'สระพังลาน', 67, 800),
(6486, 'กระจัน', 67, 800),
(6487, 'หนองหญ้าไซ', 67, 801),
(6488, 'หนองราชวัตร', 67, 801),
(6489, 'หนองโพธิ์', 67, 801),
(6490, 'แจงงาม', 67, 801),
(6491, 'หนองขาม', 67, 801),
(6492, 'ทัพหลวง', 67, 801),
(6493, 'ตลาด', 68, 802),
(6494, 'มะขามเตี้ย', 68, 802),
(6495, 'วัดประดู่', 68, 802),
(6496, 'ขุนทะเล', 68, 802),
(6497, 'บางใบไม้', 68, 802),
(6498, 'บางชนะ', 68, 802),
(6499, 'คลองน้อย', 68, 802),
(6500, 'บางไทร', 68, 802),
(6501, 'บางโพธิ์', 68, 802),
(6502, 'บางกุ้ง', 68, 802),
(6503, 'คลองฉนาก', 68, 802),
(6504, 'ท่าทอง', 68, 803),
(6505, 'ท่าทองใหม่', 68, 803),
(6506, 'กะแดะ', 68, 803),
(6507, 'ทุ่งกง', 68, 803),
(6508, 'กรูด', 68, 803),
(6509, 'ช้างซ้าย', 68, 803),
(6510, 'พลายวาส', 68, 803),
(6511, 'ป่าร่อน', 68, 803),
(6512, 'ตะเคียนทอง', 68, 803),
(6513, 'ช้างขวา', 68, 803),
(6514, 'ท่าอุแท', 68, 803),
(6515, 'ทุ่งรัง', 68, 803),
(6516, 'คลองสระ', 68, 803),
(6517, 'ดอนสัก', 68, 804),
(6518, 'ชลคราม', 68, 804),
(6519, 'ไชยคราม', 68, 804),
(6520, 'ปากแพรก', 68, 804),
(6521, 'อ่างทอง', 68, 805),
(6522, 'ลิปะน้อย', 68, 805),
(6523, 'ตลิ่งงาม', 68, 805),
(6524, 'หน้าเมือง', 68, 805),
(6525, 'มะเร็ต', 68, 805),
(6526, 'บ่อผุด', 68, 805),
(6527, 'แม่น้ำ', 68, 805),
(6528, 'เกาะพะงัน', 68, 806),
(6529, 'บ้านใต้', 68, 806),
(6530, 'เกาะเต่า', 68, 806),
(6531, 'ตลาดไชยา', 68, 807),
(6532, 'พุมเรียง', 68, 807),
(6533, 'เลม็ด', 68, 807),
(6534, 'เวียง', 68, 807),
(6535, 'ทุ่ง', 68, 807),
(6536, 'ป่าเว', 68, 807),
(6537, 'ตะกรบ', 68, 807),
(6538, 'โมถ่าย', 68, 807),
(6539, 'ปากหมาก', 68, 807),
(6540, 'ท่าชนะ', 68, 808),
(6541, 'สมอทอง', 68, 808),
(6542, 'ประสงค์', 68, 808),
(6543, 'คันธุลี', 68, 808),
(6544, 'วัง', 68, 808),
(6545, 'คลองพา', 68, 808),
(6546, 'ท่าขนอน', 68, 809),
(6547, 'บ้านยาง', 68, 809),
(6548, 'น้ำหัก', 68, 809),
(6549, 'กะเปา', 68, 809),
(6550, 'ท่ากระดาน', 68, 809),
(6551, 'ย่านยาว', 68, 809),
(6552, 'ถ้ำสิงขร', 68, 809),
(6553, 'บ้านทำเนียบ', 68, 809),
(6554, 'เขาวง', 68, 810),
(6555, 'พะแสง', 68, 810),
(6556, 'พรุไทย', 68, 810),
(6557, 'เขาพัง', 68, 810),
(6558, 'พนม', 68, 811),
(6559, 'ต้นยวน', 68, 811),
(6560, 'คลองศก', 68, 811),
(6561, 'พลูเถื่อน', 68, 811),
(6562, 'พังกาญจน์', 68, 811),
(6563, 'คลองชะอุ่น', 68, 811),
(6564, 'ท่าฉาง', 68, 812),
(6565, 'ท่าเคย', 68, 812),
(6566, 'คลองไทร', 68, 812),
(6567, 'เขาถ่าน', 68, 812),
(6568, 'เสวียด', 68, 812),
(6569, 'ปากฉลุย', 68, 812),
(6570, 'นาสาร', 68, 813),
(6571, 'พรุพี', 68, 813),
(6572, 'ทุ่งเตา', 68, 813),
(6573, 'ลำพูน', 68, 813),
(6574, 'ท่าชี', 68, 813),
(6575, 'ควนศรี', 68, 813),
(6576, 'ควนสุบรรณ', 68, 813),
(6577, 'คลองปราบ', 68, 813),
(6578, 'น้ำพุ', 68, 813),
(6579, 'ทุ่งเตาใหม่', 68, 813),
(6580, 'เพิ่มพูนทรัพย์', 68, 813),
(6581, 'บ้านนา', 68, 814),
(6582, 'ท่าเรือ', 68, 814),
(6583, 'ทรัพย์ทวี', 68, 814),
(6584, 'นาใต้', 68, 814),
(6585, 'เคียนซา', 68, 815),
(6586, 'พ่วงพรมคร', 68, 815),
(6587, 'เขาตอก', 68, 815),
(6588, 'อรัญคามวารี', 68, 815),
(6589, 'บ้านเสด็จ', 68, 815),
(6590, 'เวียงสระ', 68, 816),
(6591, 'บ้านส้อง', 68, 816),
(6592, 'คลองฉนวน', 68, 816),
(6593, 'ทุ่งหลวง', 68, 816),
(6594, 'เขานิพันธ์', 68, 816),
(6595, 'อิปัน', 68, 817),
(6596, 'สินปุน', 68, 817),
(6597, 'บางสวรรค์', 68, 817),
(6598, 'ไทรขึง', 68, 817),
(6599, 'สินเจริญ', 68, 817),
(6600, 'ไทรโสภา', 68, 817),
(6601, 'สาคู', 68, 817),
(6602, 'ท่าข้าม', 68, 818),
(6603, 'ท่าสะท้อน', 68, 818),
(6604, 'ลีเล็ด', 68, 818),
(6605, 'บางมะเดื่อ', 68, 818),
(6606, 'บางเดือน', 68, 818),
(6607, 'ท่าโรงช้าง', 68, 818),
(6608, 'กรูด', 68, 818),
(6609, 'พุนพิน', 68, 818),
(6610, 'บางงอน', 68, 818),
(6611, 'ศรีวิชัย', 68, 818),
(6612, 'น้ำรอบ', 68, 818),
(6613, 'มะลวน', 68, 818),
(6614, 'หัวเตย', 68, 818),
(6615, 'หนองไทร', 68, 818),
(6616, 'เขาหัวควาย', 68, 818),
(6617, 'ตะปาน', 68, 818),
(6618, 'สองแพรก', 68, 819),
(6619, 'ชัยบุรี', 68, 819),
(6620, 'คลองน้อย', 68, 819),
(6621, 'ไทรทอง', 68, 819),
(6622, 'ตะกุกใต้', 68, 820),
(6623, 'ตะกุกเหนือ', 68, 820),
(6624, 'ในเมือง', 69, 821),
(6625, 'ตั้งใจ', 69, 821),
(6626, 'เพี้ยราม', 69, 821),
(6627, 'นาดี', 69, 821),
(6628, 'ท่าสว่าง', 69, 821),
(6629, 'สลักได', 69, 821),
(6630, 'ตาอ็อง', 69, 821),
(6631, 'สำโรง', 69, 821),
(6632, 'แกใหญ่', 69, 821),
(6633, 'นอกเมือง', 69, 821),
(6634, 'คอโค', 69, 821),
(6635, 'สวาย', 69, 821),
(6636, 'เฉนียง', 69, 821),
(6637, 'เทนมีย์', 69, 821),
(6638, 'นาบัว', 69, 821),
(6639, 'เมืองที', 69, 821),
(6640, 'ราม', 69, 821),
(6641, 'บุฤๅษี', 69, 821),
(6642, 'ตระแสง', 69, 821),
(6643, 'แสลงพันธ์', 69, 821),
(6644, 'กาเกาะ', 69, 821),
(6645, 'ชุมพลบุรี', 69, 822),
(6646, 'นาหนองไผ่', 69, 822),
(6647, 'ไพรขลา', 69, 822),
(6648, 'ศรีณรงค์', 69, 822),
(6649, 'ยะวึก', 69, 822),
(6650, 'เมืองบัว', 69, 822),
(6651, 'สระขุด', 69, 822),
(6652, 'กระเบื้อง', 69, 822),
(6653, 'หนองเรือ', 69, 822),
(6654, 'ท่าตูม', 69, 823),
(6655, 'กระโพ', 69, 823),
(6656, 'พรมเทพ', 69, 823),
(6657, 'โพนครก', 69, 823),
(6658, 'เมืองแก', 69, 823),
(6659, 'บะ', 69, 823),
(6660, 'หนองบัว', 69, 823),
(6661, 'บัวโคก', 69, 823),
(6662, 'หนองเมธี', 69, 823),
(6663, 'ทุ่งกุลา', 69, 823),
(6664, 'จอมพระ', 69, 824),
(6665, 'เมืองลีง', 69, 824),
(6666, 'กระหาด', 69, 824),
(6667, 'บุแกรง', 69, 824),
(6668, 'หนองสนิท', 69, 824),
(6669, 'บ้านผือ', 69, 824),
(6670, 'ลุ่มระวี', 69, 824),
(6671, 'ชุมแสง', 69, 824),
(6672, 'เป็นสุข', 69, 824),
(6673, 'กังแอน', 69, 825),
(6674, 'ทมอ', 69, 825),
(6675, 'ไพล', 69, 825),
(6676, 'ปรือ', 69, 825),
(6677, 'ทุ่งมน', 69, 825),
(6678, 'ตาเบา', 69, 825),
(6679, 'หนองใหญ่', 69, 825),
(6680, 'โคกยาง', 69, 825),
(6681, 'โคกสะอาด', 69, 825),
(6682, 'บ้านไทร', 69, 825),
(6683, 'โชคนาสาม', 69, 825),
(6684, 'เชื้อเพลิง', 69, 825),
(6685, 'ปราสาททนง', 69, 825),
(6686, 'ตานี', 69, 825),
(6687, 'บ้านพลวง', 69, 825),
(6688, 'กันตวจระมวล', 69, 825),
(6689, 'สมุด', 69, 825),
(6690, 'ประทัดบุ', 69, 825),
(6691, 'กาบเชิง', 69, 826),
(6692, 'คูตัน', 69, 826),
(6693, 'ด่าน', 69, 826),
(6694, 'แนงมุด', 69, 826),
(6695, 'โคกตะเคียน', 69, 826),
(6696, 'ตะเคียน', 69, 826),
(6697, 'รัตนบุรี', 69, 827),
(6698, 'ธาตุ', 69, 827),
(6699, 'แก', 69, 827),
(6700, 'ดอนแรด', 69, 827),
(6701, 'หนองบัวทอง', 69, 827),
(6702, 'หนองบัวบาน', 69, 827),
(6703, 'ไผ่', 69, 827),
(6704, 'เบิด', 69, 827),
(6705, 'น้ำเขียว', 69, 827),
(6706, 'กุดขาคีม', 69, 827),
(6707, 'ยางสว่าง', 69, 827),
(6708, 'ทับใหญ่', 69, 827),
(6709, 'สนม', 69, 828),
(6710, 'โพนโก', 69, 828),
(6711, 'แคน', 69, 828),
(6712, 'หัวงัว', 69, 828),
(6713, 'หนองระฆัง', 69, 828),
(6714, 'หนองอียอ', 69, 828),
(6715, 'นานวน', 69, 828),
(6716, 'ระแงง', 69, 829),
(6717, 'ตรึม', 69, 829),
(6718, 'จารพัต', 69, 829),
(6719, 'ยาง', 69, 829),
(6720, 'แตล', 69, 829),
(6721, 'หนองบัว', 69, 829),
(6722, 'คาละแมะ', 69, 829),
(6723, 'หนองเหล็ก', 69, 829),
(6724, 'หนองขวาว', 69, 829),
(6725, 'ช่างปี่', 69, 829),
(6726, 'กุดหวาย', 69, 829),
(6727, 'ขวาวใหญ่', 69, 829),
(6728, 'นารุ่ง', 69, 829),
(6729, 'ตรมไพร', 69, 829),
(6730, 'ผักไหม', 69, 829),
(6731, 'สังขะ', 69, 830),
(6732, 'ขอนแตก', 69, 830),
(6733, 'ดม', 69, 830),
(6734, 'พระแก้ว', 69, 830),
(6735, 'บ้านจารย์', 69, 830),
(6736, 'กระเทียม', 69, 830),
(6737, 'สะกาด', 69, 830),
(6738, 'ตาตุม', 69, 830),
(6739, 'ทับทัน', 69, 830),
(6740, 'ตาคง', 69, 830),
(6741, 'บ้านชบ', 69, 830),
(6742, 'เทพรักษา', 69, 830),
(6743, 'ลำดวน', 69, 831),
(6744, 'โชคเหนือ', 69, 831),
(6745, 'อู่โลก', 69, 831),
(6746, 'ตรำดม', 69, 831),
(6747, 'ตระเปียงเตีย', 69, 831),
(6748, 'สำโรงทาบ', 69, 832),
(6749, 'หนองไผ่ล้อม', 69, 832),
(6750, 'กระออม', 69, 832),
(6751, 'หนองฮะ', 69, 832),
(6752, 'ศรีสุข', 69, 832),
(6753, 'เกาะแก้ว', 69, 832),
(6754, 'หมื่นศรี', 69, 832),
(6755, 'เสม็จ', 69, 832),
(6756, 'สะโน', 69, 832),
(6757, 'ประดู่', 69, 832),
(6758, 'บัวเชด', 69, 833),
(6759, 'สะเดา', 69, 833),
(6760, 'จรัส', 69, 833),
(6761, 'ตาวัง', 69, 833),
(6762, 'อาโพน', 69, 833),
(6763, 'สำเภาลูน', 69, 833),
(6764, 'บักได', 69, 834),
(6765, 'โคกกลาง', 69, 834),
(6766, 'จีกแดก', 69, 834),
(6767, 'ตาเมียง', 69, 834),
(6768, 'ณรงค์', 69, 835),
(6769, 'แจนแวน', 69, 835),
(6770, 'ตรวจ', 69, 835),
(6771, 'หนองแวง', 69, 835),
(6772, 'ศรีสุข', 69, 835),
(6773, 'เขวาสินรินทร์', 69, 836),
(6774, 'บึง', 69, 836),
(6775, 'ตากูก', 69, 836),
(6776, 'ปราสาททอง', 69, 836),
(6777, 'บ้านแร่', 69, 836),
(6778, 'หนองหลวง', 69, 837),
(6779, 'คำผง', 69, 837),
(6780, 'โนน', 69, 837),
(6781, 'ระเวียง', 69, 837),
(6782, 'หนองเทพ', 69, 837),
(6783, 'ในเมือง', 70, 838),
(6784, 'มีชัย', 70, 838),
(6785, 'โพธิ์ชัย', 70, 838),
(6786, 'กวนวัน', 70, 838),
(6787, 'เวียงคุก', 70, 838),
(6788, 'วัดธาตุ', 70, 838),
(6789, 'หาดคำ', 70, 838),
(6790, 'หินโงม', 70, 838),
(6791, 'บ้านเดื่อ', 70, 838),
(6792, 'ค่ายบกหวาน', 70, 838),
(6793, 'โพนสว่าง', 70, 838),
(6794, 'พระธาตุบังพวน', 70, 838),
(6795, 'หนองกอมเกาะ', 70, 838),
(6796, 'ปะโค', 70, 838),
(6797, 'เมืองหมี', 70, 838),
(6798, 'สีกาย', 70, 838),
(6799, 'ท่าบ่อ', 70, 839),
(6800, 'น้ำโมง', 70, 839),
(6801, 'กองนาง', 70, 839),
(6802, 'โคกคอน', 70, 839),
(6803, 'บ้านเดื่อ', 70, 839),
(6804, 'บ้านถ่อน', 70, 839),
(6805, 'บ้านว่าน', 70, 839),
(6806, 'นาข่า', 70, 839),
(6807, 'โพนสา', 70, 839),
(6808, 'หนองนาง', 70, 839),
(6809, 'จุมพล', 70, 840),
(6810, 'วัดหลวง', 70, 840),
(6811, 'กุดบง', 70, 840),
(6812, 'ชุมช้าง', 70, 840),
(6813, 'ทุ่งหลวง', 70, 840),
(6814, 'เหล่าต่างคำ', 70, 840),
(6815, 'นาหนัง', 70, 840),
(6816, 'เซิม', 70, 840),
(6817, 'บ้านโพธิ์', 70, 840),
(6818, 'บ้านผือ', 70, 840),
(6819, 'สร้างนางขาว', 70, 840),
(6820, 'พานพร้าว', 70, 841),
(6821, 'บ้านหม้อ', 70, 841),
(6822, 'พระพุทธบาท', 70, 841),
(6823, 'หนองปลาปาก', 70, 841),
(6824, 'แก้งไก่', 70, 842),
(6825, 'ผาตั้ง', 70, 842),
(6826, 'บ้านม่วง', 70, 842),
(6827, 'นางิ้ว', 70, 842),
(6828, 'สังคม', 70, 842),
(6829, 'สระใคร', 70, 843),
(6830, 'คอกช้าง', 70, 843),
(6831, 'บ้านฝาง', 70, 843),
(6832, 'เฝ้าไร่', 70, 844),
(6833, 'นาดี', 70, 844),
(6834, 'หนองหลวง', 70, 844),
(6835, 'วังหลวง', 70, 844),
(6836, 'อุดมพร', 70, 844),
(6837, 'รัตนวาปี', 70, 845),
(6838, 'นาทับไฮ', 70, 845),
(6839, 'บ้านต้อน', 70, 845),
(6840, 'พระบาทนาสิงห์', 70, 845),
(6841, 'โพนแพง', 70, 845),
(6842, 'โพธิ์ตาก', 70, 846),
(6843, 'โพนทอง', 70, 846),
(6844, 'ด่านศรีสุข	', 70, 846),
(6845, 'หนองบัว', 71, 847),
(6846, 'หนองภัยศูนย์', 71, 847),
(6847, 'โพธิ์ชัย', 71, 847),
(6848, 'หนองสวรรค์', 71, 847),
(6849, 'หัวนา', 71, 847),
(6850, 'หัวนา', 71, 847),
(6851, 'นามะเฟือง', 71, 847),
(6852, 'บ้านพร้าว', 71, 847),
(6853, 'โนนขมิ้น', 71, 847),
(6854, 'ลำภู', 71, 847),
(6855, 'กุดจิก', 71, 847),
(6856, 'โนนทัน', 71, 847),
(6857, 'นาคำไฮ', 71, 847),
(6858, 'ป่าไม้งาม', 71, 847),
(6859, 'หนองหว้า', 71, 847),
(6860, 'นากลาง', 71, 848),
(6861, 'ด่านช้าง', 71, 848),
(6862, 'กุดแห่', 71, 848),
(6863, 'กุดดินจี่', 71, 848),
(6864, 'ฝั่งแดง', 71, 848),
(6865, 'เก่ากลอย', 71, 848),
(6866, 'โนนเมือง', 71, 848),
(6867, 'อุทัยสวรรค์', 71, 848),
(6868, 'ดงสวรรค์', 71, 848),
(6869, 'โนนสัง', 71, 849),
(6870, 'บ้านถิ่น', 71, 849),
(6871, 'หนองเรือ', 71, 849),
(6872, 'กุดดู่', 71, 849),
(6873, 'บ้านค้อ', 71, 849),
(6874, 'โนนเมือง', 71, 849),
(6875, 'โคกใหญ่', 71, 849),
(6876, 'โคกม่วง', 71, 849),
(6877, 'นิคมพัฒนา', 71, 849),
(6878, 'ปางกู่', 71, 849),
(6879, 'เมืองใหม่', 71, 850),
(6880, 'ศรีบุญเรือง', 71, 850),
(6881, 'หนองบัวใต้', 71, 850),
(6882, 'กุดสะเทียน', 71, 850),
(6883, 'นากอก', 71, 850),
(6884, 'โนนสะอาด', 71, 850),
(6885, 'ยางหล่อ', 71, 850),
(6886, 'โนนม่วง', 71, 850),
(6887, 'หนองกุงแก้ว', 71, 850),
(6888, 'หนองแก', 71, 850),
(6889, 'ทรายทอง', 71, 850),
(6890, 'หันนางาม', 71, 850),
(6891, 'นาสี', 71, 851),
(6892, 'บ้านโคก', 71, 851),
(6893, 'นาดี', 71, 851),
(6894, 'นาด่าน', 71, 851),
(6895, 'นาด่าน', 71, 851),
(6896, 'สุวรรณคูหา', 71, 851),
(6897, 'บุญทัน', 71, 851),
(6898, 'กุดผึ้ง', 71, 851),
(6899, 'นาเหล่า', 71, 852),
(6900, 'นาแก', 71, 852),
(6901, 'วังทอง', 71, 852),
(6902, 'วังปลาป้อม', 71, 852),
(6903, 'เทพคีรี', 71, 852),
(6904, 'ตลาดหลวง', 72, 853),
(6905, 'บางแก้ว', 72, 853),
(6906, 'ศาลาแดง', 72, 853),
(6907, 'ป่างิ้ว', 72, 853),
(6908, 'บ้านแห', 72, 853),
(6909, 'ตลาดกรวด', 72, 853),
(6910, 'มหาดไทย', 72, 853),
(6911, 'บ้านอิฐ', 72, 853),
(6912, 'หัวไผ่', 72, 853),
(6913, 'จำปาหล่อ', 72, 853),
(6914, 'โพสะ', 72, 853),
(6915, 'บ้านรี', 72, 853),
(6916, 'คลองวัว', 72, 853),
(6917, 'ย่านซื่อ', 72, 853),
(6918, 'จรเข้ร้อง', 72, 854),
(6919, 'ไชยภูมิ', 72, 854),
(6920, 'ชัยฤทธิ์', 72, 854),
(6921, 'เทวราช', 72, 854),
(6922, 'ราชสถิตย์', 72, 854),
(6923, 'ไชโย', 72, 854),
(6924, 'หลักฟ้า', 72, 854),
(6925, 'ชะไว', 72, 854),
(6926, 'ตรีณรงค์', 72, 854),
(6927, 'บางปลากด', 72, 855),
(6928, 'ป่าโมก', 72, 855),
(6929, 'สายทอง', 72, 855),
(6930, 'โรงช้าง', 72, 855),
(6931, 'บางเสด็จ', 72, 855),
(6932, 'นรสิงห์', 72, 855),
(6933, 'เอกราช', 72, 855),
(6934, 'โผงเผง', 72, 855),
(6935, 'อ่างแก้ว', 72, 856),
(6936, 'อินทประมูล', 72, 856),
(6937, 'บางพลับ', 72, 856),
(6938, 'หนองแม่ไก่', 72, 856),
(6939, 'รำมะสัก', 72, 856),
(6940, 'บางระกำ', 72, 856),
(6941, 'โพธิ์รังนก', 72, 856),
(6942, 'องครักษ์', 72, 856),
(6943, 'โคกพุทรา', 72, 856),
(6944, 'ยางช้าย', 72, 856),
(6945, 'บ่อแร่', 72, 856),
(6946, 'ทางพระ', 72, 856),
(6947, 'สามง่าม', 72, 856),
(6948, 'บางเจ้าฉ่า', 72, 856),
(6949, 'คำหยาด', 72, 856),
(6950, 'แสวงหา', 72, 857),
(6951, 'ศรีพราน', 72, 857),
(6952, 'บ้านพราน', 72, 857),
(6953, 'วังน้ำเย็น', 72, 857),
(6954, 'สีบัวทอง', 72, 857),
(6955, 'ห้วยไผ่', 72, 857),
(6956, 'จำลอง', 72, 857),
(6957, 'ไผ่จำศีล', 72, 858),
(6958, 'ศาลเจ้าโรงทอง', 72, 858),
(6959, 'ไผ่ดำพัฒนา', 72, 858),
(6960, 'สาวร้องไห้', 72, 858),
(6961, 'ท่าช้าง', 72, 858),
(6962, 'ยี่ล้น', 72, 858),
(6963, 'บางจัก', 72, 858),
(6964, 'ห้วยคันแหลน', 72, 858),
(6965, 'คลองขนาก', 72, 858),
(6966, 'ไผ่วง', 72, 858),
(6967, 'สี่ร้อย', 72, 858),
(6968, 'ม่วงเตี้ย', 72, 858),
(6969, 'หัวตะพาน', 72, 858),
(6970, 'หลักแก้ว', 72, 858),
(6971, 'ตลาดใหม่', 72, 858),
(6972, 'สามโก้', 72, 859),
(6973, 'ราษฎรพัฒนา', 72, 859),
(6974, 'อบทม', 72, 859),
(6975, 'โพธิ์ม่วงพันธ์', 72, 859),
(6976, 'มงคลธรรมนิมิต', 72, 859),
(6977, 'บุ่ง', 73, 860),
(6978, 'ไก่คำ', 73, 860),
(6979, 'นาจิก', 73, 860),
(6980, 'ปลาค้าว', 73, 860),
(6981, 'เหล่าพรวน', 73, 860),
(6982, 'สร้างนกทา', 73, 860),
(6983, 'คึมใหญ่', 73, 860),
(6984, 'นาผือ', 73, 860),
(6985, 'น้ำปลีก', 73, 860),
(6986, 'นาวัง', 73, 860),
(6987, 'นาหมอม้า', 73, 860),
(6988, 'โนนโพธิ์', 73, 860),
(6989, 'โนนหนามแท่ง', 73, 860),
(6990, 'ห้วยไร่', 73, 860),
(6991, 'หนองมะแซว', 73, 860),
(6992, 'กุดปลาดุก', 73, 860),
(6993, 'ดอนเมย', 73, 860),
(6994, 'นายม', 73, 860),
(6995, 'นาแต้', 73, 860),
(6996, 'ชานุมาน', 73, 861),
(6997, 'โคกสาร', 73, 861),
(6998, 'คำเขื่อนแก้ว', 73, 861),
(6999, 'โคกก่ง', 73, 861),
(7000, 'ป่าก่อ', 73, 861),
(7001, 'หนองข่า', 73, 862),
(7002, 'คำโพน', 73, 863),
(7003, 'นาหว้า', 73, 863),
(7004, 'ลือ', 73, 862),
(7005, 'ห้วย', 73, 862),
(7006, 'โนนงาม', 73, 862),
(7007, 'นาป่าแซง', 73, 862),
(7008, 'พนา', 73, 863),
(7009, 'จานลาน', 73, 863),
(7010, 'ไม้กลอน', 73, 863),
(7011, 'พระเหลา', 73, 863),
(7012, 'เสนางคนิคม', 73, 864),
(7013, 'โพนทอง', 73, 864),
(7014, 'ไร่สีสุก', 73, 864),
(7015, 'นาเวียง', 73, 864),
(7016, 'หนองไฮ', 73, 864),
(7017, 'หนองสามสี', 73, 864),
(7018, 'หัวตะพาน', 73, 865),
(7019, 'คำพระ', 73, 865),
(7020, 'เค็งใหญ่', 73, 865),
(7021, 'หนองแก้ว', 73, 865),
(7022, 'โพนเมืองน้อย', 73, 865),
(7023, 'สร้างถ่อน้อย', 73, 865),
(7024, 'จิกดู่', 73, 865),
(7025, 'รัตนวารี', 73, 865),
(7026, 'อำนาจ', 73, 866),
(7027, 'ดงมะยาง', 73, 866),
(7028, 'เปือย', 73, 866),
(7029, 'ดงบัง', 73, 866),
(7030, 'ไร่ขี', 73, 866),
(7031, 'แมด', 73, 866),
(7032, 'โคกกลาง', 73, 866),
(7033, 'หมากแข้ง', 74, 867),
(7034, 'นิคมสงเคราะห์', 74, 867),
(7035, 'บ้านขาว', 74, 867),
(7036, 'หนองบัว', 74, 867),
(7037, 'บ้านตาด', 74, 867),
(7038, 'โนนสูง', 74, 867),
(7039, 'หมูม่น', 74, 867),
(7040, 'เชียงยืน', 74, 867),
(7041, 'หนองนาคำ', 74, 867),
(7042, 'กุดสระ', 74, 867),
(7043, 'นาดี', 74, 867),
(7044, 'บ้านเลื่อม', 74, 867),
(7045, 'เชียงพิณ', 74, 867),
(7046, 'สามพร้าว', 74, 867),
(7047, 'หนองไฮ', 74, 867),
(7048, 'นาข่า', 74, 867),
(7049, 'บ้านจั่น', 74, 867),
(7050, 'หนองขอนกว้าง', 74, 867),
(7051, 'โคกสะอาด', 74, 867),
(7052, 'นากว้าง', 74, 867),
(7053, 'หนองไผ่', 74, 867),
(7054, 'กุดจับ', 74, 868),
(7055, 'ปะโค', 74, 868),
(7056, 'ขอนยูง', 74, 868),
(7057, 'เชียงเพ็ง', 74, 868),
(7058, 'สร้างก่อ', 74, 868),
(7059, 'เมืองเพีย', 74, 868),
(7060, 'ตาลเลียน', 74, 868),
(7061, 'หมากหญ้า', 74, 869),
(7062, 'หนองอ้อ', 74, 869),
(7063, 'อูบมุง', 74, 869),
(7064, 'กุดหมากไฟ', 74, 869),
(7065, 'น้ำพ่น', 74, 869),
(7066, 'หนองบัวบาน', 74, 869),
(7067, 'โนนหวาย', 74, 869),
(7068, 'หนองวัวซอ', 74, 869),
(7069, 'ตูมใต้', 74, 870),
(7070, 'พันดอน', 74, 870),
(7071, 'เวียงคำ', 74, 870),
(7072, 'แชแล', 74, 870),
(7073, 'เชียงแหว', 74, 870),
(7074, 'ห้วยเกิ้ง', 74, 870),
(7075, 'เสอเพลอ', 74, 870),
(7076, 'สีออ', 74, 870),
(7077, 'ปะโค', 74, 870),
(7078, 'ผาสุก', 74, 870),
(7079, 'ท่าลี่', 74, 870),
(7080, 'กุมภวาปี', 74, 870),
(7081, 'หนองหว้า', 74, 870),
(7082, 'โนนสะอาด', 74, 871),
(7083, 'บุ่งแก้ว', 74, 871),
(7084, 'โพธิ์ศรีสำราญ', 74, 871),
(7085, 'ทมนางาม', 74, 871),
(7086, 'หนองกุงศรี', 74, 871),
(7087, 'โคกกลาง', 74, 871),
(7088, 'หนองหาน', 74, 872),
(7089, 'หนองเม็ก', 74, 872),
(7090, 'พังงู', 74, 872),
(7091, 'สะแบง', 74, 872),
(7092, 'สร้อยพร้าว', 74, 872),
(7093, 'บ้านเชียง', 74, 872),
(7094, 'บ้านยา', 74, 872),
(7095, 'โพนงาม', 74, 872),
(7096, 'ผักตบ', 74, 872),
(7097, 'หนองไผ่', 74, 872),
(7098, 'ดอนหายโศก', 74, 872),
(7099, 'หนองสระปลา', 74, 872),
(7100, 'ทุ่งฝน', 74, 873),
(7101, 'ทุ่งใหญ่', 74, 873),
(7102, 'นาชุมแสง', 74, 873),
(7103, 'นาทม', 74, 873),
(7104, 'ไชยวาน', 74, 874),
(7105, 'หนองหลัก', 74, 874),
(7106, 'คำเลาะ', 74, 874),
(7107, 'โพนสูง', 74, 874),
(7108, 'ศรีธาตุ', 74, 875),
(7109, 'จำปี', 74, 875),
(7110, 'บ้านโปร่ง', 74, 875),
(7111, 'หัวนาคำ', 74, 875),
(7112, 'หนองนกเขียน', 74, 875),
(7113, 'นายูง', 74, 875),
(7114, 'ตาดทอง', 74, 875),
(7115, 'หนองกุงทับม้า', 74, 876),
(7116, 'หนองหญ้าไซ', 74, 876),
(7117, 'บะยาว', 74, 876),
(7118, 'ผาสุก', 74, 876),
(7119, 'คำโคกสูง', 74, 876),
(7120, 'วังสามหมอ', 74, 876),
(7121, 'ศรีสุทโธ', 74, 877),
(7122, 'บ้านดุง', 74, 877),
(7123, 'ดงเย็น', 74, 877),
(7124, 'โพนสูง', 74, 877),
(7125, 'อ้อมกอ', 74, 877),
(7126, 'บ้านจันทน์', 74, 877),
(7127, 'บ้านชัย', 74, 877),
(7128, 'นาไหม', 74, 877),
(7129, 'ถ่อนนาลับ', 74, 877),
(7130, 'วังทอง', 74, 877),
(7131, 'บ้านม่วง', 74, 877),
(7132, 'บ้านตาด', 74, 877),
(7133, 'นาคำ', 74, 877),
(7134, 'บ้านผือ', 74, 878),
(7135, 'หายโศก', 74, 878),
(7136, 'เขือน้ำ', 74, 878),
(7137, 'คำบง', 74, 878),
(7138, 'โนนทอง', 74, 878),
(7139, 'ข้าวสาร', 74, 878),
(7140, 'จำปาโมง', 74, 878),
(7141, 'กลางใหญ่', 74, 878),
(7142, 'เมืองพาน', 74, 878),
(7143, 'คำด้วง', 74, 878),
(7144, 'หนองหัวคู', 74, 878),
(7145, 'บ้านค้อ', 74, 878),
(7146, 'หนองแวง', 74, 878),
(7147, 'นางัว', 74, 879),
(7148, 'น้ำโสม', 74, 879),
(7149, 'หนองแวง', 74, 879),
(7150, 'บ้านหยวก', 74, 879),
(7151, 'โสมเยี่ยม', 74, 879),
(7152, 'ศรีสำราญ', 74, 879),
(7153, 'สามัคคี', 74, 879),
(7154, 'เพ็ญ', 74, 880),
(7155, 'บ้านธาตุ', 74, 880),
(7156, 'นาพู่', 74, 880),
(7157, 'เชียงหวาง', 74, 880),
(7158, 'สุมเส้า', 74, 880),
(7159, 'นาบัว', 74, 880),
(7160, 'บ้านเหล่า', 74, 880),
(7161, 'จอมศรี', 74, 880),
(7162, 'เตาไห', 74, 880),
(7163, 'โคกกลาง', 74, 880),
(7164, 'สร้างแป้น', 74, 880),
(7165, 'สร้างคอม', 74, 881),
(7166, 'เชียงดา', 74, 881),
(7167, 'บ้านยวด', 74, 881),
(7168, 'บ้านโคก', 74, 881),
(7169, 'นาสะอาด', 74, 881),
(7170, 'บ้านหินโงม', 74, 881),
(7171, 'หนองแสง', 74, 882),
(7172, 'แสงสว่าง', 74, 882),
(7173, 'นาดี', 74, 882),
(7174, 'ทับกุง', 74, 882),
(7175, 'นายูง', 74, 883),
(7176, 'บ้านก้อง', 74, 883),
(7177, 'นาแค', 74, 883),
(7178, 'โนนทอง', 74, 883),
(7179, 'บ้านแดง', 74, 884),
(7180, 'นาทราย', 74, 884),
(7181, 'ดอนกลอย', 74, 884),
(7182, 'บ้านจีต', 74, 885),
(7183, 'โนนทองอินทร์', 74, 885),
(7184, 'ค้อใหญ่', 74, 885),
(7185, 'คอนสาย', 74, 885),
(7186, 'นาม่วง', 74, 886),
(7187, 'ห้วยสามพาด', 74, 886),
(7188, 'อุ่มจาน', 74, 886),
(7189, 'ท่าอิฐ', 75, 887),
(7190, 'ท่าเสา', 75, 887),
(7191, 'บ้านเกาะ', 75, 887),
(7192, 'ป่าเซ่า', 75, 887),
(7193, 'คุ้งตะเภา', 75, 887),
(7194, 'วังกะพี้', 75, 887),
(7195, 'หาดกรวด', 75, 887),
(7196, 'น้ำริด', 75, 887),
(7197, 'งิ้วงาม', 75, 887),
(7198, 'บ้านด่านนาขาม', 75, 887),
(7199, 'บ้านด่าน', 75, 887),
(7200, 'ผาจุก', 75, 887),
(7201, 'วังดิน', 75, 887),
(7202, 'แสนตอ', 75, 887),
(7203, 'หาดงิ้ว', 75, 887),
(7204, 'ขุนฝาง', 75, 887),
(7205, 'ถ้ำฉลอง', 75, 887),
(7206, 'วังแดง', 75, 888),
(7207, 'บ้านแก่ง', 75, 888),
(7208, 'หาดสองแคว', 75, 888),
(7209, 'น้ำอ่าง', 75, 888),
(7210, 'ข่อยสูง', 75, 888),
(7211, 'ท่าปลา', 75, 889),
(7212, 'หาดล้า', 75, 889),
(7213, 'ผาเลือด', 75, 889),
(7214, 'จริม', 75, 889),
(7215, 'น้ำหมัน', 75, 889),
(7216, 'นางพญา', 75, 889),
(7217, 'ร่วมจิต', 75, 889),
(7218, 'แสนตอ', 75, 890),
(7219, 'บ้านฝาย', 75, 890),
(7220, 'เด่นเหล็ก', 75, 890),
(7221, 'น้ำไคร้', 75, 890),
(7222, 'น้ำไผ่', 75, 890),
(7223, 'ห้วยมุ่น', 75, 890),
(7224, 'ท่าแฝก', 75, 890),
(7225, 'ฟากท่า', 75, 891),
(7226, 'สองคอน', 75, 891),
(7227, 'บ้านเสี้ยว', 75, 891),
(7228, 'สองห้อง', 75, 891),
(7229, 'ม่วงเจ็ดต้น', 75, 892),
(7230, 'บ้านโคก', 75, 892),
(7231, 'นาขุม', 75, 892),
(7232, 'บ่อเบี้ย', 75, 892),
(7233, 'ในเมือง', 75, 893),
(7234, 'บ้านดารา', 75, 893),
(7235, 'ไร่อ้อย', 75, 893),
(7236, 'ท่าสัก', 75, 893),
(7237, 'คอรุม', 75, 893),
(7238, 'บ้านหม้อ', 75, 893),
(7239, 'ท่ามะเฟือง', 75, 893),
(7240, 'บ้านโคน', 75, 893),
(7241, 'พญาแมน', 75, 893),
(7242, 'นาอิน', 75, 893),
(7243, 'นายาง', 75, 893),
(7244, 'ศรีพนมมาศ', 75, 894),
(7245, 'แม่พูล', 75, 894),
(7246, 'นานกกก', 75, 894),
(7247, 'ฝายหลวง', 75, 894),
(7248, 'ชัยจุมพล', 75, 894),
(7249, 'ไผ่ล้อม', 75, 894),
(7250, 'ทุ่งยั้ง', 75, 894),
(7251, 'ด่านแม่คำมัน', 75, 894),
(7252, 'ผักขวง', 75, 895),
(7253, 'บ่อทอง', 75, 895),
(7254, 'ป่าคาย', 75, 895),
(7255, 'น้ำพี้', 75, 895),
(7256, 'อุทัยใหม่', 76, 896),
(7257, 'น้ำซึม', 76, 896),
(7258, 'สะแกกรัง', 76, 896),
(7259, 'ดอนขวาง', 76, 896),
(7260, 'หาดทนง', 76, 896),
(7261, 'เกาะเทโพ', 76, 896),
(7262, 'ท่าซุง', 76, 896),
(7263, 'หนองแก', 76, 896),
(7264, 'โนนเหล็ก', 76, 896),
(7265, 'หนองเต่า', 76, 896),
(7266, 'หนองไผ่แบน', 76, 896),
(7267, 'หนองพังค่า', 76, 896),
(7268, 'ทุ่งใหญ่', 76, 896),
(7269, 'เนินแจง', 76, 896),
(7270, 'ทัพทัน', 76, 897),
(7271, 'ทุ่งนาไทย', 76, 897),
(7272, 'เขาขี้ฝอย', 76, 897),
(7273, 'หนองหญ้าปล้อง', 76, 897),
(7274, 'โคกหม้อ', 76, 897),
(7275, 'หนองยายดา', 76, 897),
(7276, 'หนองกลางดง', 76, 897),
(7277, 'หนองกระทุ่ม', 76, 897),
(7278, 'หนองสระ', 76, 897),
(7279, 'ตลุกดู่', 76, 897),
(7280, 'สว่างอารมณ์', 76, 898),
(7281, 'หนองหลวง', 76, 898),
(7282, 'พลวงสองนาง', 76, 898),
(7283, 'ไผ่เขียว', 76, 898),
(7284, 'บ่อยาง', 76, 898),
(7285, 'หนองฉาง', 76, 899),
(7286, 'หนองยาง', 76, 899),
(7287, 'หนองนางนวล', 76, 899),
(7288, 'หนองสรวง', 76, 899),
(7289, 'บ้านเก่า', 76, 899),
(7290, 'อุทัยเก่า', 76, 899),
(7291, 'ทุ่งโพ', 76, 899),
(7292, 'ทุ่งพง', 76, 899),
(7293, 'เขาบางแกรก', 76, 899),
(7294, 'เขากวางทอง', 76, 899),
(7295, 'หนองขาหย่าง', 76, 900),
(7296, 'หนองไผ่', 76, 900),
(7297, 'ดอนกลอย', 76, 900),
(7298, 'ห้วยรอบ', 76, 900),
(7299, 'ทุ่งพึ่ง', 76, 900),
(7300, 'ท่าโพ', 76, 900),
(7301, 'หมกแถว', 76, 900),
(7302, 'หลุมเข้า', 76, 900),
(7303, 'ดงขวาง', 76, 900),
(7304, 'บ้านไร่', 76, 901),
(7305, 'ทัพหลวง', 76, 901),
(7306, 'ห้วยแห้ง', 76, 901),
(7307, 'คอกควาย', 76, 901),
(7308, 'วังหิน', 76, 901),
(7309, 'เมืองการุ้ง', 76, 901),
(7310, 'แก่นมะกรูด', 76, 901),
(7311, 'หนองจอก', 76, 901),
(7312, 'หูช้าง', 76, 901),
(7313, 'บ้านบึง', 76, 901),
(7314, 'บ้านใหม่คลองเคียน', 76, 901),
(7315, 'หนองบ่มกล้วย', 76, 901),
(7316, 'เจ้าวัด', 76, 901),
(7317, 'ลานสัก', 76, 902),
(7318, 'ประดู่ยืน', 76, 902),
(7319, 'ป่าอ้อ', 76, 902),
(7320, 'ระบำ', 76, 902),
(7321, 'น้ำรอบ', 76, 902),
(7322, 'ทุ่งนางาม', 76, 902),
(7323, 'สุขฤทัย', 76, 903),
(7324, 'ทองหลาง', 76, 903),
(7325, 'ห้วยคต', 76, 903),
(7326, 'ในเมือง', 77, 904),
(7327, 'หัวเรือ', 77, 904),
(7328, 'หนองขอน', 77, 904),
(7329, 'ปทุม', 77, 904),
(7330, 'ขามใหญ่', 77, 904),
(7331, 'แจระแม', 77, 904),
(7332, 'หนองบ่อ', 77, 904),
(7333, 'ไร่น้อย', 77, 904),
(7334, 'กระโสบ', 77, 904),
(7335, 'กุดลาด', 77, 904),
(7336, 'ขี้เหล็ก', 77, 904),
(7337, 'ปะอาว', 77, 904),
(7338, 'นาคำ', 77, 905),
(7339, 'แก้งกอก', 77, 905),
(7340, 'เอือดใหญ่', 77, 905),
(7341, 'วาริน', 77, 905),
(7342, 'ลาดควาย', 77, 905),
(7343, 'สงยาง', 77, 905),
(7344, 'ตะบ่าย', 77, 905),
(7345, 'คำไหล', 77, 905),
(7346, 'หนามแท่ง', 77, 905),
(7347, 'นาเลิน', 77, 905),
(7348, 'ดอนใหญ่', 77, 905),
(7349, 'โขงเจียม', 77, 906),
(7350, 'ห้วยยาง', 77, 906),
(7351, 'นาโพธิ์กลาง', 77, 906),
(7352, 'หนองแสงใหญ่', 77, 906),
(7353, 'ห้วยไผ่', 77, 906),
(7354, 'เขื่องใน', 77, 907),
(7355, 'สร้างถ่อ', 77, 907),
(7356, 'ค้อทอง', 77, 907),
(7357, 'ก่อเอ้', 77, 907),
(7358, 'หัวดอน', 77, 907),
(7359, 'ชีทวน', 77, 907),
(7360, 'ท่าไห', 77, 907),
(7361, 'นาคำใหญ่', 77, 907),
(7362, 'แดงหม้อ', 77, 907),
(7363, 'ธาตุน้อย', 77, 907),
(7364, 'บ้านไทย', 77, 907),
(7365, 'บ้านกอก', 77, 907),
(7366, 'กลางใหญ่', 77, 907),
(7367, 'โนนรัง', 77, 907),
(7368, 'ยางขี้นก', 77, 907),
(7369, 'ศรีสุข', 77, 907),
(7370, 'สหธาตุ', 77, 907),
(7371, 'หนองเหล่า', 77, 907),
(7372, 'เขมราฐ', 77, 908),
(7373, 'ขามป้อม', 77, 908),
(7374, 'เจียด', 77, 908),
(7375, 'หนองผือ', 77, 908),
(7376, 'นาแวง', 77, 908),
(7377, 'แก้งเหนือ', 77, 908),
(7378, 'หนองนกทา', 77, 908),
(7379, 'หนองสิม', 77, 908),
(7380, 'หัวนา', 77, 908),
(7381, 'เมืองเดช', 77, 909),
(7382, 'นาส่วง', 77, 909),
(7383, 'นาเจริญ', 77, 909),
(7384, 'ทุ่งเทิง', 77, 909),
(7385, 'สมสะอาด', 77, 909),
(7386, 'กุดประทาย', 77, 909),
(7387, 'ตบหู', 77, 909),
(7388, 'กลาง', 77, 909),
(7389, 'แก้ง', 77, 909),
(7390, 'ท่าโพธิ์ศรี', 77, 909),
(7391, 'บัวงาม', 77, 909),
(7392, 'คำครั่ง', 77, 909),
(7393, 'นากระแซง', 77, 909),
(7394, 'โพนงาม', 77, 909),
(7395, 'ป่าโมง', 77, 909),
(7396, 'โนนสมบูรณ์', 77, 909),
(7397, 'นาจะหลวย', 77, 910),
(7398, 'โนนสมบูรณ์', 77, 910),
(7399, 'พรสวรรค์', 77, 910),
(7400, 'บ้านตูม', 77, 910),
(7401, 'โสกแสง', 77, 910),
(7402, 'โนนสวรรค์', 77, 910),
(7403, 'โซง', 77, 911),
(7404, 'ยาง', 77, 911),
(7405, 'โดมประดิษฐ์', 77, 911),
(7406, 'บุเปือย', 77, 911),
(7407, 'สีวิเชียร', 77, 911),
(7408, 'ยางใหญ่', 77, 911),
(7409, 'เก่าขาม', 77, 911),
(7410, 'โพนงาม', 77, 912),
(7411, 'ห้วยข่า', 77, 912),
(7412, 'คอแลน', 77, 912),
(7413, 'นาโพธิ์', 77, 912),
(7414, 'หนองสะโน', 77, 912),
(7415, 'โนนค้อ', 77, 912),
(7416, 'บัวงาม', 77, 912),
(7417, 'บ้านแมด', 77, 912),
(7418, 'ขุหลุ', 77, 913),
(7419, 'กระเดียน', 77, 913),
(7420, 'เกษม', 77, 913),
(7421, 'กุศกร', 77, 913),
(7422, 'ขามเปี้ย', 77, 913),
(7423, 'คอนสาย', 77, 913),
(7424, 'โคกจาน', 77, 913),
(7425, 'นาพิน', 77, 913),
(7426, 'นาสะไม', 77, 913),
(7427, 'โนนกุง', 77, 913),
(7428, 'ตระการพืชผล', 77, 913),
(7429, 'ตากแดด', 77, 913),
(7430, 'ไหล่ทุ่ง', 77, 913),
(7431, 'เป้า', 77, 913),
(7432, 'เซเป็ด', 77, 913),
(7433, 'สะพือ', 77, 913),
(7434, 'หนองเต่า', 77, 913),
(7435, 'ถ้ำแข้', 77, 913),
(7436, 'ท่าหลวง', 77, 913),
(7437, 'ห้วยฝ้ายพัฒนา', 77, 913),
(7438, 'กุดยาลวน', 77, 913),
(7439, 'บ้านแดง', 77, 913),
(7440, 'คำเจริญ', 77, 913),
(7441, 'ข้าวปุ้น', 77, 914),
(7442, 'โนนสวาง', 77, 914),
(7443, 'แก่งเค็ง', 77, 914),
(7444, 'กาบิน', 77, 914),
(7445, 'หนองทันน้ำ', 77, 914),
(7446, 'ม่วงสามสิบ', 77, 915),
(7447, 'เหล่าบก', 77, 915),
(7448, 'ดุมใหญ่', 77, 915),
(7449, 'หนองช้างใหญ่', 77, 915),
(7450, 'หนองเมือง', 77, 915),
(7451, 'เตย', 77, 915),
(7452, 'ยางสักกระโพหลุ่ม', 77, 915),
(7453, 'หนองไข่นก', 77, 915),
(7454, 'หนองเหล่า', 77, 915),
(7455, 'หนองฮาง', 77, 915),
(7456, 'ยางโยภาพ', 77, 915),
(7457, 'ไผ่ใหญ่', 77, 915),
(7458, 'นาเลิง', 77, 915),
(7459, 'โพนแพง', 77, 915),
(7460, 'วารินชำราบ', 77, 916),
(7461, 'ธาตุ', 77, 916),
(7462, 'ท่าลาด', 77, 916),
(7463, 'โนนโหนน', 77, 916),
(7464, 'คูเมือง', 77, 916),
(7465, 'สระสมิง', 77, 916),
(7466, 'คำน้ำแซบ', 77, 916),
(7467, 'บุ่งหวาย', 77, 916),
(7468, 'คำขวาง', 77, 916),
(7469, 'โพธิ์ใหญ่', 77, 916),
(7470, 'แสนสุข', 77, 916),
(7471, 'หนองกินเพล', 77, 916),
(7472, 'โนนผึ้ง', 77, 916),
(7473, 'เมืองศรีไค', 77, 916),
(7474, 'ห้วยขะยุง', 77, 916),
(7475, 'บุ่งไหม', 77, 916),
(7476, 'พิบูล', 77, 917),
(7477, 'กุดชมภู', 77, 917),
(7478, 'ดอนจิก', 77, 917),
(7479, 'ทรายมูล', 77, 917),
(7480, 'นาโพธิ์', 77, 917),
(7481, 'โนนกลาง', 77, 917),
(7482, 'โพธิ์ไทร', 77, 917),
(7483, 'โพธิ์ศรี', 77, 917),
(7484, 'ระเว', 77, 917),
(7485, 'ไร่ใต้', 77, 917),
(7486, 'หนองบัวฮี', 77, 917),
(7487, 'อ่างศิลา', 77, 917),
(7488, 'โนนกาหลง', 77, 917),
(7489, 'บ้านแขม', 77, 917),
(7490, 'ตาลสุม', 77, 918),
(7491, 'สำโรง', 77, 918),
(7492, 'จิกเทิง', 77, 918),
(7493, 'หนองกุง', 77, 918),
(7494, 'นาคาย', 77, 918),
(7495, 'คำหว้า', 77, 918),
(7496, 'โพธิ์ไทร', 77, 919),
(7497, 'ม่วงใหญ่', 77, 919),
(7498, 'สำโรง', 77, 919),
(7499, 'สองคอน', 77, 919),
(7500, 'สารภี', 77, 919),
(7501, 'เหล่างาม', 77, 919),
(7502, 'สำโรง', 77, 920),
(7503, 'โคกก่อง', 77, 920),
(7504, 'หนองไฮ', 77, 920),
(7505, 'ค้อน้อย', 77, 920),
(7506, 'โนนกาเล็น', 77, 920),
(7507, 'โคกสว่าง', 77, 920),
(7508, 'โนนกลาง', 77, 920),
(7509, 'บอน', 77, 920),
(7510, 'ขามป้อม', 77, 920),
(7511, 'ดอนมดแดง', 77, 921),
(7512, 'เหล่าแดง', 77, 921),
(7513, 'ท่าเมือง', 77, 921),
(7514, 'คำไฮใหญ่', 77, 921),
(7515, 'คันไร่', 77, 922),
(7516, 'ช่องเม็ก', 77, 922),
(7517, 'โนนก่อ', 77, 922),
(7518, 'นิคมสร้างตนเองลำโดมน้อย', 77, 922),
(7519, 'ฝางคำ', 77, 922),
(7520, 'คำเขื่อนแก้ว', 77, 922),
(7521, 'หนองอ้ม', 77, 923),
(7522, 'นาเกษม', 77, 923),
(7523, 'กุดเรือ', 77, 923),
(7524, 'โคกชำแระ', 77, 923),
(7525, 'นาห่อม', 77, 923),
(7526, 'นาเยีย', 77, 924),
(7527, 'นาดี', 77, 924),
(7528, 'นาเรือง', 77, 924),
(7529, 'นาตาล', 77, 925),
(7530, 'พะลาน', 77, 925),
(7531, 'กองโพน', 77, 925),
(7532, 'พังเคน', 77, 925),
(7533, 'เหล่าเสือโก้ก', 77, 926),
(7534, 'โพนเมือง', 77, 926),
(7535, 'แพงใหญ่', 77, 926),
(7536, 'หนองบก', 77, 926),
(7537, 'แก่งโดม', 77, 927),
(7538, 'ท่าช้าง', 77, 927),
(7539, 'บุ่งมะแลง', 77, 927),
(7540, 'สว่าง', 77, 927),
(7541, 'ตาเกา', 77, 928),
(7542, 'ไพบูลย์', 77, 928),
(7543, 'ขี้เหล็ก', 77, 928),
(7544, 'โคกสะอาด', 77, 928);

-- --------------------------------------------------------

--
-- Table structure for table `energy`
--

CREATE TABLE `energy` (
  `energyID` int NOT NULL,
  `energyName` varchar(100) CHARACTER SET utf8 COLLATE utf8_unicode_ci NOT NULL
) ENGINE=InnoDB DEFAULT CHARSET=utf8 COLLATE=utf8_unicode_ci;

--
-- Dumping data for table `energy`
--

INSERT INTO `energy` (`energyID`, `energyName`) VALUES
(100, 'น้ำมันเบนซิน 95'),
(200, 'น้ำมันดีเซล'),
(300, 'เบนซิน');

-- --------------------------------------------------------

--
-- Table structure for table `equipment`
--

CREATE TABLE `equipment` (
  `equipmentType` int NOT NULL,
  `equipmentID` varchar(255) CHARACTER SET utf8 COLLATE utf8_unicode_ci NOT NULL,
  `equipmentName` varchar(255) CHARACTER SET utf8 COLLATE utf8_unicode_ci NOT NULL,
  `detail` varchar(255) CHARACTER SET utf8 COLLATE utf8_unicode_ci DEFAULT NULL,
  `price` int DEFAULT NULL,
  `unitBuy` int NOT NULL,
  `unitUse` int NOT NULL,
  `dateBuy` date DEFAULT NULL,
  `workTime` int DEFAULT NULL,
  `fuel` int DEFAULT NULL,
  `energy` int DEFAULT NULL,
  `equipmentImg` varchar(255) CHARACTER SET utf8 COLLATE utf8_unicode_ci DEFAULT NULL,
  `IDequip` int NOT NULL
) ENGINE=InnoDB DEFAULT CHARSET=utf8 COLLATE=utf8_unicode_ci;

-- --------------------------------------------------------

--
-- Table structure for table `equipmenttype`
--

CREATE TABLE `equipmenttype` (
  `equipmentID` int NOT NULL,
  `equipmentT` varchar(255) CHARACTER SET utf8 COLLATE utf8_unicode_ci NOT NULL
) ENGINE=InnoDB DEFAULT CHARSET=utf8 COLLATE=utf8_unicode_ci;

--
-- Dumping data for table `equipmenttype`
--

INSERT INTO `equipmenttype` (`equipmentID`, `equipmentT`) VALUES
(100, 'จอบ'),
(200, 'ท่อ'),
(300, 'หัวสปริงเกอร์');

-- --------------------------------------------------------

--
-- Table structure for table `family`
--

CREATE TABLE `family` (
  `familyID` int NOT NULL,
  `familyName` varchar(20) CHARACTER SET utf8 COLLATE utf8_unicode_ci NOT NULL
) ENGINE=InnoDB DEFAULT CHARSET=utf8 COLLATE=utf8_unicode_ci;

--
-- Dumping data for table `family`
--

INSERT INTO `family` (`familyID`, `familyName`) VALUES
(100, 'หัวหน้าครอบครัว'),
(200, 'สมาชิกในครอบครัว');

-- --------------------------------------------------------

--
-- Table structure for table `fuel`
--

CREATE TABLE `fuel` (
  `fuelType` int NOT NULL,
  `fuelName` varchar(255) CHARACTER SET utf8 COLLATE utf8_unicode_ci NOT NULL,
  `detail` varchar(255) CHARACTER SET utf8 COLLATE utf8_unicode_ci DEFAULT NULL,
  `price` int DEFAULT NULL,
  `unitBuy` int NOT NULL,
  `unitUse` int NOT NULL,
  `fuleImg` varchar(255) CHARACTER SET utf8 COLLATE utf8_unicode_ci DEFAULT NULL,
  `IDfule` int NOT NULL
) ENGINE=InnoDB DEFAULT CHARSET=utf8 COLLATE=utf8_unicode_ci;

-- --------------------------------------------------------

--
-- Table structure for table `fueltype`
--

CREATE TABLE `fueltype` (
  `fuelID` int NOT NULL,
  `fuelType` varchar(255) CHARACTER SET utf8 COLLATE utf8_unicode_ci NOT NULL
) ENGINE=InnoDB DEFAULT CHARSET=utf8 COLLATE=utf8_unicode_ci;

--
-- Dumping data for table `fueltype`
--

INSERT INTO `fueltype` (`fuelID`, `fuelType`) VALUES
(100, 'ก๊าซ'),
(200, 'น้ำมัน'),
(300, 'ไฟ');

-- --------------------------------------------------------

--
-- Table structure for table `gender`
--

CREATE TABLE `gender` (
  `genderID` int NOT NULL,
  `genderName` varchar(50) CHARACTER SET utf8 COLLATE utf8_unicode_ci NOT NULL
) ENGINE=InnoDB DEFAULT CHARSET=utf8 COLLATE=utf8_unicode_ci;

--
-- Dumping data for table `gender`
--

INSERT INTO `gender` (`genderID`, `genderName`) VALUES
(100, 'ผู้ชาย'),
(200, 'ผู้หญิง');

-- --------------------------------------------------------

--
-- Table structure for table `labor`
--

CREATE TABLE `labor` (
  `laborType` int NOT NULL,
  `position` int NOT NULL,
  `laborID` varchar(255) CHARACTER SET utf8 COLLATE utf8_unicode_ci NOT NULL,
  `laborName` varchar(255) CHARACTER SET utf8 COLLATE utf8_unicode_ci NOT NULL,
  `salary` int DEFAULT NULL,
  `workDate` date DEFAULT NULL,
  `laborImg` varchar(255) CHARACTER SET utf8 COLLATE utf8_unicode_ci DEFAULT NULL,
  `IDlab` int NOT NULL
) ENGINE=InnoDB DEFAULT CHARSET=utf8 COLLATE=utf8_unicode_ci;

-- --------------------------------------------------------

--
-- Table structure for table `labortype`
--

CREATE TABLE `labortype` (
  `laborID` int NOT NULL,
  `laborT` varchar(255) CHARACTER SET utf8 COLLATE utf8_unicode_ci NOT NULL
) ENGINE=InnoDB DEFAULT CHARSET=utf8 COLLATE=utf8_unicode_ci;

--
-- Dumping data for table `labortype`
--

INSERT INTO `labortype` (`laborID`, `laborT`) VALUES
(100, 'ประจำ'),
(200, 'รายวัน');

-- --------------------------------------------------------

--
-- Table structure for table `landplot`
--

CREATE TABLE `landplot` (
  `ID` int NOT NULL,
  `plotName` varchar(100) CHARACTER SET utf8 COLLATE utf8_unicode_ci NOT NULL,
  `areaCode` varchar(30) CHARACTER SET utf8 COLLATE utf8_unicode_ci DEFAULT NULL,
  `typeOwnership` int NOT NULL,
  `license` int NOT NULL,
  `titleDeed` varchar(20) CHARACTER SET utf8 COLLATE utf8_unicode_ci DEFAULT NULL,
  `landSlip` varchar(20) CHARACTER SET utf8 COLLATE utf8_unicode_ci DEFAULT NULL,
  `landNumber` int DEFAULT NULL,
  `license_img` varchar(255) CHARACTER SET utf8 COLLATE utf8_unicode_ci DEFAULT NULL,
  `lease_img` varchar(255) COLLATE utf8_unicode_ci DEFAULT NULL,
  `district` int DEFAULT NULL,
  `ampher` int DEFAULT NULL,
  `province` int DEFAULT NULL,
  `coordinatesStar` varchar(30) COLLATE utf8_unicode_ci DEFAULT NULL,
  `coordinatesEnd` varchar(30) COLLATE utf8_unicode_ci DEFAULT NULL,
  `areaPlot` float DEFAULT NULL,
  `areaPlotS` varchar(100) CHARACTER SET utf8 COLLATE utf8_unicode_ci DEFAULT NULL,
  `plotDetails` varchar(255) CHARACTER SET utf8 COLLATE utf8_unicode_ci DEFAULT NULL,
  `farmerName` int DEFAULT NULL,
  `projectName` int DEFAULT NULL,
  `note` varchar(255) CHARACTER SET utf8 COLLATE utf8_unicode_ci DEFAULT NULL,
  `buyMethod` int DEFAULT NULL,
  `plotStatus` int DEFAULT NULL,
  `administrator` varchar(255) COLLATE utf8_unicode_ci DEFAULT NULL,
  `provinceStr` varchar(100) CHARACTER SET utf8 COLLATE utf8_unicode_ci DEFAULT NULL,
  `ampherStr` varchar(100) CHARACTER SET utf8 COLLATE utf8_unicode_ci DEFAULT NULL,
  `districtStr` varchar(100) CHARACTER SET utf8 COLLATE utf8_unicode_ci DEFAULT NULL
) ENGINE=InnoDB DEFAULT CHARSET=utf8 COLLATE=utf8_unicode_ci;

--
-- Dumping data for table `landplot`
--

INSERT INTO `landplot` (`ID`, `plotName`, `areaCode`, `typeOwnership`, `license`, `titleDeed`, `landSlip`, `landNumber`, `license_img`, `lease_img`, `district`, `ampher`, `province`, `coordinatesStar`, `coordinatesEnd`, `areaPlot`, `areaPlotS`, `plotDetails`, `farmerName`, `projectName`, `note`, `buyMethod`, `plotStatus`, `administrator`, `provinceStr`, `ampherStr`, `districtStr`) VALUES
(1, 'วาวา', NULL, 100, 24, NULL, NULL, NULL, NULL, NULL, NULL, NULL, NULL, '14.445397151744375', '100.14076194888719', 3.75, '3 ไร่ 3 งาน 1 ตารางวา', NULL, 1, 20, NULL, NULL, 100, NULL, NULL, NULL, NULL),
(2, 'วาวา', NULL, 200, 17, NULL, NULL, NULL, NULL, NULL, NULL, NULL, NULL, NULL, NULL, 1.3, NULL, NULL, 1, 10, NULL, NULL, 300, NULL, 'นครราชสีมา', 'เมือง', 'ในเมือง'),
(3, 'ธงชาติ', NULL, 100, 24, NULL, NULL, NULL, NULL, NULL, NULL, NULL, NULL, '14.469461431158903', '100.12672164694303', 2.02, '2 ไร่ 0 งาน 7 ตารางวา', NULL, 2, NULL, NULL, NULL, 200, NULL, 'นครราชสีมา', 'เมือง', 'ในเมือง'),
(4, 'ธงชาติ', NULL, 200, 17, NULL, NULL, NULL, NULL, NULL, NULL, NULL, NULL, NULL, NULL, 3.2, NULL, NULL, 2, NULL, NULL, NULL, 200, NULL, NULL, NULL, NULL),
(5, 'ฟ', NULL, 200, 14, NULL, NULL, NULL, NULL, NULL, NULL, NULL, NULL, '14.89376912786571', '100.69403831321263', 130.4, '130 ไร่ 1 งาน 60 ตารางวา', NULL, 20, NULL, NULL, NULL, 300, NULL, NULL, NULL, NULL),
(6, 'ป', NULL, 100, 15, NULL, NULL, NULL, NULL, NULL, NULL, NULL, NULL, '15.29668030847652', '100.66946839269202', 68.71, '68 ไร่ 2 งาน 82 ตารางวา', NULL, 20, 10, NULL, NULL, 100, NULL, NULL, NULL, NULL),
(8, 'popo', NULL, 100, 10, NULL, NULL, NULL, NULL, NULL, NULL, NULL, NULL, '13.802397182725773', '99.97373136211513', 0.91, '0 ไร่ 3 งาน 65 ตารางวา', NULL, 24, 10, NULL, NULL, 200, NULL, NULL, NULL, NULL);

-- --------------------------------------------------------

--
-- Table structure for table `license`
--

CREATE TABLE `license` (
  `ID` int NOT NULL,
  `licenseName` varchar(100) CHARACTER SET utf8 COLLATE utf8_unicode_ci NOT NULL
) ENGINE=InnoDB DEFAULT CHARSET=utf8 COLLATE=utf8_unicode_ci;

--
-- Dumping data for table `license`
--

INSERT INTO `license` (`ID`, `licenseName`) VALUES
(10, 'ก.ส.น.5'),
(11, 'น.ค.3'),
(12, 'น.ส.2'),
(13, 'น.ส.3'),
(14, 'น.ส.4'),
(15, 'น.ส.5'),
(16, 'น.ส.3 ก'),
(17, 'น.ส.3 ข'),
(18, 'น.ส.4 ก'),
(19, 'ส.ค.1'),
(20, 'ส.ท.ก'),
(21, 'ส.ป.ก'),
(22, 'ภ.บ.ท.5'),
(23, 'โฉนด'),
(24, 'ที่ดินมือเปล่า');

-- --------------------------------------------------------

--
-- Table structure for table `login`
--

CREATE TABLE `login` (
  `ID` int NOT NULL,
  `email` varchar(255) CHARACTER SET utf8 COLLATE utf8_unicode_ci NOT NULL,
  `password` varchar(255) CHARACTER SET utf8 COLLATE utf8_unicode_ci NOT NULL
) ENGINE=InnoDB DEFAULT CHARSET=utf8 COLLATE=utf8_unicode_ci;

--
-- Dumping data for table `login`
--

INSERT INTO `login` (`ID`, `email`, `password`) VALUES
(1, 'test', '1234'),
(2, 'admin', '1122'),
(3, 'kukkiksaatcha@gmail.com', '123456'),
(4, 'test@gmail.com', '252538'),
(5, 'Sakik_255_za@hotmail.com', 'asaa'),
(6, 'Yada25@gmail.com', 'Yada2512'),
(7, 'wv@hotmail.com', '123456'),
(8, 'rt@gmail.com', '5523'),
(9, 'ad@gmial.com', 'ad123'),
(10, 'Dada@gmail.com', 'Da147258'),
(11, 'Ja@gmail.com', 'Ja260337'),
(12, 'samatcha.kukkik@hotmail.com', 'YIhoik145160');

-- --------------------------------------------------------

--
-- Table structure for table `machine`
--

CREATE TABLE `machine` (
  `machineType` int NOT NULL,
  `machineID` varchar(255) COLLATE utf8_unicode_ci NOT NULL,
  `machineName` varchar(255) COLLATE utf8_unicode_ci NOT NULL,
  `detail` varchar(255) COLLATE utf8_unicode_ci DEFAULT NULL,
  `price` int DEFAULT NULL,
  `unitBuy` int NOT NULL,
  `unitUse` int NOT NULL,
  `dateBuy` date DEFAULT NULL,
  `workTime` int DEFAULT NULL,
  `fuel` int DEFAULT NULL,
  `energy` int DEFAULT NULL,
  `machineImg` varchar(255) COLLATE utf8_unicode_ci DEFAULT NULL,
  `IDmac` int NOT NULL
) ENGINE=InnoDB DEFAULT CHARSET=utf8 COLLATE=utf8_unicode_ci;

-- --------------------------------------------------------

--
-- Table structure for table `machinetype`
--

CREATE TABLE `machinetype` (
  `machineID` int NOT NULL,
  `machineT` varchar(255) CHARACTER SET utf8 COLLATE utf8_unicode_ci NOT NULL
) ENGINE=InnoDB DEFAULT CHARSET=utf8 COLLATE=utf8_unicode_ci;

--
-- Dumping data for table `machinetype`
--

INSERT INTO `machinetype` (`machineID`, `machineT`) VALUES
(100, 'รถเกี่ยวข้าว'),
(200, 'รถไถ'),
(300, 'เครื่องตัดหญ้า'),
(400, 'เครื่องสูบน้ำ');

-- --------------------------------------------------------

--
-- Table structure for table `position`
--

CREATE TABLE `position` (
  `positionID` int NOT NULL,
  `positionName` varchar(255) CHARACTER SET utf8 COLLATE utf8_unicode_ci NOT NULL
) ENGINE=InnoDB DEFAULT CHARSET=utf8 COLLATE=utf8_unicode_ci;

--
-- Dumping data for table `position`
--

INSERT INTO `position` (`positionID`, `positionName`) VALUES
(100, 'นักส่งเสริม'),
(200, 'บัญชี'),
(300, 'ผู้ดูแลระบบ'),
(400, 'ผู้บริหาร'),
(500, 'พนักงาน'),
(600, 'เกษตกร');

-- --------------------------------------------------------

--
-- Table structure for table `profile`
--

CREATE TABLE `profile` (
  `ID` int NOT NULL,
  `name` varchar(100) CHARACTER SET utf8 COLLATE utf8_unicode_ci NOT NULL,
  `cradID` varchar(13) CHARACTER SET utf8 COLLATE utf8_unicode_ci NOT NULL,
  `gender` int NOT NULL,
  `birthday` date NOT NULL,
  `tel` varchar(10) CHARACTER SET utf8 COLLATE utf8_unicode_ci DEFAULT NULL,
  `no` int DEFAULT NULL,
  `moo` int DEFAULT NULL,
  `province` int DEFAULT NULL,
  `ampher` int DEFAULT NULL,
  `district` int DEFAULT NULL,
  `email` varchar(100) CHARACTER SET utf8 COLLATE utf8_unicode_ci NOT NULL,
  `password` varchar(100) CHARACTER SET utf8 COLLATE utf8_unicode_ci NOT NULL,
  `registerType` int NOT NULL,
  `provinceStr` varchar(100) CHARACTER SET utf8 COLLATE utf8_unicode_ci DEFAULT NULL,
  `ampherStr` varchar(100) CHARACTER SET utf8 COLLATE utf8_unicode_ci DEFAULT NULL,
  `districtStr` varchar(100) CHARACTER SET utf8 COLLATE utf8_unicode_ci DEFAULT NULL
) ENGINE=InnoDB DEFAULT CHARSET=utf8 COLLATE=utf8_unicode_ci;

--
-- Dumping data for table `profile`
--

INSERT INTO `profile` (`ID`, `name`, `cradID`, `gender`, `birthday`, `tel`, `no`, `moo`, `province`, `ampher`, `district`, `email`, `password`, `registerType`, `provinceStr`, `ampherStr`, `districtStr`) VALUES
(1, 'จีนา มาลัยสาน', '3325625141001', 200, '1990-06-15', '0956123487', 2, 2, 1, 1, 2, 'Gena12@gmail.com', 'geeeee15', 100, NULL, NULL, NULL),
(2, 'วาวา ปาร์ค', '1523020231110', 100, '1989-01-01', NULL, NULL, NULL, NULL, NULL, NULL, 'kukkiksaatcha@gmail.com', '123456', 100, NULL, NULL, NULL),
(3, 'ญาดา กิจศิริ', '1520312652102', 200, '1450-12-25', '0685129430', 2, 4, NULL, NULL, NULL, 'Yada25@gmail.com', 'Yada2512', 100, 'นครราชสีมา', 'เมือง', 'ในเมือง'),
(4, 'ญาฎา กฤตศิริ', '1325615259410', 200, '1995-02-05', '0623020101', 15, 2, NULL, NULL, NULL, 'test@gmail.com', '252538', 100, NULL, NULL, NULL),
(5, 'wv', '1234567890123', 100, '1448-10-15', NULL, NULL, NULL, NULL, NULL, NULL, 'wv@hotmail.com', '123456', 100, NULL, NULL, NULL),
(6, 'rt', '1234567891023', 100, '2008-12-12', NULL, NULL, NULL, NULL, NULL, NULL, 'rt@gmail.com', '5523', 100, NULL, NULL, NULL),
(7, 'ad', '1523020231110', 100, '1475-01-31', NULL, NULL, NULL, NULL, NULL, NULL, 'ad@gmial.com', 'ad123', 100, NULL, NULL, NULL),
(8, 'UI', '3120012654312', 200, '1993-09-19', NULL, NULL, NULL, NULL, NULL, NULL, 'UI@gmail.com', 'Ui190936', 200, NULL, NULL, NULL),
(9, 'JA', '7213541569586', 100, '1994-03-26', NULL, NULL, NULL, NULL, NULL, NULL, 'Ja@gmail.com', 'Ja260337', 100, NULL, NULL, NULL),
(10, 'ดาด้า ใจดี', '5213658451234', 200, '1447-07-11', '0821302569', 12, 263, NULL, NULL, NULL, 'Dada@gmail.com', 'Da147258', 100, 'นครราชสีมา', 'เมือง', 'ในเมือง'),
(11, 'fang', '5613135461203', 200, '1995-01-25', NULL, NULL, NULL, NULL, NULL, NULL, 'samatcha.kukkik@hotmail.com', 'YIhoik145160', 100, NULL, NULL, NULL);

-- --------------------------------------------------------

--
-- Table structure for table `project`
--

CREATE TABLE `project` (
  `ID` int NOT NULL,
  `projectName` varchar(255) CHARACTER SET utf8 COLLATE utf8_unicode_ci NOT NULL
) ENGINE=InnoDB DEFAULT CHARSET=utf8 COLLATE=utf8_unicode_ci;

--
-- Dumping data for table `project`
--

INSERT INTO `project` (`ID`, `projectName`) VALUES
(10, 'ไม่ขึ้นกับโครงการใด'),
(20, 'GPA'),
(30, 'SWI Organic'),
(40, 'Waxy Crop 5/2 แนวตั้ง'),
(50, 'Waxy Crop 5/2'),
(60, 'การปลูกมัน Waxy Crop 5/2 แนวตั้ง'),
(70, 'การปลูกมัน Waxy Crop 5/2 แนวนอน'),
(80, 'โครงการมันอินทรีย์');

-- --------------------------------------------------------

--
-- Table structure for table `projectand`
--

CREATE TABLE `projectand` (
  `ID` int NOT NULL,
  `dataNow` datetime NOT NULL,
  `proName` varchar(255) CHARACTER SET utf8 COLLATE utf8_unicode_ci NOT NULL,
  `buyMethod` int NOT NULL,
  `detail` varchar(255) CHARACTER SET utf8 COLLATE utf8_unicode_ci DEFAULT NULL,
  `manuStandards` int DEFAULT NULL
) ENGINE=InnoDB DEFAULT CHARSET=utf8 COLLATE=utf8_unicode_ci;

--
-- Dumping data for table `projectand`
--

INSERT INTO `projectand` (`ID`, `dataNow`, `proName`, `buyMethod`, `detail`, `manuStandards`) VALUES
(1, '2021-04-26 11:19:21', 'op', 10, 'บาบร่าบลา', 10),
(2, '2021-04-26 11:20:55', 'pipi', 10, 'ดาด่าด้า', 10),
(3, '2021-04-26 11:22:32', 'yy', 10, 'ไถนา', 10),
(4, '2021-04-26 11:33:06', 'rr', 30, 'ดาด่าด้า', 30),
(5, '2021-04-26 14:35:48', 'tt', 10, 'ไถนา', 20),
(6, '2021-06-04 09:57:53', 'haha', 10, NULL, NULL);

-- --------------------------------------------------------

--
-- Table structure for table `province`
--

CREATE TABLE `province` (
  `provinceID` int NOT NULL,
  `provinceName` varchar(100) CHARACTER SET utf8 COLLATE utf8_unicode_ci NOT NULL
) ENGINE=InnoDB DEFAULT CHARSET=utf8 COLLATE=utf8_unicode_ci;

--
-- Dumping data for table `province`
--

INSERT INTO `province` (`provinceID`, `provinceName`) VALUES
(1, 'กระบี่'),
(2, 'กรุงเทพมหานคร'),
(3, 'กาญจนบุรี'),
(4, 'กาฬสินธุ์'),
(5, 'กำแพงเพชร'),
(6, 'ขอนแก่น'),
(7, 'จันทบุรี'),
(8, 'ฉะเชิงเทรา'),
(9, 'ชลบุรี'),
(10, 'ชัยนาท'),
(11, 'ชัยภูมิ'),
(12, 'ชุมพร'),
(13, 'เชียงราย'),
(14, 'เชียงใหม่'),
(15, 'ตรัง'),
(16, 'ตราด'),
(17, 'ตาก'),
(18, 'นครนายก'),
(19, 'นครปฐม'),
(20, 'นครพนม'),
(21, 'นครราชสีมา'),
(22, 'นครศรีธรรมราช'),
(23, 'นครสวรรค์'),
(24, 'นนทบุรี'),
(25, 'นราธิวาส'),
(26, 'น่าน'),
(27, 'บึงกาฬ'),
(28, 'บุรีรัมย์'),
(29, 'ปทุมธานี'),
(30, 'ประจวบคีรีขันธ์'),
(31, 'ปราจีนบุรี'),
(32, 'ปัตตานี'),
(33, 'พระนครศรีอยุธยา'),
(34, 'พะเยา'),
(35, 'พังงา'),
(36, 'พัทลุง'),
(37, 'พิจิตร'),
(38, 'พิษณุโลก'),
(39, 'เพชรบุรี'),
(40, 'เพชรบูรณ์'),
(41, 'แพร่'),
(42, 'ภูเก็ต'),
(43, 'มหาสารคาม'),
(44, 'มุกดาหาร'),
(45, 'แม่ฮ่องสอน'),
(46, 'ยโสธร'),
(47, 'ยะลา'),
(48, 'ร้อยเอ็ด'),
(49, 'ระนอง'),
(50, 'ระยอง'),
(51, 'ราชบุรี'),
(52, 'ลพบุรี'),
(53, 'ลำปาง'),
(54, 'ลำพูน'),
(55, 'เลย'),
(56, 'ศรีสะเกษ'),
(57, 'สกลนคร'),
(58, 'สงขลา'),
(59, 'สตูล'),
(60, 'สมุทรปราการ'),
(61, 'สมุทรสงคราม'),
(62, 'สมุทรสาคร'),
(63, 'สระแก้ว'),
(64, 'สระบุรี'),
(65, 'สิงห์บุรี'),
(66, 'สุโขทัย'),
(67, 'สุพรรณบุรี'),
(68, 'สุราษฎร์ธานี'),
(69, 'สุรินทร์'),
(70, 'หนองคาย'),
(71, 'หนองบัวลำภู'),
(72, 'อ่างทอง'),
(73, 'อำนาจเจริญ'),
(74, 'อุดรธานี'),
(75, 'อุตรดิตถ์'),
(76, 'อุทัยธานี'),
(77, 'อุบลราชธานี');

-- --------------------------------------------------------

--
-- Table structure for table `register`
--

CREATE TABLE `register` (
  `ID` int NOT NULL,
  `name` varchar(100) CHARACTER SET utf8 COLLATE utf8_unicode_ci NOT NULL,
  `registerID` varchar(20) CHARACTER SET utf8 COLLATE utf8_unicode_ci DEFAULT NULL,
  `cardID` varchar(13) CHARACTER SET utf8 COLLATE utf8_unicode_ci DEFAULT NULL,
  `gender` int DEFAULT NULL,
  `birthday` date DEFAULT NULL,
  `tel` int NOT NULL,
  `email` varchar(100) CHARACTER SET utf8 COLLATE utf8_unicode_ci DEFAULT NULL,
  `family` int DEFAULT NULL,
  `no` int DEFAULT NULL,
  `moo` int DEFAULT NULL,
  `road` varchar(100) CHARACTER SET utf8 COLLATE utf8_unicode_ci DEFAULT NULL,
  `province` int DEFAULT NULL,
  `ampher` int DEFAULT NULL,
  `district` int DEFAULT NULL,
  `comment` varchar(255) CHARACTER SET utf8 COLLATE utf8_unicode_ci DEFAULT NULL,
  `farmer_img` varchar(100) CHARACTER SET utf8 COLLATE utf8_unicode_ci DEFAULT NULL,
  `card_img` varchar(100) CHARACTER SET utf8 COLLATE utf8_unicode_ci DEFAULT NULL,
  `bank` int DEFAULT NULL,
  `status` int DEFAULT NULL,
  `active` int DEFAULT NULL,
  `dateUpdate` datetime NOT NULL,
  `adminBy` varchar(100) CHARACTER SET utf8 COLLATE utf8_unicode_ci NOT NULL,
  `provinceStr` varchar(100) CHARACTER SET utf8 COLLATE utf8_unicode_ci DEFAULT NULL,
  `ampherStr` varchar(100) CHARACTER SET utf8 COLLATE utf8_unicode_ci DEFAULT NULL,
  `districtStr` varchar(100) CHARACTER SET utf8 COLLATE utf8_unicode_ci DEFAULT NULL
) ENGINE=InnoDB DEFAULT CHARSET=utf8 COLLATE=utf8_unicode_ci;

--
-- Dumping data for table `register`
--

INSERT INTO `register` (`ID`, `name`, `registerID`, `cardID`, `gender`, `birthday`, `tel`, `email`, `family`, `no`, `moo`, `road`, `province`, `ampher`, `district`, `comment`, `farmer_img`, `card_img`, `bank`, `status`, `active`, `dateUpdate`, `adminBy`, `provinceStr`, `ampherStr`, `districtStr`) VALUES
(1, 'วาวา ปาร์ค', '1597531230', '3121262541020', 200, '1991-10-23', 845623020, 'Wawa01@gmail.com', 200, 2, 2, '-', NULL, NULL, NULL, NULL, 'anime6.png', 'emilyz.jpg', 2, NULL, NULL, '2021-06-02 10:17:56', 'Dada@gmail.com', 'นครราชสีมา', 'เมือง', 'ในเมือง'),
(2, 'ธงชาติ ธรรมรงค์', '7777777', '1523012695412', 100, '1992-06-10', 962315201, 'Bank@hotmail.com', 100, 132, 6, '-', NULL, NULL, NULL, NULL, NULL, NULL, 22, NULL, NULL, '2021-05-25 17:38:11', 'admin', 'นครราชสีมา', 'เมือง', 'โคกกครวด'),
(3, 'sava gee', '223366', '1423625120103', NULL, '1990-06-12', 635948123, 'adBA@hotmail.com', NULL, 36, 6, 'เจริญ', NULL, NULL, NULL, NULL, NULL, NULL, 1, NULL, NULL, '2021-06-04 16:16:59', 'Dada@gmail.com', 'นครราชสีมา', 'เมือง', 'บ้านใหม่'),
(4, 'เอก นามเอก', '171816', '2464645152154', 100, '1448-12-26', 652195423, 'Aone@hotmail.com', NULL, NULL, NULL, NULL, NULL, NULL, NULL, NULL, NULL, NULL, 2, NULL, NULL, '2021-06-07 10:24:02', '', NULL, NULL, NULL),
(5, 'ศิวกร', '1112', '1234854614822', 100, '1993-06-01', 695320123, 'test@gmail.com', 200, NULL, NULL, NULL, NULL, NULL, NULL, NULL, 'default-avatar.png', 'mike.jpg', 20, NULL, NULL, '2021-06-02 10:04:36', 'Dada@gmail.com', NULL, NULL, NULL),
(6, 'ญาฎา กฤตศิริ', NULL, NULL, NULL, NULL, 0, NULL, NULL, NULL, NULL, NULL, 1, NULL, NULL, NULL, NULL, NULL, 13, NULL, NULL, '2021-01-25 15:00:53', '', NULL, NULL, NULL),
(7, 'ฟารีน่า ดาหร่า', '189634', '7616653798989', NULL, NULL, 0, 'Fa@hotmail.com', NULL, NULL, NULL, NULL, NULL, NULL, NULL, NULL, NULL, NULL, 3, NULL, NULL, '2021-06-04 15:39:56', 'Dada@gmail.com', NULL, NULL, NULL),
(8, 'ภาคิณ สุขฤรินท์', '1646322315', '3152956402103', 100, NULL, 956231568, NULL, NULL, NULL, NULL, NULL, NULL, NULL, NULL, NULL, 'mike.jpg', 'emilyz.jpg', 12, NULL, NULL, '2021-01-29 15:22:39', '', NULL, NULL, NULL),
(9, 'pai', '461796', '1234854614822', 100, '1989-04-27', 0, 'pai@gmail.com', NULL, NULL, NULL, NULL, NULL, NULL, NULL, NULL, NULL, NULL, 4, NULL, NULL, '2021-05-31 15:20:34', 'admin', NULL, NULL, NULL),
(12, 'favi', NULL, NULL, NULL, NULL, 0, NULL, NULL, NULL, NULL, NULL, NULL, NULL, NULL, NULL, 'anime6.png', 'default-avatar.png', 6, NULL, NULL, '2021-01-29 14:03:24', '', NULL, NULL, NULL),
(14, 'vue2', NULL, NULL, NULL, NULL, 0, NULL, NULL, NULL, NULL, NULL, NULL, NULL, NULL, NULL, 'anime6.png', 'emilyz.jpg', 7, NULL, NULL, '2021-01-29 14:19:54', '', NULL, NULL, NULL),
(15, 'vue4', NULL, NULL, NULL, NULL, 0, NULL, NULL, NULL, NULL, NULL, NULL, NULL, NULL, NULL, 'System.Web.HttpPostedFileWrapper', 'apple-touch-icon-60x60.png', 9, NULL, NULL, '2021-01-29 15:03:36', '', NULL, NULL, NULL),
(16, 'news', NULL, NULL, NULL, NULL, 0, NULL, NULL, NULL, NULL, NULL, NULL, NULL, NULL, NULL, 'safari-pinned-tab.svg', 'msapplication-icon-144x144.png', 10, NULL, NULL, '2021-01-29 15:14:28', '', NULL, NULL, NULL),
(17, 'finally', NULL, NULL, NULL, NULL, 0, NULL, NULL, NULL, NULL, NULL, NULL, NULL, NULL, NULL, 'mstile-150x150.png', 'favicon.png', 11, NULL, NULL, '2021-01-29 15:20:36', '', NULL, NULL, NULL),
(19, 'date', NULL, NULL, NULL, '1991-03-11', 0, NULL, NULL, NULL, NULL, NULL, NULL, NULL, NULL, NULL, NULL, NULL, 15, NULL, NULL, '2021-06-16 14:41:31', 'Dada@gmail.com', NULL, NULL, NULL),
(20, 'dt', NULL, NULL, NULL, '1998-03-12', 0, NULL, NULL, NULL, NULL, NULL, NULL, NULL, NULL, NULL, NULL, NULL, 14, NULL, NULL, '2021-02-06 11:04:01', '', NULL, NULL, NULL),
(24, 'papo', '1112', '1234854614822', 200, '1992-05-08', 0, 'Ja@gmail.com', NULL, NULL, NULL, NULL, NULL, NULL, NULL, NULL, NULL, NULL, 21, NULL, NULL, '2021-05-25 11:09:27', '', NULL, NULL, NULL);

-- --------------------------------------------------------

--
-- Table structure for table `registertype`
--

CREATE TABLE `registertype` (
  `typeID` int NOT NULL,
  `typeName` varchar(50) CHARACTER SET utf8 COLLATE utf8_unicode_ci NOT NULL
) ENGINE=InnoDB DEFAULT CHARSET=utf8 COLLATE=utf8_unicode_ci;

--
-- Dumping data for table `registertype`
--

INSERT INTO `registertype` (`typeID`, `typeName`) VALUES
(100, 'เกษตรกร/ผู้ใช้งานทั่วไป'),
(200, 'สหกรณ์/วิสาหกิจ'),
(300, 'บริษัท/โรงงาน');

-- --------------------------------------------------------

--
-- Table structure for table `software`
--

CREATE TABLE `software` (
  `softwareType` int NOT NULL,
  `softwareID` varchar(255) CHARACTER SET utf8 COLLATE utf8_unicode_ci NOT NULL,
  `softwareName` text CHARACTER SET utf8 COLLATE utf8_unicode_ci NOT NULL,
  `detail` varchar(255) CHARACTER SET utf8 COLLATE utf8_unicode_ci DEFAULT NULL,
  `price` int DEFAULT NULL,
  `unitBuy` int NOT NULL,
  `unitUse` int NOT NULL,
  `dateBuy` int DEFAULT NULL,
  `softwareImg` varchar(255) CHARACTER SET utf8 COLLATE utf8_unicode_ci DEFAULT NULL,
  `IDsoft` int NOT NULL
) ENGINE=InnoDB DEFAULT CHARSET=utf8 COLLATE=utf8_unicode_ci;

-- --------------------------------------------------------

--
-- Table structure for table `softwaretype`
--

CREATE TABLE `softwaretype` (
  `IDsoft` int NOT NULL,
  `softType` varchar(255) CHARACTER SET utf8 COLLATE utf8_unicode_ci NOT NULL
) ENGINE=InnoDB DEFAULT CHARSET=utf8 COLLATE=utf8_unicode_ci;

-- --------------------------------------------------------

--
-- Table structure for table `standard`
--

CREATE TABLE `standard` (
  `ID` int NOT NULL,
  `standardName` varchar(255) CHARACTER SET utf8 COLLATE utf8_unicode_ci NOT NULL
) ENGINE=InnoDB DEFAULT CHARSET=utf8 COLLATE=utf8_unicode_ci;

--
-- Dumping data for table `standard`
--

INSERT INTO `standard` (`ID`, `standardName`) VALUES
(10, 'Organic Thailand'),
(20, 'USDA'),
(30, 'GAP');

-- --------------------------------------------------------

--
-- Table structure for table `standardlist`
--

CREATE TABLE `standardlist` (
  `ID` int NOT NULL,
  `list` varchar(255) CHARACTER SET utf8 COLLATE utf8_unicode_ci DEFAULT NULL,
  `fillin` tinyint(1) DEFAULT NULL,
  `img` tinyint(1) DEFAULT NULL,
  `IDpro` int NOT NULL,
  `IDlist` int DEFAULT NULL
) ENGINE=InnoDB DEFAULT CHARSET=utf8 COLLATE=utf8_unicode_ci;

--
-- Dumping data for table `standardlist`
--

INSERT INTO `standardlist` (`ID`, `list`, `fillin`, `img`, `IDpro`, `IDlist`) VALUES
(1, 'ลงดิน', 1, 1, 1, 1),
(2, 'พรวนดิน', 0, 1, 4, 1),
(3, 'เก็บผล', 1, 0, 1, 2),
(4, 'กำจัดแมลง', 1, 1, 3, 1),
(5, 'เตรียมปุ๋ย', 1, 0, 3, 2),
(6, 'พรวนดิน', 0, 1, 1, 3);

-- --------------------------------------------------------

--
-- Table structure for table `staple`
--

CREATE TABLE `staple` (
  `stapleType` int NOT NULL,
  `stapleID` varchar(255) CHARACTER SET utf8 COLLATE utf8_unicode_ci NOT NULL,
  `stapleName` varchar(255) CHARACTER SET utf8 COLLATE utf8_unicode_ci NOT NULL,
  `detail` varchar(255) CHARACTER SET utf8 COLLATE utf8_unicode_ci DEFAULT NULL,
  `price` int DEFAULT NULL,
  `unitBuy` int NOT NULL,
  `unitUse` int NOT NULL,
  `dateBuy` date DEFAULT NULL,
  `stapleImg` varchar(255) CHARACTER SET utf8 COLLATE utf8_unicode_ci DEFAULT NULL,
  `IDstap` int NOT NULL
) ENGINE=InnoDB DEFAULT CHARSET=utf8 COLLATE=utf8_unicode_ci;

--
-- Dumping data for table `staple`
--

INSERT INTO `staple` (`stapleType`, `stapleID`, `stapleName`, `detail`, `price`, `unitBuy`, `unitUse`, `dateBuy`, `stapleImg`, `IDstap`) VALUES
(200, '01', 'paraquat', NULL, 540, 200, 200, '2019-09-01', 'bg5.jpg', 1);

-- --------------------------------------------------------

--
-- Table structure for table `stapletype`
--

CREATE TABLE `stapletype` (
  `stapleID` int NOT NULL,
  `stapleT` varchar(255) CHARACTER SET utf8 COLLATE utf8_unicode_ci NOT NULL
) ENGINE=InnoDB DEFAULT CHARSET=utf8 COLLATE=utf8_unicode_ci;

--
-- Dumping data for table `stapletype`
--

INSERT INTO `stapletype` (`stapleID`, `stapleT`) VALUES
(100, 'ปุ๋ย'),
(200, 'ย่าฆ่าหญ้า'),
(300, 'ยาฆ่าแมลง'),
(400, 'เมล็ดพันธุ์');

-- --------------------------------------------------------

--
-- Table structure for table `status`
--

CREATE TABLE `status` (
  `statusID` int NOT NULL,
  `statusName` varchar(20) CHARACTER SET utf8 COLLATE utf8_unicode_ci NOT NULL
) ENGINE=InnoDB DEFAULT CHARSET=utf8 COLLATE=utf8_unicode_ci;

--
-- Dumping data for table `status`
--

INSERT INTO `status` (`statusID`, `statusName`) VALUES
(100, 'รออนุมัติ'),
(200, 'ผ่านอนุมัติ'),
(300, 'ไม่ผ่านอนุมัติ');

-- --------------------------------------------------------

--
-- Table structure for table `theory`
--

CREATE TABLE `theory` (
  `workProcedure` int NOT NULL,
  `farmingType` varchar(50) CHARACTER SET utf8 COLLATE utf8_unicode_ci NOT NULL,
  `type` varchar(50) CHARACTER SET utf8 COLLATE utf8_unicode_ci NOT NULL,
  `sepecies` varchar(100) CHARACTER SET utf8 COLLATE utf8_unicode_ci NOT NULL,
  `product` varchar(100) CHARACTER SET utf8 COLLATE utf8_unicode_ci NOT NULL,
  `project` int DEFAULT NULL,
  `workName` varchar(100) CHARACTER SET utf8 COLLATE utf8_unicode_ci NOT NULL,
  `access` int NOT NULL,
  `reference` varchar(255) CHARACTER SET utf8 COLLATE utf8_unicode_ci NOT NULL,
  `detail` varchar(255) CHARACTER SET utf8 COLLATE utf8_unicode_ci DEFAULT NULL,
  `dateUpdate` datetime NOT NULL,
  `ID` int NOT NULL
) ENGINE=InnoDB DEFAULT CHARSET=utf8 COLLATE=utf8_unicode_ci;

--
-- Dumping data for table `theory`
--

INSERT INTO `theory` (`workProcedure`, `farmingType`, `type`, `sepecies`, `product`, `project`, `workName`, `access`, `reference`, `detail`, `dateUpdate`, `ID`) VALUES
(102, 'พืช', 'มัน', 'มันสำปะหลัง', 'มันอินทรีย์', 80, 'การปลูกจนถึงเก็บเกี่ยวผลผลิต', 102, 'Organic Thailand', 'เครือข่ายมันอินทรีย์', '2021-05-14 17:43:58', 1),
(101, 'พืช', 'มัน', 'มันสำปะหลัง', 'มันอินทรีย์', 80, 'การปลูกจนถึงเก็บเกี่ยวผลผลิต2', 102, 'Organic Thailand', 'เครือข่ายมันอินทรีย์', '2021-06-04 09:21:07', 2),
(103, 'พืช', 'มัน', 'มันสำปะหลัง(อินทรีย์)', 'โครงการมันอินทรีย์', 10, 'การปลูกมันสำประหลังอินทรีย์', 101, 'Organic Thailand', 'ติดตามเครือข่ายมันอินทรีย์ ภายในจังหวัดนครราชสีมา', '2021-05-28 10:28:35', 3),
(101, 'พืช', 'ข้าวโพด', 'เหนียวม่วง', 'ข้าวโพดเหนียวสีม่วง', NULL, 'การปลูกข้าวโพด', 101, 'Organic Thailand', NULL, '2021-06-04 10:04:14', 4);

-- --------------------------------------------------------

--
-- Table structure for table `theorytype`
--

CREATE TABLE `theorytype` (
  `theoryID` int NOT NULL,
  `theoryName` varchar(100) CHARACTER SET utf8 COLLATE utf8_unicode_ci NOT NULL
) ENGINE=InnoDB DEFAULT CHARSET=utf8 COLLATE=utf8_unicode_ci;

--
-- Dumping data for table `theorytype`
--

INSERT INTO `theorytype` (`theoryID`, `theoryName`) VALUES
(101, 'Crop'),
(102, 'Non Crop'),
(103, 'ดูแลและเก็บเกี่ยว');

-- --------------------------------------------------------

--
-- Table structure for table `typeownership`
--

CREATE TABLE `typeownership` (
  `ID` int NOT NULL,
  `ownership` varchar(100) CHARACTER SET utf8 COLLATE utf8_unicode_ci NOT NULL
) ENGINE=InnoDB DEFAULT CHARSET=utf8 COLLATE=utf8_unicode_ci;

--
-- Dumping data for table `typeownership`
--

INSERT INTO `typeownership` (`ID`, `ownership`) VALUES
(100, 'เช่า'),
(200, 'เจ้าของ');

-- --------------------------------------------------------

--
-- Table structure for table `unit`
--

CREATE TABLE `unit` (
  `unitID` int NOT NULL,
  `unitName` varchar(50) CHARACTER SET utf8 COLLATE utf8_unicode_ci NOT NULL
) ENGINE=InnoDB DEFAULT CHARSET=utf8 COLLATE=utf8_unicode_ci;

--
-- Dumping data for table `unit`
--

INSERT INTO `unit` (`unitID`, `unitName`) VALUES
(100, 'ซอง'),
(200, 'ขวด'),
(300, 'คัน'),
(400, 'ถุง'),
(500, 'ลัง'),
(600, 'ชิ้น'),
(700, 'อัน');

-- --------------------------------------------------------

--
-- Table structure for table `vehicle`
--

CREATE TABLE `vehicle` (
  `vehicleType` int NOT NULL,
  `vehicleID` varchar(255) CHARACTER SET utf8 COLLATE utf8_unicode_ci NOT NULL,
  `vehicleName` varchar(255) CHARACTER SET utf8 COLLATE utf8_unicode_ci NOT NULL,
  `detail` varchar(255) CHARACTER SET utf8 COLLATE utf8_unicode_ci DEFAULT NULL,
  `price` int DEFAULT NULL,
  `unitBuy` int NOT NULL,
  `unitUse` int NOT NULL,
  `dateBuy` date DEFAULT NULL,
  `workTime` int DEFAULT NULL,
  `fuel` int DEFAULT NULL,
  `energy` int DEFAULT NULL,
  `vehicleImg` varchar(255) CHARACTER SET utf8 COLLATE utf8_unicode_ci DEFAULT NULL,
  `IDve` int NOT NULL
) ENGINE=InnoDB DEFAULT CHARSET=utf8 COLLATE=utf8_unicode_ci;

--
-- Dumping data for table `vehicle`
--

INSERT INTO `vehicle` (`vehicleType`, `vehicleID`, `vehicleName`, `detail`, `price`, `unitBuy`, `unitUse`, `dateBuy`, `workTime`, `fuel`, `energy`, `vehicleImg`, `IDve`) VALUES
(600, 'G-09', 'รถไถ', 'ใช้งานในไร่', 500000, 300, 300, '2003-01-11', 10, 20, 200, 'apple-icon.png', 1),
(600, 'G-10', 'รถไถ', 'ใช้งานในไร่', 600000, 300, 300, '2019-09-02', 10, 20, 200, 'img_3115.jpg', 2);

-- --------------------------------------------------------

--
-- Table structure for table `vehicletype`
--

CREATE TABLE `vehicletype` (
  `vehicleID` int NOT NULL,
  `vehicleT` varchar(100) CHARACTER SET utf8 COLLATE utf8_unicode_ci NOT NULL
) ENGINE=InnoDB DEFAULT CHARSET=utf8 COLLATE=utf8_unicode_ci;

--
-- Dumping data for table `vehicletype`
--

INSERT INTO `vehicletype` (`vehicleID`, `vehicleT`) VALUES
(100, 'รถกระบะ'),
(200, 'รถบรรทุก'),
(300, 'รถพ่วง'),
(400, 'รถมอเตอร์ไซต์'),
(500, 'รถหัวลาก'),
(600, 'รถไถ');

--
-- Indexes for dumped tables
--

--
-- Indexes for table `access`
--
ALTER TABLE `access`
  ADD PRIMARY KEY (`accessID`);

--
-- Indexes for table `active`
--
ALTER TABLE `active`
  ADD PRIMARY KEY (`activeID`);

--
-- Indexes for table `activity`
--
ALTER TABLE `activity`
  ADD PRIMARY KEY (`ID`),
  ADD KEY `plan` (`plan`);

--
-- Indexes for table `ampher`
--
ALTER TABLE `ampher`
  ADD PRIMARY KEY (`ampherID`),
  ADD KEY `proID` (`proID`);

--
-- Indexes for table `bank`
--
ALTER TABLE `bank`
  ADD PRIMARY KEY (`ID`);

--
-- Indexes for table `bankuser`
--
ALTER TABLE `bankuser`
  ADD PRIMARY KEY (`ID`),
  ADD KEY `bankID` (`bankID`);

--
-- Indexes for table `buymethod`
--
ALTER TABLE `buymethod`
  ADD PRIMARY KEY (`ID`);

--
-- Indexes for table `district`
--
ALTER TABLE `district`
  ADD PRIMARY KEY (`districtID`),
  ADD KEY `amID` (`amID`),
  ADD KEY `proID` (`proID`);

--
-- Indexes for table `energy`
--
ALTER TABLE `energy`
  ADD PRIMARY KEY (`energyID`);

--
-- Indexes for table `equipment`
--
ALTER TABLE `equipment`
  ADD PRIMARY KEY (`IDequip`) USING BTREE,
  ADD KEY `equipmentType` (`equipmentType`),
  ADD KEY `unitBuy` (`unitBuy`),
  ADD KEY `unitUse` (`unitUse`),
  ADD KEY `energy` (`energy`);

--
-- Indexes for table `equipmenttype`
--
ALTER TABLE `equipmenttype`
  ADD PRIMARY KEY (`equipmentID`);

--
-- Indexes for table `family`
--
ALTER TABLE `family`
  ADD PRIMARY KEY (`familyID`);

--
-- Indexes for table `fuel`
--
ALTER TABLE `fuel`
  ADD PRIMARY KEY (`IDfule`),
  ADD KEY `fuelType` (`fuelType`),
  ADD KEY `unitBuy` (`unitBuy`),
  ADD KEY `unitUse` (`unitUse`);

--
-- Indexes for table `fueltype`
--
ALTER TABLE `fueltype`
  ADD PRIMARY KEY (`fuelID`);

--
-- Indexes for table `gender`
--
ALTER TABLE `gender`
  ADD PRIMARY KEY (`genderID`);

--
-- Indexes for table `labor`
--
ALTER TABLE `labor`
  ADD PRIMARY KEY (`IDlab`),
  ADD KEY `laborType` (`laborType`),
  ADD KEY `position` (`position`);

--
-- Indexes for table `labortype`
--
ALTER TABLE `labortype`
  ADD PRIMARY KEY (`laborID`);

--
-- Indexes for table `landplot`
--
ALTER TABLE `landplot`
  ADD PRIMARY KEY (`ID`),
  ADD KEY `district` (`district`),
  ADD KEY `ampher` (`ampher`),
  ADD KEY `province` (`province`),
  ADD KEY `typeOwnership` (`typeOwnership`),
  ADD KEY `license` (`license`),
  ADD KEY `projectName` (`projectName`),
  ADD KEY `farmerName` (`farmerName`),
  ADD KEY `plotStatus` (`plotStatus`) USING BTREE,
  ADD KEY `buyMethod` (`buyMethod`);

--
-- Indexes for table `license`
--
ALTER TABLE `license`
  ADD PRIMARY KEY (`ID`);

--
-- Indexes for table `login`
--
ALTER TABLE `login`
  ADD PRIMARY KEY (`ID`);

--
-- Indexes for table `machine`
--
ALTER TABLE `machine`
  ADD PRIMARY KEY (`IDmac`) USING BTREE,
  ADD KEY `machineType` (`machineType`),
  ADD KEY `unitBuy` (`unitBuy`),
  ADD KEY `unitUse` (`unitUse`),
  ADD KEY `energy` (`energy`);

--
-- Indexes for table `machinetype`
--
ALTER TABLE `machinetype`
  ADD PRIMARY KEY (`machineID`);

--
-- Indexes for table `position`
--
ALTER TABLE `position`
  ADD PRIMARY KEY (`positionID`);

--
-- Indexes for table `profile`
--
ALTER TABLE `profile`
  ADD PRIMARY KEY (`ID`),
  ADD KEY `gender` (`gender`),
  ADD KEY `provinec` (`province`),
  ADD KEY `ampher` (`ampher`),
  ADD KEY `district` (`district`),
  ADD KEY `registerType` (`registerType`);

--
-- Indexes for table `project`
--
ALTER TABLE `project`
  ADD PRIMARY KEY (`ID`);

--
-- Indexes for table `projectand`
--
ALTER TABLE `projectand`
  ADD PRIMARY KEY (`ID`),
  ADD KEY `buyMethod` (`buyMethod`),
  ADD KEY `manuStandards` (`manuStandards`);

--
-- Indexes for table `province`
--
ALTER TABLE `province`
  ADD PRIMARY KEY (`provinceID`);

--
-- Indexes for table `register`
--
ALTER TABLE `register`
  ADD PRIMARY KEY (`ID`),
  ADD KEY `gender` (`gender`),
  ADD KEY `province` (`province`),
  ADD KEY `ampher` (`ampher`),
  ADD KEY `district` (`district`),
  ADD KEY `bank` (`bank`),
  ADD KEY `status` (`status`),
  ADD KEY `family` (`family`),
  ADD KEY `active` (`active`);

--
-- Indexes for table `registertype`
--
ALTER TABLE `registertype`
  ADD PRIMARY KEY (`typeID`);

--
-- Indexes for table `software`
--
ALTER TABLE `software`
  ADD PRIMARY KEY (`IDsoft`),
  ADD KEY `softwareType` (`softwareType`),
  ADD KEY `unitBuy` (`unitBuy`),
  ADD KEY `unitUse` (`unitUse`);

--
-- Indexes for table `softwaretype`
--
ALTER TABLE `softwaretype`
  ADD PRIMARY KEY (`IDsoft`);

--
-- Indexes for table `standard`
--
ALTER TABLE `standard`
  ADD PRIMARY KEY (`ID`);

--
-- Indexes for table `standardlist`
--
ALTER TABLE `standardlist`
  ADD PRIMARY KEY (`ID`),
  ADD KEY `IDpro` (`IDpro`);

--
-- Indexes for table `staple`
--
ALTER TABLE `staple`
  ADD PRIMARY KEY (`IDstap`),
  ADD KEY `stapleType` (`stapleType`),
  ADD KEY `unitBuy` (`unitBuy`),
  ADD KEY `unitUse` (`unitUse`);

--
-- Indexes for table `stapletype`
--
ALTER TABLE `stapletype`
  ADD PRIMARY KEY (`stapleID`);

--
-- Indexes for table `status`
--
ALTER TABLE `status`
  ADD PRIMARY KEY (`statusID`);

--
-- Indexes for table `theory`
--
ALTER TABLE `theory`
  ADD PRIMARY KEY (`ID`),
  ADD KEY `workProcedure` (`workProcedure`),
  ADD KEY `project` (`project`),
  ADD KEY `access` (`access`);

--
-- Indexes for table `theorytype`
--
ALTER TABLE `theorytype`
  ADD PRIMARY KEY (`theoryID`);

--
-- Indexes for table `typeownership`
--
ALTER TABLE `typeownership`
  ADD PRIMARY KEY (`ID`);

--
-- Indexes for table `unit`
--
ALTER TABLE `unit`
  ADD PRIMARY KEY (`unitID`);

--
-- Indexes for table `vehicle`
--
ALTER TABLE `vehicle`
  ADD PRIMARY KEY (`IDve`),
  ADD KEY `vehicleType` (`vehicleType`),
  ADD KEY `unitBuy` (`unitBuy`),
  ADD KEY `unitUse` (`unitUse`),
  ADD KEY `energy` (`energy`);

--
-- Indexes for table `vehicletype`
--
ALTER TABLE `vehicletype`
  ADD PRIMARY KEY (`vehicleID`);

--
-- AUTO_INCREMENT for dumped tables
--

--
-- AUTO_INCREMENT for table `activity`
--
ALTER TABLE `activity`
  MODIFY `ID` int NOT NULL AUTO_INCREMENT, AUTO_INCREMENT=4;

--
-- AUTO_INCREMENT for table `bank`
--
ALTER TABLE `bank`
  MODIFY `ID` int NOT NULL AUTO_INCREMENT, AUTO_INCREMENT=178;

--
-- AUTO_INCREMENT for table `bankuser`
--
ALTER TABLE `bankuser`
  MODIFY `ID` int NOT NULL AUTO_INCREMENT, AUTO_INCREMENT=30;

--
-- AUTO_INCREMENT for table `buymethod`
--
ALTER TABLE `buymethod`
  MODIFY `ID` int NOT NULL AUTO_INCREMENT, AUTO_INCREMENT=41;

--
-- AUTO_INCREMENT for table `energy`
--
ALTER TABLE `energy`
  MODIFY `energyID` int NOT NULL AUTO_INCREMENT, AUTO_INCREMENT=301;

--
-- AUTO_INCREMENT for table `equipment`
--
ALTER TABLE `equipment`
  MODIFY `IDequip` int NOT NULL AUTO_INCREMENT;

--
-- AUTO_INCREMENT for table `fuel`
--
ALTER TABLE `fuel`
  MODIFY `IDfule` int NOT NULL AUTO_INCREMENT;

--
-- AUTO_INCREMENT for table `labor`
--
ALTER TABLE `labor`
  MODIFY `IDlab` int NOT NULL AUTO_INCREMENT;

--
-- AUTO_INCREMENT for table `landplot`
--
ALTER TABLE `landplot`
  MODIFY `ID` int NOT NULL AUTO_INCREMENT, AUTO_INCREMENT=9;

--
-- AUTO_INCREMENT for table `license`
--
ALTER TABLE `license`
  MODIFY `ID` int NOT NULL AUTO_INCREMENT, AUTO_INCREMENT=25;

--
-- AUTO_INCREMENT for table `login`
--
ALTER TABLE `login`
  MODIFY `ID` int NOT NULL AUTO_INCREMENT, AUTO_INCREMENT=13;

--
-- AUTO_INCREMENT for table `machine`
--
ALTER TABLE `machine`
  MODIFY `IDmac` int NOT NULL AUTO_INCREMENT;

--
-- AUTO_INCREMENT for table `machinetype`
--
ALTER TABLE `machinetype`
  MODIFY `machineID` int NOT NULL AUTO_INCREMENT, AUTO_INCREMENT=401;

--
-- AUTO_INCREMENT for table `profile`
--
ALTER TABLE `profile`
  MODIFY `ID` int NOT NULL AUTO_INCREMENT, AUTO_INCREMENT=12;

--
-- AUTO_INCREMENT for table `project`
--
ALTER TABLE `project`
  MODIFY `ID` int NOT NULL AUTO_INCREMENT, AUTO_INCREMENT=91;

--
-- AUTO_INCREMENT for table `projectand`
--
ALTER TABLE `projectand`
  MODIFY `ID` int NOT NULL AUTO_INCREMENT, AUTO_INCREMENT=9;

--
-- AUTO_INCREMENT for table `register`
--
ALTER TABLE `register`
  MODIFY `ID` int NOT NULL AUTO_INCREMENT, AUTO_INCREMENT=25;

--
-- AUTO_INCREMENT for table `software`
--
ALTER TABLE `software`
  MODIFY `IDsoft` int NOT NULL AUTO_INCREMENT;

--
-- AUTO_INCREMENT for table `standardlist`
--
ALTER TABLE `standardlist`
  MODIFY `ID` int NOT NULL AUTO_INCREMENT, AUTO_INCREMENT=7;

--
-- AUTO_INCREMENT for table `staple`
--
ALTER TABLE `staple`
  MODIFY `IDstap` int NOT NULL AUTO_INCREMENT, AUTO_INCREMENT=2;

--
-- AUTO_INCREMENT for table `theory`
--
ALTER TABLE `theory`
  MODIFY `ID` int NOT NULL AUTO_INCREMENT, AUTO_INCREMENT=5;

--
-- AUTO_INCREMENT for table `typeownership`
--
ALTER TABLE `typeownership`
  MODIFY `ID` int NOT NULL AUTO_INCREMENT, AUTO_INCREMENT=201;

--
-- AUTO_INCREMENT for table `unit`
--
ALTER TABLE `unit`
  MODIFY `unitID` int NOT NULL AUTO_INCREMENT, AUTO_INCREMENT=701;

--
-- AUTO_INCREMENT for table `vehicle`
--
ALTER TABLE `vehicle`
  MODIFY `IDve` int NOT NULL AUTO_INCREMENT, AUTO_INCREMENT=3;

--
-- AUTO_INCREMENT for table `vehicletype`
--
ALTER TABLE `vehicletype`
  MODIFY `vehicleID` int NOT NULL AUTO_INCREMENT, AUTO_INCREMENT=601;

--
-- Constraints for dumped tables
--

--
-- Constraints for table `activity`
--
ALTER TABLE `activity`
  ADD CONSTRAINT `activity_ibfk_1` FOREIGN KEY (`plan`) REFERENCES `theory` (`ID`);

--
-- Constraints for table `ampher`
--
ALTER TABLE `ampher`
  ADD CONSTRAINT `ampher_ibfk_2` FOREIGN KEY (`proID`) REFERENCES `province` (`provinceID`);

--
-- Constraints for table `bankuser`
--
ALTER TABLE `bankuser`
  ADD CONSTRAINT `bankuser_ibfk_1` FOREIGN KEY (`bankID`) REFERENCES `bank` (`ID`);

--
-- Constraints for table `district`
--
ALTER TABLE `district`
  ADD CONSTRAINT `district_ibfk_1` FOREIGN KEY (`amID`) REFERENCES `ampher` (`ampherID`),
  ADD CONSTRAINT `district_ibfk_2` FOREIGN KEY (`proID`) REFERENCES `province` (`provinceID`);

--
-- Constraints for table `equipment`
--
ALTER TABLE `equipment`
  ADD CONSTRAINT `equipment_ibfk_1` FOREIGN KEY (`equipmentType`) REFERENCES `equipmenttype` (`equipmentID`),
  ADD CONSTRAINT `equipment_ibfk_2` FOREIGN KEY (`energy`) REFERENCES `energy` (`energyID`),
  ADD CONSTRAINT `equipment_ibfk_3` FOREIGN KEY (`unitBuy`) REFERENCES `unit` (`unitID`),
  ADD CONSTRAINT `equipment_ibfk_4` FOREIGN KEY (`unitUse`) REFERENCES `unit` (`unitID`);

--
-- Constraints for table `fuel`
--
ALTER TABLE `fuel`
  ADD CONSTRAINT `fuel_ibfk_1` FOREIGN KEY (`fuelType`) REFERENCES `fueltype` (`fuelID`),
  ADD CONSTRAINT `fuel_ibfk_2` FOREIGN KEY (`unitBuy`) REFERENCES `unit` (`unitID`),
  ADD CONSTRAINT `fuel_ibfk_3` FOREIGN KEY (`unitUse`) REFERENCES `unit` (`unitID`);

--
-- Constraints for table `labor`
--
ALTER TABLE `labor`
  ADD CONSTRAINT `labor_ibfk_1` FOREIGN KEY (`laborType`) REFERENCES `labortype` (`laborID`),
  ADD CONSTRAINT `labor_ibfk_2` FOREIGN KEY (`position`) REFERENCES `position` (`positionID`);

--
-- Constraints for table `landplot`
--
ALTER TABLE `landplot`
  ADD CONSTRAINT `landplot_ibfk_1` FOREIGN KEY (`license`) REFERENCES `license` (`ID`),
  ADD CONSTRAINT `landplot_ibfk_10` FOREIGN KEY (`buyMethod`) REFERENCES `buymethod` (`ID`),
  ADD CONSTRAINT `landplot_ibfk_2` FOREIGN KEY (`typeOwnership`) REFERENCES `typeownership` (`ID`),
  ADD CONSTRAINT `landplot_ibfk_3` FOREIGN KEY (`province`) REFERENCES `province` (`provinceID`),
  ADD CONSTRAINT `landplot_ibfk_5` FOREIGN KEY (`ampher`) REFERENCES `ampher` (`ampherID`),
  ADD CONSTRAINT `landplot_ibfk_6` FOREIGN KEY (`district`) REFERENCES `district` (`districtID`),
  ADD CONSTRAINT `landplot_ibfk_7` FOREIGN KEY (`projectName`) REFERENCES `project` (`ID`),
  ADD CONSTRAINT `landplot_ibfk_8` FOREIGN KEY (`plotStatus`) REFERENCES `status` (`statusID`),
  ADD CONSTRAINT `landplot_ibfk_9` FOREIGN KEY (`farmerName`) REFERENCES `register` (`ID`);

--
-- Constraints for table `machine`
--
ALTER TABLE `machine`
  ADD CONSTRAINT `machine_ibfk_1` FOREIGN KEY (`machineType`) REFERENCES `machinetype` (`machineID`),
  ADD CONSTRAINT `machine_ibfk_2` FOREIGN KEY (`energy`) REFERENCES `energy` (`energyID`),
  ADD CONSTRAINT `machine_ibfk_3` FOREIGN KEY (`unitBuy`) REFERENCES `unit` (`unitID`),
  ADD CONSTRAINT `machine_ibfk_4` FOREIGN KEY (`unitUse`) REFERENCES `unit` (`unitID`);

--
-- Constraints for table `profile`
--
ALTER TABLE `profile`
  ADD CONSTRAINT `profile_ibfk_1` FOREIGN KEY (`registerType`) REFERENCES `registertype` (`typeID`),
  ADD CONSTRAINT `profile_ibfk_2` FOREIGN KEY (`province`) REFERENCES `province` (`provinceID`),
  ADD CONSTRAINT `profile_ibfk_3` FOREIGN KEY (`district`) REFERENCES `district` (`districtID`),
  ADD CONSTRAINT `profile_ibfk_4` FOREIGN KEY (`gender`) REFERENCES `gender` (`genderID`),
  ADD CONSTRAINT `profile_ibfk_5` FOREIGN KEY (`ampher`) REFERENCES `ampher` (`ampherID`);

--
-- Constraints for table `projectand`
--
ALTER TABLE `projectand`
  ADD CONSTRAINT `projectand_ibfk_1` FOREIGN KEY (`manuStandards`) REFERENCES `standard` (`ID`),
  ADD CONSTRAINT `projectand_ibfk_2` FOREIGN KEY (`buyMethod`) REFERENCES `buymethod` (`ID`);

--
-- Constraints for table `register`
--
ALTER TABLE `register`
  ADD CONSTRAINT `register_ibfk_1` FOREIGN KEY (`family`) REFERENCES `family` (`familyID`),
  ADD CONSTRAINT `register_ibfk_10` FOREIGN KEY (`status`) REFERENCES `status` (`statusID`),
  ADD CONSTRAINT `register_ibfk_11` FOREIGN KEY (`active`) REFERENCES `active` (`activeID`),
  ADD CONSTRAINT `register_ibfk_2` FOREIGN KEY (`province`) REFERENCES `province` (`provinceID`),
  ADD CONSTRAINT `register_ibfk_5` FOREIGN KEY (`district`) REFERENCES `district` (`districtID`),
  ADD CONSTRAINT `register_ibfk_7` FOREIGN KEY (`ampher`) REFERENCES `ampher` (`ampherID`),
  ADD CONSTRAINT `register_ibfk_8` FOREIGN KEY (`bank`) REFERENCES `bankuser` (`ID`),
  ADD CONSTRAINT `register_ibfk_9` FOREIGN KEY (`gender`) REFERENCES `gender` (`genderID`);

--
-- Constraints for table `software`
--
ALTER TABLE `software`
  ADD CONSTRAINT `software_ibfk_1` FOREIGN KEY (`unitBuy`) REFERENCES `unit` (`unitID`),
  ADD CONSTRAINT `software_ibfk_2` FOREIGN KEY (`unitUse`) REFERENCES `unit` (`unitID`),
  ADD CONSTRAINT `software_ibfk_3` FOREIGN KEY (`softwareType`) REFERENCES `softwaretype` (`IDsoft`);

--
-- Constraints for table `standardlist`
--
ALTER TABLE `standardlist`
  ADD CONSTRAINT `standardlist_ibfk_1` FOREIGN KEY (`IDpro`) REFERENCES `projectand` (`ID`);

--
-- Constraints for table `staple`
--
ALTER TABLE `staple`
  ADD CONSTRAINT `staple_ibfk_1` FOREIGN KEY (`stapleType`) REFERENCES `stapletype` (`stapleID`),
  ADD CONSTRAINT `staple_ibfk_2` FOREIGN KEY (`unitBuy`) REFERENCES `unit` (`unitID`),
  ADD CONSTRAINT `staple_ibfk_3` FOREIGN KEY (`unitUse`) REFERENCES `unit` (`unitID`);

--
-- Constraints for table `theory`
--
ALTER TABLE `theory`
  ADD CONSTRAINT `theory_ibfk_1` FOREIGN KEY (`project`) REFERENCES `project` (`ID`),
  ADD CONSTRAINT `theory_ibfk_2` FOREIGN KEY (`workProcedure`) REFERENCES `theorytype` (`theoryID`),
  ADD CONSTRAINT `theory_ibfk_3` FOREIGN KEY (`access`) REFERENCES `access` (`accessID`);

--
-- Constraints for table `vehicle`
--
ALTER TABLE `vehicle`
  ADD CONSTRAINT `vehicle_ibfk_1` FOREIGN KEY (`energy`) REFERENCES `energy` (`energyID`),
  ADD CONSTRAINT `vehicle_ibfk_2` FOREIGN KEY (`unitBuy`) REFERENCES `unit` (`unitID`),
  ADD CONSTRAINT `vehicle_ibfk_3` FOREIGN KEY (`unitUse`) REFERENCES `unit` (`unitID`),
  ADD CONSTRAINT `vehicle_ibfk_4` FOREIGN KEY (`vehicleType`) REFERENCES `vehicletype` (`vehicleID`);
COMMIT;

/*!40101 SET CHARACTER_SET_CLIENT=@OLD_CHARACTER_SET_CLIENT */;
/*!40101 SET CHARACTER_SET_RESULTS=@OLD_CHARACTER_SET_RESULTS */;
/*!40101 SET COLLATION_CONNECTION=@OLD_COLLATION_CONNECTION */;
